[2026-07-30 12:35:08 WRN]
[Veteran Logistics]
[0.1.0]
[Machine: VVSPL1]
[Thread: 2]

User 'admin' with role 'Administrator' is requesting permissions.
[2026-07-30 12:35:08 WRN]
[Veteran Logistics]
[0.1.0]
[Machine: VVSPL1]
[Thread: 2]

User 'admin' with role 'Administrator' has 73 permissions.
[2026-07-30 12:35:08 WRN]
[Veteran Logistics]
[0.1.0]
[Machine: VVSPL1]
[Thread: 2]

User permissions: administration.users.view, administration.users.add, administration.users.edit, administration.users.activate, administration.users.delete, administration.roles.view, administration.roles.add, administration.roles.edit, administration.roles.activate, administration.roles.delete, administration.permissionmatrix.view, administration.permissionmatrix.manage, administration.financialyears.view, administration.financialyears.add, administration.financialyears.edit, administration.financialyears.activate, administration.financialyears.close, masters.companies.view, masters.companies.add, masters.companies.edit, masters.companies.delete, masters.customers.view, masters.customers.add, masters.customers.edit, masters.customers.delete, masters.vendors.view, masters.vendors.add, masters.vendors.edit, masters.vendors.delete, masters.sourcedestinations.view, masters.sourcedestinations.add, masters.sourcedestinations.edit, masters.sourcedestinations.delete, masters.materials.view, masters.materials.add, masters.materials.edit, masters.materials.delete, masters.fuelpumps.view, masters.fuelpumps.add, masters.fuelpumps.edit, masters.fuelpumps.delete, masters.hsdrates.view, masters.hsdrates.add, masters.hsdrates.edit, masters.hsdrates.delete, masters.paymentlocations.view, masters.paymentlocations.add, masters.paymentlocations.edit, masters.paymentlocations.delete, masters.vehicleowners.view, masters.vehicleowners.add, masters.vehicleowners.edit, masters.vehicleowners.delete, masters.vehicleassignments.view, masters.vehicleassignments.add, masters.vehicleassignments.edit, masters.vehicleassignments.delete, drivers.view, drivers.create, drivers.edit, drivers.delete, vehicles.view, vehicles.create, vehicles.edit, vehicles.delete, trips.view, trips.create, trips.edit, trips.delete, dispatches.view, dispatches.create, dispatches.edit, dispatches.delete
[2026-07-30 12:35:08 WRN]
[Veteran Logistics]
[0.1.0]
[Machine: VVSPL1]
[Thread: 2]

User 'admin' with role 'Administrator' is requesting permissions.
[2026-07-30 12:35:08 WRN]
[Veteran Logistics]
[0.1.0]
[Machine: VVSPL1]
[Thread: 2]

User 'admin' with role 'Administrator' has 73 permissions.
[2026-07-30 12:35:08 WRN]
[Veteran Logistics]
[0.1.0]
[Machine: VVSPL1]
[Thread: 2]

User permissions: administration.users.view, administration.users.add, administration.users.edit, administration.users.activate, administration.users.delete, administration.roles.view, administration.roles.add, administration.roles.edit, administration.roles.activate, administration.roles.delete, administration.permissionmatrix.view, administration.permissionmatrix.manage, administration.financialyears.view, administration.financialyears.add, administration.financialyears.edit, administration.financialyears.activate, administration.financialyears.close, masters.companies.view, masters.companies.add, masters.companies.edit, masters.companies.delete, masters.customers.view, masters.customers.add, masters.customers.edit, masters.customers.delete, masters.vendors.view, masters.vendors.add, masters.vendors.edit, masters.vendors.delete, masters.sourcedestinations.view, masters.sourcedestinations.add, masters.sourcedestinations.edit, masters.sourcedestinations.delete, masters.materials.view, masters.materials.add, masters.materials.edit, masters.materials.delete, masters.fuelpumps.view, masters.fuelpumps.add, masters.fuelpumps.edit, masters.fuelpumps.delete, masters.hsdrates.view, masters.hsdrates.add, masters.hsdrates.edit, masters.hsdrates.delete, masters.paymentlocations.view, masters.paymentlocations.add, masters.paymentlocations.edit, masters.paymentlocations.delete, masters.vehicleowners.view, masters.vehicleowners.add, masters.vehicleowners.edit, masters.vehicleowners.delete, masters.vehicleassignments.view, masters.vehicleassignments.add, masters.vehicleassignments.edit, masters.vehicleassignments.delete, drivers.view, drivers.create, drivers.edit, drivers.delete, vehicles.view, vehicles.create, vehicles.edit, vehicles.delete, trips.view, trips.create, trips.edit, trips.delete, dispatches.view, dispatches.create, dispatches.edit, dispatches.delete
[2026-07-30 12:35:08 WRN]
[Veteran Logistics]
[0.1.0]
[Machine: VVSPL1]
[Thread: 2]

User 'admin' with role 'Administrator' is requesting permissions.
[2026-07-30 12:35:08 WRN]
[Veteran Logistics]
[0.1.0]
[Machine: VVSPL1]
[Thread: 2]

User 'admin' with role 'Administrator' has 73 permissions.
[2026-07-30 12:35:08 WRN]
[Veteran Logistics]
[0.1.0]
[Machine: VVSPL1]
[Thread: 2]

User permissions: administration.users.view, administration.users.add, administration.users.edit, administration.users.activate, administration.users.delete, administration.roles.view, administration.roles.add, administration.roles.edit, administration.roles.activate, administration.roles.delete, administration.permissionmatrix.view, administration.permissionmatrix.manage, administration.financialyears.view, administration.financialyears.add, administration.financialyears.edit, administration.financialyears.activate, administration.financialyears.close, masters.companies.view, masters.companies.add, masters.companies.edit, masters.companies.delete, masters.customers.view, masters.customers.add, masters.customers.edit, masters.customers.delete, masters.vendors.view, masters.vendors.add, masters.vendors.edit, masters.vendors.delete, masters.sourcedestinations.view, masters.sourcedestinations.add, masters.sourcedestinations.edit, masters.sourcedestinations.delete, masters.materials.view, masters.materials.add, masters.materials.edit, masters.materials.delete, masters.fuelpumps.view, masters.fuelpumps.add, masters.fuelpumps.edit, masters.fuelpumps.delete, masters.hsdrates.view, masters.hsdrates.add, masters.hsdrates.edit, masters.hsdrates.delete, masters.paymentlocations.view, masters.paymentlocations.add, masters.paymentlocations.edit, masters.paymentlocations.delete, masters.vehicleowners.view, masters.vehicleowners.add, masters.vehicleowners.edit, masters.vehicleowners.delete, masters.vehicleassignments.view, masters.vehicleassignments.add, masters.vehicleassignments.edit, masters.vehicleassignments.delete, drivers.view, drivers.create, drivers.edit, drivers.delete, vehicles.view, vehicles.create, vehicles.edit, vehicles.delete, trips.view, trips.create, trips.edit, trips.delete, dispatches.view, dispatches.create, dispatches.edit, dispatches.delete
[2026-07-30 12:35:08 WRN]
[Veteran Logistics]
[0.1.0]
[Machine: VVSPL1]
[Thread: 2]

User 'admin' with role 'Administrator' is requesting permissions.
[2026-07-30 12:35:08 WRN]
[Veteran Logistics]
[0.1.0]
[Machine: VVSPL1]
[Thread: 2]

User 'admin' with role 'Administrator' has 73 permissions.
[2026-07-30 12:35:08 WRN]
[Veteran Logistics]
[0.1.0]
[Machine: VVSPL1]
[Thread: 2]

User permissions: administration.users.view, administration.users.add, administration.users.edit, administration.users.activate, administration.users.delete, administration.roles.view, administration.roles.add, administration.roles.edit, administration.roles.activate, administration.roles.delete, administration.permissionmatrix.view, administration.permissionmatrix.manage, administration.financialyears.view, administration.financialyears.add, administration.financialyears.edit, administration.financialyears.activate, administration.financialyears.close, masters.companies.view, masters.companies.add, masters.companies.edit, masters.companies.delete, masters.customers.view, masters.customers.add, masters.customers.edit, masters.customers.delete, masters.vendors.view, masters.vendors.add, masters.vendors.edit, masters.vendors.delete, masters.sourcedestinations.view, masters.sourcedestinations.add, masters.sourcedestinations.edit, masters.sourcedestinations.delete, masters.materials.view, masters.materials.add, masters.materials.edit, masters.materials.delete, masters.fuelpumps.view, masters.fuelpumps.add, masters.fuelpumps.edit, masters.fuelpumps.delete, masters.hsdrates.view, masters.hsdrates.add, masters.hsdrates.edit, masters.hsdrates.delete, masters.paymentlocations.view, masters.paymentlocations.add, masters.paymentlocations.edit, masters.paymentlocations.delete, masters.vehicleowners.view, masters.vehicleowners.add, masters.vehicleowners.edit, masters.vehicleowners.delete, masters.vehicleassignments.view, masters.vehicleassignments.add, masters.vehicleassignments.edit, masters.vehicleassignments.delete, drivers.view, drivers.create, drivers.edit, drivers.delete, vehicles.view, vehicles.create, vehicles.edit, vehicles.delete, trips.view, trips.create, trips.edit, trips.delete, dispatches.view, dispatches.create, dispatches.edit, dispatches.delete
[2026-07-30 12:35:08 WRN]
[Veteran Logistics]
[0.1.0]
[Machine: VVSPL1]
[Thread: 2]

User 'admin' with role 'Administrator' is requesting permissions.
[2026-07-30 12:35:08 WRN]
[Veteran Logistics]
[0.1.0]
[Machine: VVSPL1]
[Thread: 2]

User 'admin' with role 'Administrator' has 73 permissions.
[2026-07-30 12:35:08 WRN]
[Veteran Logistics]
[0.1.0]
[Machine: VVSPL1]
[Thread: 2]

User permissions: administration.users.view, administration.users.add, administration.users.edit, administration.users.activate, administration.users.delete, administration.roles.view, administration.roles.add, administration.roles.edit, administration.roles.activate, administration.roles.delete, administration.permissionmatrix.view, administration.permissionmatrix.manage, administration.financialyears.view, administration.financialyears.add, administration.financialyears.edit, administration.financialyears.activate, administration.financialyears.close, masters.companies.view, masters.companies.add, masters.companies.edit, masters.companies.delete, masters.customers.view, masters.customers.add, masters.customers.edit, masters.customers.delete, masters.vendors.view, masters.vendors.add, masters.vendors.edit, masters.vendors.delete, masters.sourcedestinations.view, masters.sourcedestinations.add, masters.sourcedestinations.edit, masters.sourcedestinations.delete, masters.materials.view, masters.materials.add, masters.materials.edit, masters.materials.delete, masters.fuelpumps.view, masters.fuelpumps.add, masters.fuelpumps.edit, masters.fuelpumps.delete, masters.hsdrates.view, masters.hsdrates.add, masters.hsdrates.edit, masters.hsdrates.delete, masters.paymentlocations.view, masters.paymentlocations.add, masters.paymentlocations.edit, masters.paymentlocations.delete, masters.vehicleowners.view, masters.vehicleowners.add, masters.vehicleowners.edit, masters.vehicleowners.delete, masters.vehicleassignments.view, masters.vehicleassignments.add, masters.vehicleassignments.edit, masters.vehicleassignments.delete, drivers.view, drivers.create, drivers.edit, drivers.delete, vehicles.view, vehicles.create, vehicles.edit, vehicles.delete, trips.view, trips.create, trips.edit, trips.delete, dispatches.view, dispatches.create, dispatches.edit, dispatches.delete
[2026-07-30 12:35:08 WRN]
[Veteran Logistics]
[0.1.0]
[Machine: VVSPL1]
[Thread: 2]

User 'admin' with role 'Administrator' is requesting permissions.
[2026-07-30 12:35:08 WRN]
[Veteran Logistics]
[0.1.0]
[Machine: VVSPL1]
[Thread: 2]

User 'admin' with role 'Administrator' has 73 permissions.
[2026-07-30 12:35:08 WRN]
[Veteran Logistics]
[0.1.0]
[Machine: VVSPL1]
[Thread: 2]

User permissions: administration.users.view, administration.users.add, administration.users.edit, administration.users.activate, administration.users.delete, administration.roles.view, administration.roles.add, administration.roles.edit, administration.roles.activate, administration.roles.delete, administration.permissionmatrix.view, administration.permissionmatrix.manage, administration.financialyears.view, administration.financialyears.add, administration.financialyears.edit, administration.financialyears.activate, administration.financialyears.close, masters.companies.view, masters.companies.add, masters.companies.edit, masters.companies.delete, masters.customers.view, masters.customers.add, masters.customers.edit, masters.customers.delete, masters.vendors.view, masters.vendors.add, masters.vendors.edit, masters.vendors.delete, masters.sourcedestinations.view, masters.sourcedestinations.add, masters.sourcedestinations.edit, masters.sourcedestinations.delete, masters.materials.view, masters.materials.add, masters.materials.edit, masters.materials.delete, masters.fuelpumps.view, masters.fuelpumps.add, masters.fuelpumps.edit, masters.fuelpumps.delete, masters.hsdrates.view, masters.hsdrates.add, masters.hsdrates.edit, masters.hsdrates.delete, masters.paymentlocations.view, masters.paymentlocations.add, masters.paymentlocations.edit, masters.paymentlocations.delete, masters.vehicleowners.view, masters.vehicleowners.add, masters.vehicleowners.edit, masters.vehicleowners.delete, masters.vehicleassignments.view, masters.vehicleassignments.add, masters.vehicleassignments.edit, masters.vehicleassignments.delete, drivers.view, drivers.create, drivers.edit, drivers.delete, vehicles.view, vehicles.create, vehicles.edit, vehicles.delete, trips.view, trips.create, trips.edit, trips.delete, dispatches.view, dispatches.create, dispatches.edit, dispatches.delete
[2026-07-30 12:35:08 WRN]
[Veteran Logistics]
[0.1.0]
[Machine: VVSPL1]
[Thread: 2]

User 'admin' with role 'Administrator' is requesting permissions.
[2026-07-30 12:35:08 WRN]
[Veteran Logistics]
[0.1.0]
[Machine: VVSPL1]
[Thread: 2]

User 'admin' with role 'Administrator' has 73 permissions.
[2026-07-30 12:35:08 WRN]
[Veteran Logistics]
[0.1.0]
[Machine: VVSPL1]
[Thread: 2]

User permissions: administration.users.view, administration.users.add, administration.users.edit, administration.users.activate, administration.users.delete, administration.roles.view, administration.roles.add, administration.roles.edit, administration.roles.activate, administration.roles.delete, administration.permissionmatrix.view, administration.permissionmatrix.manage, administration.financialyears.view, administration.financialyears.add, administration.financialyears.edit, administration.financialyears.activate, administration.financialyears.close, masters.companies.view, masters.companies.add, masters.companies.edit, masters.companies.delete, masters.customers.view, masters.customers.add, masters.customers.edit, masters.customers.delete, masters.vendors.view, masters.vendors.add, masters.vendors.edit, masters.vendors.delete, masters.sourcedestinations.view, masters.sourcedestinations.add, masters.sourcedestinations.edit, masters.sourcedestinations.delete, masters.materials.view, masters.materials.add, masters.materials.edit, masters.materials.delete, masters.fuelpumps.view, masters.fuelpumps.add, masters.fuelpumps.edit, masters.fuelpumps.delete, masters.hsdrates.view, masters.hsdrates.add, masters.hsdrates.edit, masters.hsdrates.delete, masters.paymentlocations.view, masters.paymentlocations.add, masters.paymentlocations.edit, masters.paymentlocations.delete, masters.vehicleowners.view, masters.vehicleowners.add, masters.vehicleowners.edit, masters.vehicleowners.delete, masters.vehicleassignments.view, masters.vehicleassignments.add, masters.vehicleassignments.edit, masters.vehicleassignments.delete, drivers.view, drivers.create, drivers.edit, drivers.delete, vehicles.view, vehicles.create, vehicles.edit, vehicles.delete, trips.view, trips.create, trips.edit, trips.delete, dispatches.view, dispatches.create, dispatches.edit, dispatches.delete
[2026-07-30 12:35:08 WRN]
[Veteran Logistics]
[0.1.0]
[Machine: VVSPL1]
[Thread: 2]

User 'admin' with role 'Administrator' is requesting permissions.
[2026-07-30 12:35:08 WRN]
[Veteran Logistics]
[0.1.0]
[Machine: VVSPL1]
[Thread: 2]

User 'admin' with role 'Administrator' has 73 permissions.
[2026-07-30 12:35:08 WRN]
[Veteran Logistics]
[0.1.0]
[Machine: VVSPL1]
[Thread: 2]

User permissions: administration.users.view, administration.users.add, administration.users.edit, administration.users.activate, administration.users.delete, administration.roles.view, administration.roles.add, administration.roles.edit, administration.roles.activate, administration.roles.delete, administration.permissionmatrix.view, administration.permissionmatrix.manage, administration.financialyears.view, administration.financialyears.add, administration.financialyears.edit, administration.financialyears.activate, administration.financialyears.close, masters.companies.view, masters.companies.add, masters.companies.edit, masters.companies.delete, masters.customers.view, masters.customers.add, masters.customers.edit, masters.customers.delete, masters.vendors.view, masters.vendors.add, masters.vendors.edit, masters.vendors.delete, masters.sourcedestinations.view, masters.sourcedestinations.add, masters.sourcedestinations.edit, masters.sourcedestinations.delete, masters.materials.view, masters.materials.add, masters.materials.edit, masters.materials.delete, masters.fuelpumps.view, masters.fuelpumps.add, masters.fuelpumps.edit, masters.fuelpumps.delete, masters.hsdrates.view, masters.hsdrates.add, masters.hsdrates.edit, masters.hsdrates.delete, masters.paymentlocations.view, masters.paymentlocations.add, masters.paymentlocations.edit, masters.paymentlocations.delete, masters.vehicleowners.view, masters.vehicleowners.add, masters.vehicleowners.edit, masters.vehicleowners.delete, masters.vehicleassignments.view, masters.vehicleassignments.add, masters.vehicleassignments.edit, masters.vehicleassignments.delete, drivers.view, drivers.create, drivers.edit, drivers.delete, vehicles.view, vehicles.create, vehicles.edit, vehicles.delete, trips.view, trips.create, trips.edit, trips.delete, dispatches.view, dispatches.create, dispatches.edit, dispatches.delete
[2026-07-30 12:35:08 WRN]
[Veteran Logistics]
[0.1.0]
[Machine: VVSPL1]
[Thread: 2]

User 'admin' with role 'Administrator' is requesting permissions.
[2026-07-30 12:35:08 WRN]
[Veteran Logistics]
[0.1.0]
[Machine: VVSPL1]
[Thread: 2]

User 'admin' with role 'Administrator' has 73 permissions.
[2026-07-30 12:35:08 WRN]
[Veteran Logistics]
[0.1.0]
[Machine: VVSPL1]
[Thread: 2]

User permissions: administration.users.view, administration.users.add, administration.users.edit, administration.users.activate, administration.users.delete, administration.roles.view, administration.roles.add, administration.roles.edit, administration.roles.activate, administration.roles.delete, administration.permissionmatrix.view, administration.permissionmatrix.manage, administration.financialyears.view, administration.financialyears.add, administration.financialyears.edit, administration.financialyears.activate, administration.financialyears.close, masters.companies.view, masters.companies.add, masters.companies.edit, masters.companies.delete, masters.customers.view, masters.customers.add, masters.customers.edit, masters.customers.delete, masters.vendors.view, masters.vendors.add, masters.vendors.edit, masters.vendors.delete, masters.sourcedestinations.view, masters.sourcedestinations.add, masters.sourcedestinations.edit, masters.sourcedestinations.delete, masters.materials.view, masters.materials.add, masters.materials.edit, masters.materials.delete, masters.fuelpumps.view, masters.fuelpumps.add, masters.fuelpumps.edit, masters.fuelpumps.delete, masters.hsdrates.view, masters.hsdrates.add, masters.hsdrates.edit, masters.hsdrates.delete, masters.paymentlocations.view, masters.paymentlocations.add, masters.paymentlocations.edit, masters.paymentlocations.delete, masters.vehicleowners.view, masters.vehicleowners.add, masters.vehicleowners.edit, masters.vehicleowners.delete, masters.vehicleassignments.view, masters.vehicleassignments.add, masters.vehicleassignments.edit, masters.vehicleassignments.delete, drivers.view, drivers.create, drivers.edit, drivers.delete, vehicles.view, vehicles.create, vehicles.edit, vehicles.delete, trips.view, trips.create, trips.edit, trips.delete, dispatches.view, dispatches.create, dispatches.edit, dispatches.delete
[2026-07-30 12:35:08 WRN]
[Veteran Logistics]
[0.1.0]
[Machine: VVSPL1]
[Thread: 2]

User 'admin' with role 'Administrator' is requesting permissions.
[2026-07-30 12:35:08 WRN]
[Veteran Logistics]
[0.1.0]
[Machine: VVSPL1]
[Thread: 2]

User 'admin' with role 'Administrator' has 73 permissions.
[2026-07-30 12:35:08 WRN]
[Veteran Logistics]
[0.1.0]
[Machine: VVSPL1]
[Thread: 2]

User permissions: administration.users.view, administration.users.add, administration.users.edit, administration.users.activate, administration.users.delete, administration.roles.view, administration.roles.add, administration.roles.edit, administration.roles.activate, administration.roles.delete, administration.permissionmatrix.view, administration.permissionmatrix.manage, administration.financialyears.view, administration.financialyears.add, administration.financialyears.edit, administration.financialyears.activate, administration.financialyears.close, masters.companies.view, masters.companies.add, masters.companies.edit, masters.companies.delete, masters.customers.view, masters.customers.add, masters.customers.edit, masters.customers.delete, masters.vendors.view, masters.vendors.add, masters.vendors.edit, masters.vendors.delete, masters.sourcedestinations.view, masters.sourcedestinations.add, masters.sourcedestinations.edit, masters.sourcedestinations.delete, masters.materials.view, masters.materials.add, masters.materials.edit, masters.materials.delete, masters.fuelpumps.view, masters.fuelpumps.add, masters.fuelpumps.edit, masters.fuelpumps.delete, masters.hsdrates.view, masters.hsdrates.add, masters.hsdrates.edit, masters.hsdrates.delete, masters.paymentlocations.view, masters.paymentlocations.add, masters.paymentlocations.edit, masters.paymentlocations.delete, masters.vehicleowners.view, masters.vehicleowners.add, masters.vehicleowners.edit, masters.vehicleowners.delete, masters.vehicleassignments.view, masters.vehicleassignments.add, masters.vehicleassignments.edit, masters.vehicleassignments.delete, drivers.view, drivers.create, drivers.edit, drivers.delete, vehicles.view, vehicles.create, vehicles.edit, vehicles.delete, trips.view, trips.create, trips.edit, trips.delete, dispatches.view, dispatches.create, dispatches.edit, dispatches.delete
[2026-07-30 12:35:08 WRN]
[Veteran Logistics]
[0.1.0]
[Machine: VVSPL1]
[Thread: 2]

User 'admin' with role 'Administrator' is requesting permissions.
[2026-07-30 12:35:08 WRN]
[Veteran Logistics]
[0.1.0]
[Machine: VVSPL1]
[Thread: 2]

User 'admin' with role 'Administrator' has 73 permissions.
[2026-07-30 12:35:08 WRN]
[Veteran Logistics]
[0.1.0]
[Machine: VVSPL1]
[Thread: 2]

User permissions: administration.users.view, administration.users.add, administration.users.edit, administration.users.activate, administration.users.delete, administration.roles.view, administration.roles.add, administration.roles.edit, administration.roles.activate, administration.roles.delete, administration.permissionmatrix.view, administration.permissionmatrix.manage, administration.financialyears.view, administration.financialyears.add, administration.financialyears.edit, administration.financialyears.activate, administration.financialyears.close, masters.companies.view, masters.companies.add, masters.companies.edit, masters.companies.delete, masters.customers.view, masters.customers.add, masters.customers.edit, masters.customers.delete, masters.vendors.view, masters.vendors.add, masters.vendors.edit, masters.vendors.delete, masters.sourcedestinations.view, masters.sourcedestinations.add, masters.sourcedestinations.edit, masters.sourcedestinations.delete, masters.materials.view, masters.materials.add, masters.materials.edit, masters.materials.delete, masters.fuelpumps.view, masters.fuelpumps.add, masters.fuelpumps.edit, masters.fuelpumps.delete, masters.hsdrates.view, masters.hsdrates.add, masters.hsdrates.edit, masters.hsdrates.delete, masters.paymentlocations.view, masters.paymentlocations.add, masters.paymentlocations.edit, masters.paymentlocations.delete, masters.vehicleowners.view, masters.vehicleowners.add, masters.vehicleowners.edit, masters.vehicleowners.delete, masters.vehicleassignments.view, masters.vehicleassignments.add, masters.vehicleassignments.edit, masters.vehicleassignments.delete, drivers.view, drivers.create, drivers.edit, drivers.delete, vehicles.view, vehicles.create, vehicles.edit, vehicles.delete, trips.view, trips.create, trips.edit, trips.delete, dispatches.view, dispatches.create, dispatches.edit, dispatches.delete
[2026-07-30 12:35:08 WRN]
[Veteran Logistics]
[0.1.0]
[Machine: VVSPL1]
[Thread: 2]

User 'admin' with role 'Administrator' is requesting permissions.
[2026-07-30 12:35:08 WRN]
[Veteran Logistics]
[0.1.0]
[Machine: VVSPL1]
[Thread: 2]

User 'admin' with role 'Administrator' has 73 permissions.
[2026-07-30 12:35:08 WRN]
[Veteran Logistics]
[0.1.0]
[Machine: VVSPL1]
[Thread: 2]

User permissions: administration.users.view, administration.users.add, administration.users.edit, administration.users.activate, administration.users.delete, administration.roles.view, administration.roles.add, administration.roles.edit, administration.roles.activate, administration.roles.delete, administration.permissionmatrix.view, administration.permissionmatrix.manage, administration.financialyears.view, administration.financialyears.add, administration.financialyears.edit, administration.financialyears.activate, administration.financialyears.close, masters.companies.view, masters.companies.add, masters.companies.edit, masters.companies.delete, masters.customers.view, masters.customers.add, masters.customers.edit, masters.customers.delete, masters.vendors.view, masters.vendors.add, masters.vendors.edit, masters.vendors.delete, masters.sourcedestinations.view, masters.sourcedestinations.add, masters.sourcedestinations.edit, masters.sourcedestinations.delete, masters.materials.view, masters.materials.add, masters.materials.edit, masters.materials.delete, masters.fuelpumps.view, masters.fuelpumps.add, masters.fuelpumps.edit, masters.fuelpumps.delete, masters.hsdrates.view, masters.hsdrates.add, masters.hsdrates.edit, masters.hsdrates.delete, masters.paymentlocations.view, masters.paymentlocations.add, masters.paymentlocations.edit, masters.paymentlocations.delete, masters.vehicleowners.view, masters.vehicleowners.add, masters.vehicleowners.edit, masters.vehicleowners.delete, masters.vehicleassignments.view, masters.vehicleassignments.add, masters.vehicleassignments.edit, masters.vehicleassignments.delete, drivers.view, drivers.create, drivers.edit, drivers.delete, vehicles.view, vehicles.create, vehicles.edit, vehicles.delete, trips.view, trips.create, trips.edit, trips.delete, dispatches.view, dispatches.create, dispatches.edit, dispatches.delete
[2026-07-30 12:35:15 INF]
[Veteran Logistics]
[0.1.0]
[Machine: VVSPL1]
[Thread: 2]

Retrieving all party bill registers
[2026-07-30 12:35:15 INF]
[Veteran Logistics]
[0.1.0]
[Machine: VVSPL1]
[Thread: 2]

Retrieved 1 party bill registers
[2026-07-30 12:35:15 INF]
[Veteran Logistics]
[0.1.0]
[Machine: VVSPL1]
[Thread: 2]

Retrieving all party bill registers
[2026-07-30 12:35:15 INF]
[Veteran Logistics]
[0.1.0]
[Machine: VVSPL1]
[Thread: 2]

Retrieved 1 party bill registers
[2026-07-30 12:35:16 INF]
[Veteran Logistics]
[0.1.0]
[Machine: VVSPL1]
[Thread: 2]

Getting all source/destinations
[2026-07-30 12:35:16 INF]
[Veteran Logistics]
[0.1.0]
[Machine: VVSPL1]
[Thread: 2]

Retrieved 3 source/destinations
[2026-07-30 12:35:19 INF]
[Veteran Logistics]
[0.1.0]
[Machine: VVSPL1]
[Thread: 2]

Retrieving all party bill registers
[2026-07-30 12:35:19 INF]
[Veteran Logistics]
[0.1.0]
[Machine: VVSPL1]
[Thread: 2]

Retrieved 1 party bill registers
[2026-07-30 12:45:17 WRN]
[Veteran Logistics]
[0.1.0]
[Machine: VVSPL1]
[Thread: 2]

User 'admin' with role 'Administrator' is requesting permissions.
[2026-07-30 12:45:17 WRN]
[Veteran Logistics]
[0.1.0]
[Machine: VVSPL1]
[Thread: 2]

User 'admin' with role 'Administrator' has 73 permissions.
[2026-07-30 12:45:17 WRN]
[Veteran Logistics]
[0.1.0]
[Machine: VVSPL1]
[Thread: 2]

User permissions: administration.users.view, administration.users.add, administration.users.edit, administration.users.activate, administration.users.delete, administration.roles.view, administration.roles.add, administration.roles.edit, administration.roles.activate, administration.roles.delete, administration.permissionmatrix.view, administration.permissionmatrix.manage, administration.financialyears.view, administration.financialyears.add, administration.financialyears.edit, administration.financialyears.activate, administration.financialyears.close, masters.companies.view, masters.companies.add, masters.companies.edit, masters.companies.delete, masters.customers.view, masters.customers.add, masters.customers.edit, masters.customers.delete, masters.vendors.view, masters.vendors.add, masters.vendors.edit, masters.vendors.delete, masters.sourcedestinations.view, masters.sourcedestinations.add, masters.sourcedestinations.edit, masters.sourcedestinations.delete, masters.materials.view, masters.materials.add, masters.materials.edit, masters.materials.delete, masters.fuelpumps.view, masters.fuelpumps.add, masters.fuelpumps.edit, masters.fuelpumps.delete, masters.hsdrates.view, masters.hsdrates.add, masters.hsdrates.edit, masters.hsdrates.delete, masters.paymentlocations.view, masters.paymentlocations.add, masters.paymentlocations.edit, masters.paymentlocations.delete, masters.vehicleowners.view, masters.vehicleowners.add, masters.vehicleowners.edit, masters.vehicleowners.delete, masters.vehicleassignments.view, masters.vehicleassignments.add, masters.vehicleassignments.edit, masters.vehicleassignments.delete, drivers.view, drivers.create, drivers.edit, drivers.delete, vehicles.view, vehicles.create, vehicles.edit, vehicles.delete, trips.view, trips.create, trips.edit, trips.delete, dispatches.view, dispatches.create, dispatches.edit, dispatches.delete
[2026-07-30 12:45:17 WRN]
[Veteran Logistics]
[0.1.0]
[Machine: VVSPL1]
[Thread: 2]

User 'admin' with role 'Administrator' is requesting permissions.
[2026-07-30 12:45:17 WRN]
[Veteran Logistics]
[0.1.0]
[Machine: VVSPL1]
[Thread: 2]

User 'admin' with role 'Administrator' has 73 permissions.
[2026-07-30 12:45:17 WRN]
[Veteran Logistics]
[0.1.0]
[Machine: VVSPL1]
[Thread: 2]

User permissions: administration.users.view, administration.users.add, administration.users.edit, administration.users.activate, administration.users.delete, administration.roles.view, administration.roles.add, administration.roles.edit, administration.roles.activate, administration.roles.delete, administration.permissionmatrix.view, administration.permissionmatrix.manage, administration.financialyears.view, administration.financialyears.add, administration.financialyears.edit, administration.financialyears.activate, administration.financialyears.close, masters.companies.view, masters.companies.add, masters.companies.edit, masters.companies.delete, masters.customers.view, masters.customers.add, masters.customers.edit, masters.customers.delete, masters.vendors.view, masters.vendors.add, masters.vendors.edit, masters.vendors.delete, masters.sourcedestinations.view, masters.sourcedestinations.add, masters.sourcedestinations.edit, masters.sourcedestinations.delete, masters.materials.view, masters.materials.add, masters.materials.edit, masters.materials.delete, masters.fuelpumps.view, masters.fuelpumps.add, masters.fuelpumps.edit, masters.fuelpumps.delete, masters.hsdrates.view, masters.hsdrates.add, masters.hsdrates.edit, masters.hsdrates.delete, masters.paymentlocations.view, masters.paymentlocations.add, masters.paymentlocations.edit, masters.paymentlocations.delete, masters.vehicleowners.view, masters.vehicleowners.add, masters.vehicleowners.edit, masters.vehicleowners.delete, masters.vehicleassignments.view, masters.vehicleassignments.add, masters.vehicleassignments.edit, masters.vehicleassignments.delete, drivers.view, drivers.create, drivers.edit, drivers.delete, vehicles.view, vehicles.create, vehicles.edit, vehicles.delete, trips.view, trips.create, trips.edit, trips.delete, dispatches.view, dispatches.create, dispatches.edit, dispatches.delete
[2026-07-30 12:45:17 WRN]
[Veteran Logistics]
[0.1.0]
[Machine: VVSPL1]
[Thread: 2]

User 'admin' with role 'Administrator' is requesting permissions.
[2026-07-30 12:45:17 WRN]
[Veteran Logistics]
[0.1.0]
[Machine: VVSPL1]
[Thread: 2]

User 'admin' with role 'Administrator' has 73 permissions.
[2026-07-30 12:45:17 WRN]
[Veteran Logistics]
[0.1.0]
[Machine: VVSPL1]
[Thread: 2]

User permissions: administration.users.view, administration.users.add, administration.users.edit, administration.users.activate, administration.users.delete, administration.roles.view, administration.roles.add, administration.roles.edit, administration.roles.activate, administration.roles.delete, administration.permissionmatrix.view, administration.permissionmatrix.manage, administration.financialyears.view, administration.financialyears.add, administration.financialyears.edit, administration.financialyears.activate, administration.financialyears.close, masters.companies.view, masters.companies.add, masters.companies.edit, masters.companies.delete, masters.customers.view, masters.customers.add, masters.customers.edit, masters.customers.delete, masters.vendors.view, masters.vendors.add, masters.vendors.edit, masters.vendors.delete, masters.sourcedestinations.view, masters.sourcedestinations.add, masters.sourcedestinations.edit, masters.sourcedestinations.delete, masters.materials.view, masters.materials.add, masters.materials.edit, masters.materials.delete, masters.fuelpumps.view, masters.fuelpumps.add, masters.fuelpumps.edit, masters.fuelpumps.delete, masters.hsdrates.view, masters.hsdrates.add, masters.hsdrates.edit, masters.hsdrates.delete, masters.paymentlocations.view, masters.paymentlocations.add, masters.paymentlocations.edit, masters.paymentlocations.delete, masters.vehicleowners.view, masters.vehicleowners.add, masters.vehicleowners.edit, masters.vehicleowners.delete, masters.vehicleassignments.view, masters.vehicleassignments.add, masters.vehicleassignments.edit, masters.vehicleassignments.delete, drivers.view, drivers.create, drivers.edit, drivers.delete, vehicles.view, vehicles.create, vehicles.edit, vehicles.delete, trips.view, trips.create, trips.edit, trips.delete, dispatches.view, dispatches.create, dispatches.edit, dispatches.delete
[2026-07-30 12:45:17 WRN]
[Veteran Logistics]
[0.1.0]
[Machine: VVSPL1]
[Thread: 2]

User 'admin' with role 'Administrator' is requesting permissions.
[2026-07-30 12:45:17 WRN]
[Veteran Logistics]
[0.1.0]
[Machine: VVSPL1]
[Thread: 2]

User 'admin' with role 'Administrator' has 73 permissions.
[2026-07-30 12:45:17 WRN]
[Veteran Logistics]
[0.1.0]
[Machine: VVSPL1]
[Thread: 2]

User permissions: administration.users.view, administration.users.add, administration.users.edit, administration.users.activate, administration.users.delete, administration.roles.view, administration.roles.add, administration.roles.edit, administration.roles.activate, administration.roles.delete, administration.permissionmatrix.view, administration.permissionmatrix.manage, administration.financialyears.view, administration.financialyears.add, administration.financialyears.edit, administration.financialyears.activate, administration.financialyears.close, masters.companies.view, masters.companies.add, masters.companies.edit, masters.companies.delete, masters.customers.view, masters.customers.add, masters.customers.edit, masters.customers.delete, masters.vendors.view, masters.vendors.add, masters.vendors.edit, masters.vendors.delete, masters.sourcedestinations.view, masters.sourcedestinations.add, masters.sourcedestinations.edit, masters.sourcedestinations.delete, masters.materials.view, masters.materials.add, masters.materials.edit, masters.materials.delete, masters.fuelpumps.view, masters.fuelpumps.add, masters.fuelpumps.edit, masters.fuelpumps.delete, masters.hsdrates.view, masters.hsdrates.add, masters.hsdrates.edit, masters.hsdrates.delete, masters.paymentlocations.view, masters.paymentlocations.add, masters.paymentlocations.edit, masters.paymentlocations.delete, masters.vehicleowners.view, masters.vehicleowners.add, masters.vehicleowners.edit, masters.vehicleowners.delete, masters.vehicleassignments.view, masters.vehicleassignments.add, masters.vehicleassignments.edit, masters.vehicleassignments.delete, drivers.view, drivers.create, drivers.edit, drivers.delete, vehicles.view, vehicles.create, vehicles.edit, vehicles.delete, trips.view, trips.create, trips.edit, trips.delete, dispatches.view, dispatches.create, dispatches.edit, dispatches.delete
[2026-07-30 12:45:17 WRN]
[Veteran Logistics]
[0.1.0]
[Machine: VVSPL1]
[Thread: 2]

User 'admin' with role 'Administrator' is requesting permissions.
[2026-07-30 12:45:17 WRN]
[Veteran Logistics]
[0.1.0]
[Machine: VVSPL1]
[Thread: 2]

User 'admin' with role 'Administrator' has 73 permissions.
[2026-07-30 12:45:17 WRN]
[Veteran Logistics]
[0.1.0]
[Machine: VVSPL1]
[Thread: 2]

User permissions: administration.users.view, administration.users.add, administration.users.edit, administration.users.activate, administration.users.delete, administration.roles.view, administration.roles.add, administration.roles.edit, administration.roles.activate, administration.roles.delete, administration.permissionmatrix.view, administration.permissionmatrix.manage, administration.financialyears.view, administration.financialyears.add, administration.financialyears.edit, administration.financialyears.activate, administration.financialyears.close, masters.companies.view, masters.companies.add, masters.companies.edit, masters.companies.delete, masters.customers.view, masters.customers.add, masters.customers.edit, masters.customers.delete, masters.vendors.view, masters.vendors.add, masters.vendors.edit, masters.vendors.delete, masters.sourcedestinations.view, masters.sourcedestinations.add, masters.sourcedestinations.edit, masters.sourcedestinations.delete, masters.materials.view, masters.materials.add, masters.materials.edit, masters.materials.delete, masters.fuelpumps.view, masters.fuelpumps.add, masters.fuelpumps.edit, masters.fuelpumps.delete, masters.hsdrates.view, masters.hsdrates.add, masters.hsdrates.edit, masters.hsdrates.delete, masters.paymentlocations.view, masters.paymentlocations.add, masters.paymentlocations.edit, masters.paymentlocations.delete, masters.vehicleowners.view, masters.vehicleowners.add, masters.vehicleowners.edit, masters.vehicleowners.delete, masters.vehicleassignments.view, masters.vehicleassignments.add, masters.vehicleassignments.edit, masters.vehicleassignments.delete, drivers.view, drivers.create, drivers.edit, drivers.delete, vehicles.view, vehicles.create, vehicles.edit, vehicles.delete, trips.view, trips.create, trips.edit, trips.delete, dispatches.view, dispatches.create, dispatches.edit, dispatches.delete
[2026-07-30 12:45:17 WRN]
[Veteran Logistics]
[0.1.0]
[Machine: VVSPL1]
[Thread: 2]

User 'admin' with role 'Administrator' is requesting permissions.
[2026-07-30 12:45:17 WRN]
[Veteran Logistics]
[0.1.0]
[Machine: VVSPL1]
[Thread: 2]

User 'admin' with role 'Administrator' has 73 permissions.
[2026-07-30 12:45:17 WRN]
[Veteran Logistics]
[0.1.0]
[Machine: VVSPL1]
[Thread: 2]

User permissions: administration.users.view, administration.users.add, administration.users.edit, administration.users.activate, administration.users.delete, administration.roles.view, administration.roles.add, administration.roles.edit, administration.roles.activate, administration.roles.delete, administration.permissionmatrix.view, administration.permissionmatrix.manage, administration.financialyears.view, administration.financialyears.add, administration.financialyears.edit, administration.financialyears.activate, administration.financialyears.close, masters.companies.view, masters.companies.add, masters.companies.edit, masters.companies.delete, masters.customers.view, masters.customers.add, masters.customers.edit, masters.customers.delete, masters.vendors.view, masters.vendors.add, masters.vendors.edit, masters.vendors.delete, masters.sourcedestinations.view, masters.sourcedestinations.add, masters.sourcedestinations.edit, masters.sourcedestinations.delete, masters.materials.view, masters.materials.add, masters.materials.edit, masters.materials.delete, masters.fuelpumps.view, masters.fuelpumps.add, masters.fuelpumps.edit, masters.fuelpumps.delete, masters.hsdrates.view, masters.hsdrates.add, masters.hsdrates.edit, masters.hsdrates.delete, masters.paymentlocations.view, masters.paymentlocations.add, masters.paymentlocations.edit, masters.paymentlocations.delete, masters.vehicleowners.view, masters.vehicleowners.add, masters.vehicleowners.edit, masters.vehicleowners.delete, masters.vehicleassignments.view, masters.vehicleassignments.add, masters.vehicleassignments.edit, masters.vehicleassignments.delete, drivers.view, drivers.create, drivers.edit, drivers.delete, vehicles.view, vehicles.create, vehicles.edit, vehicles.delete, trips.view, trips.create, trips.edit, trips.delete, dispatches.view, dispatches.create, dispatches.edit, dispatches.delete
[2026-07-30 12:45:17 WRN]
[Veteran Logistics]
[0.1.0]
[Machine: VVSPL1]
[Thread: 2]

User 'admin' with role 'Administrator' is requesting permissions.
[2026-07-30 12:45:17 WRN]
[Veteran Logistics]
[0.1.0]
[Machine: VVSPL1]
[Thread: 2]

User 'admin' with role 'Administrator' has 73 permissions.
[2026-07-30 12:45:17 WRN]
[Veteran Logistics]
[0.1.0]
[Machine: VVSPL1]
[Thread: 2]

User permissions: administration.users.view, administration.users.add, administration.users.edit, administration.users.activate, administration.users.delete, administration.roles.view, administration.roles.add, administration.roles.edit, administration.roles.activate, administration.roles.delete, administration.permissionmatrix.view, administration.permissionmatrix.manage, administration.financialyears.view, administration.financialyears.add, administration.financialyears.edit, administration.financialyears.activate, administration.financialyears.close, masters.companies.view, masters.companies.add, masters.companies.edit, masters.companies.delete, masters.customers.view, masters.customers.add, masters.customers.edit, masters.customers.delete, masters.vendors.view, masters.vendors.add, masters.vendors.edit, masters.vendors.delete, masters.sourcedestinations.view, masters.sourcedestinations.add, masters.sourcedestinations.edit, masters.sourcedestinations.delete, masters.materials.view, masters.materials.add, masters.materials.edit, masters.materials.delete, masters.fuelpumps.view, masters.fuelpumps.add, masters.fuelpumps.edit, masters.fuelpumps.delete, masters.hsdrates.view, masters.hsdrates.add, masters.hsdrates.edit, masters.hsdrates.delete, masters.paymentlocations.view, masters.paymentlocations.add, masters.paymentlocations.edit, masters.paymentlocations.delete, masters.vehicleowners.view, masters.vehicleowners.add, masters.vehicleowners.edit, masters.vehicleowners.delete, masters.vehicleassignments.view, masters.vehicleassignments.add, masters.vehicleassignments.edit, masters.vehicleassignments.delete, drivers.view, drivers.create, drivers.edit, drivers.delete, vehicles.view, vehicles.create, vehicles.edit, vehicles.delete, trips.view, trips.create, trips.edit, trips.delete, dispatches.view, dispatches.create, dispatches.edit, dispatches.delete
[2026-07-30 12:45:17 WRN]
[Veteran Logistics]
[0.1.0]
[Machine: VVSPL1]
[Thread: 2]

User 'admin' with role 'Administrator' is requesting permissions.
[2026-07-30 12:45:17 WRN]
[Veteran Logistics]
[0.1.0]
[Machine: VVSPL1]
[Thread: 2]

User 'admin' with role 'Administrator' has 73 permissions.
[2026-07-30 12:45:17 WRN]
[Veteran Logistics]
[0.1.0]
[Machine: VVSPL1]
[Thread: 2]

User permissions: administration.users.view, administration.users.add, administration.users.edit, administration.users.activate, administration.users.delete, administration.roles.view, administration.roles.add, administration.roles.edit, administration.roles.activate, administration.roles.delete, administration.permissionmatrix.view, administration.permissionmatrix.manage, administration.financialyears.view, administration.financialyears.add, administration.financialyears.edit, administration.financialyears.activate, administration.financialyears.close, masters.companies.view, masters.companies.add, masters.companies.edit, masters.companies.delete, masters.customers.view, masters.customers.add, masters.customers.edit, masters.customers.delete, masters.vendors.view, masters.vendors.add, masters.vendors.edit, masters.vendors.delete, masters.sourcedestinations.view, masters.sourcedestinations.add, masters.sourcedestinations.edit, masters.sourcedestinations.delete, masters.materials.view, masters.materials.add, masters.materials.edit, masters.materials.delete, masters.fuelpumps.view, masters.fuelpumps.add, masters.fuelpumps.edit, masters.fuelpumps.delete, masters.hsdrates.view, masters.hsdrates.add, masters.hsdrates.edit, masters.hsdrates.delete, masters.paymentlocations.view, masters.paymentlocations.add, masters.paymentlocations.edit, masters.paymentlocations.delete, masters.vehicleowners.view, masters.vehicleowners.add, masters.vehicleowners.edit, masters.vehicleowners.delete, masters.vehicleassignments.view, masters.vehicleassignments.add, masters.vehicleassignments.edit, masters.vehicleassignments.delete, drivers.view, drivers.create, drivers.edit, drivers.delete, vehicles.view, vehicles.create, vehicles.edit, vehicles.delete, trips.view, trips.create, trips.edit, trips.delete, dispatches.view, dispatches.create, dispatches.edit, dispatches.delete
[2026-07-30 12:45:17 WRN]
[Veteran Logistics]
[0.1.0]
[Machine: VVSPL1]
[Thread: 2]

User 'admin' with role 'Administrator' is requesting permissions.
[2026-07-30 12:45:17 WRN]
[Veteran Logistics]
[0.1.0]
[Machine: VVSPL1]
[Thread: 2]

User 'admin' with role 'Administrator' has 73 permissions.
[2026-07-30 12:45:17 WRN]
[Veteran Logistics]
[0.1.0]
[Machine: VVSPL1]
[Thread: 2]

User permissions: administration.users.view, administration.users.add, administration.users.edit, administration.users.activate, administration.users.delete, administration.roles.view, administration.roles.add, administration.roles.edit, administration.roles.activate, administration.roles.delete, administration.permissionmatrix.view, administration.permissionmatrix.manage, administration.financialyears.view, administration.financialyears.add, administration.financialyears.edit, administration.financialyears.activate, administration.financialyears.close, masters.companies.view, masters.companies.add, masters.companies.edit, masters.companies.delete, masters.customers.view, masters.customers.add, masters.customers.edit, masters.customers.delete, masters.vendors.view, masters.vendors.add, masters.vendors.edit, masters.vendors.delete, masters.sourcedestinations.view, masters.sourcedestinations.add, masters.sourcedestinations.edit, masters.sourcedestinations.delete, masters.materials.view, masters.materials.add, masters.materials.edit, masters.materials.delete, masters.fuelpumps.view, masters.fuelpumps.add, masters.fuelpumps.edit, masters.fuelpumps.delete, masters.hsdrates.view, masters.hsdrates.add, masters.hsdrates.edit, masters.hsdrates.delete, masters.paymentlocations.view, masters.paymentlocations.add, masters.paymentlocations.edit, masters.paymentlocations.delete, masters.vehicleowners.view, masters.vehicleowners.add, masters.vehicleowners.edit, masters.vehicleowners.delete, masters.vehicleassignments.view, masters.vehicleassignments.add, masters.vehicleassignments.edit, masters.vehicleassignments.delete, drivers.view, drivers.create, drivers.edit, drivers.delete, vehicles.view, vehicles.create, vehicles.edit, vehicles.delete, trips.view, trips.create, trips.edit, trips.delete, dispatches.view, dispatches.create, dispatches.edit, dispatches.delete
[2026-07-30 12:45:17 WRN]
[Veteran Logistics]
[0.1.0]
[Machine: VVSPL1]
[Thread: 2]

User 'admin' with role 'Administrator' is requesting permissions.
[2026-07-30 12:45:17 WRN]
[Veteran Logistics]
[0.1.0]
[Machine: VVSPL1]
[Thread: 2]

User 'admin' with role 'Administrator' has 73 permissions.
[2026-07-30 12:45:17 WRN]
[Veteran Logistics]
[0.1.0]
[Machine: VVSPL1]
[Thread: 2]

User permissions: administration.users.view, administration.users.add, administration.users.edit, administration.users.activate, administration.users.delete, administration.roles.view, administration.roles.add, administration.roles.edit, administration.roles.activate, administration.roles.delete, administration.permissionmatrix.view, administration.permissionmatrix.manage, administration.financialyears.view, administration.financialyears.add, administration.financialyears.edit, administration.financialyears.activate, administration.financialyears.close, masters.companies.view, masters.companies.add, masters.companies.edit, masters.companies.delete, masters.customers.view, masters.customers.add, masters.customers.edit, masters.customers.delete, masters.vendors.view, masters.vendors.add, masters.vendors.edit, masters.vendors.delete, masters.sourcedestinations.view, masters.sourcedestinations.add, masters.sourcedestinations.edit, masters.sourcedestinations.delete, masters.materials.view, masters.materials.add, masters.materials.edit, masters.materials.delete, masters.fuelpumps.view, masters.fuelpumps.add, masters.fuelpumps.edit, masters.fuelpumps.delete, masters.hsdrates.view, masters.hsdrates.add, masters.hsdrates.edit, masters.hsdrates.delete, masters.paymentlocations.view, masters.paymentlocations.add, masters.paymentlocations.edit, masters.paymentlocations.delete, masters.vehicleowners.view, masters.vehicleowners.add, masters.vehicleowners.edit, masters.vehicleowners.delete, masters.vehicleassignments.view, masters.vehicleassignments.add, masters.vehicleassignments.edit, masters.vehicleassignments.delete, drivers.view, drivers.create, drivers.edit, drivers.delete, vehicles.view, vehicles.create, vehicles.edit, vehicles.delete, trips.view, trips.create, trips.edit, trips.delete, dispatches.view, dispatches.create, dispatches.edit, dispatches.delete
[2026-07-30 12:45:17 WRN]
[Veteran Logistics]
[0.1.0]
[Machine: VVSPL1]
[Thread: 2]

User 'admin' with role 'Administrator' is requesting permissions.
[2026-07-30 12:45:17 WRN]
[Veteran Logistics]
[0.1.0]
[Machine: VVSPL1]
[Thread: 2]

User 'admin' with role 'Administrator' has 73 permissions.
[2026-07-30 12:45:17 WRN]
[Veteran Logistics]
[0.1.0]
[Machine: VVSPL1]
[Thread: 2]

User permissions: administration.users.view, administration.users.add, administration.users.edit, administration.users.activate, administration.users.delete, administration.roles.view, administration.roles.add, administration.roles.edit, administration.roles.activate, administration.roles.delete, administration.permissionmatrix.view, administration.permissionmatrix.manage, administration.financialyears.view, administration.financialyears.add, administration.financialyears.edit, administration.financialyears.activate, administration.financialyears.close, masters.companies.view, masters.companies.add, masters.companies.edit, masters.companies.delete, masters.customers.view, masters.customers.add, masters.customers.edit, masters.customers.delete, masters.vendors.view, masters.vendors.add, masters.vendors.edit, masters.vendors.delete, masters.sourcedestinations.view, masters.sourcedestinations.add, masters.sourcedestinations.edit, masters.sourcedestinations.delete, masters.materials.view, masters.materials.add, masters.materials.edit, masters.materials.delete, masters.fuelpumps.view, masters.fuelpumps.add, masters.fuelpumps.edit, masters.fuelpumps.delete, masters.hsdrates.view, masters.hsdrates.add, masters.hsdrates.edit, masters.hsdrates.delete, masters.paymentlocations.view, masters.paymentlocations.add, masters.paymentlocations.edit, masters.paymentlocations.delete, masters.vehicleowners.view, masters.vehicleowners.add, masters.vehicleowners.edit, masters.vehicleowners.delete, masters.vehicleassignments.view, masters.vehicleassignments.add, masters.vehicleassignments.edit, masters.vehicleassignments.delete, drivers.view, drivers.create, drivers.edit, drivers.delete, vehicles.view, vehicles.create, vehicles.edit, vehicles.delete, trips.view, trips.create, trips.edit, trips.delete, dispatches.view, dispatches.create, dispatches.edit, dispatches.delete
[2026-07-30 12:45:17 WRN]
[Veteran Logistics]
[0.1.0]
[Machine: VVSPL1]
[Thread: 2]

User 'admin' with role 'Administrator' is requesting permissions.
[2026-07-30 12:45:17 WRN]
[Veteran Logistics]
[0.1.0]
[Machine: VVSPL1]
[Thread: 2]

User 'admin' with role 'Administrator' has 73 permissions.
[2026-07-30 12:45:17 WRN]
[Veteran Logistics]
[0.1.0]
[Machine: VVSPL1]
[Thread: 2]

User permissions: administration.users.view, administration.users.add, administration.users.edit, administration.users.activate, administration.users.delete, administration.roles.view, administration.roles.add, administration.roles.edit, administration.roles.activate, administration.roles.delete, administration.permissionmatrix.view, administration.permissionmatrix.manage, administration.financialyears.view, administration.financialyears.add, administration.financialyears.edit, administration.financialyears.activate, administration.financialyears.close, masters.companies.view, masters.companies.add, masters.companies.edit, masters.companies.delete, masters.customers.view, masters.customers.add, masters.customers.edit, masters.customers.delete, masters.vendors.view, masters.vendors.add, masters.vendors.edit, masters.vendors.delete, masters.sourcedestinations.view, masters.sourcedestinations.add, masters.sourcedestinations.edit, masters.sourcedestinations.delete, masters.materials.view, masters.materials.add, masters.materials.edit, masters.materials.delete, masters.fuelpumps.view, masters.fuelpumps.add, masters.fuelpumps.edit, masters.fuelpumps.delete, masters.hsdrates.view, masters.hsdrates.add, masters.hsdrates.edit, masters.hsdrates.delete, masters.paymentlocations.view, masters.paymentlocations.add, masters.paymentlocations.edit, masters.paymentlocations.delete, masters.vehicleowners.view, masters.vehicleowners.add, masters.vehicleowners.edit, masters.vehicleowners.delete, masters.vehicleassignments.view, masters.vehicleassignments.add, masters.vehicleassignments.edit, masters.vehicleassignments.delete, drivers.view, drivers.create, drivers.edit, drivers.delete, vehicles.view, vehicles.create, vehicles.edit, vehicles.delete, trips.view, trips.create, trips.edit, trips.delete, dispatches.view, dispatches.create, dispatches.edit, dispatches.delete
[2026-07-30 12:45:24 INF]
[Veteran Logistics]
[0.1.0]
[Machine: VVSPL1]
[Thread: 2]

Getting all source/destinations
[2026-07-30 12:45:24 INF]
[Veteran Logistics]
[0.1.0]
[Machine: VVSPL1]
[Thread: 2]

Retrieved 3 source/destinations
[2026-07-30 12:45:24 INF]
[Veteran Logistics]
[0.1.0]
[Machine: VVSPL1]
[Thread: 2]

Retrieved 3 materials
[2026-07-30 12:45:24 INF]
[Veteran Logistics]
[0.1.0]
[Machine: VVSPL1]
[Thread: 2]

Retrieved 3 payment locations
[2026-07-30 12:45:42 WRN]
[Veteran Logistics]
[0.1.0]
[Machine: VVSPL1]
[Thread: 2]

User 'admin' with role 'Administrator' is requesting permissions.
[2026-07-30 12:45:42 WRN]
[Veteran Logistics]
[0.1.0]
[Machine: VVSPL1]
[Thread: 2]

User 'admin' with role 'Administrator' has 73 permissions.
[2026-07-30 12:45:42 WRN]
[Veteran Logistics]
[0.1.0]
[Machine: VVSPL1]
[Thread: 2]

User permissions: administration.users.view, administration.users.add, administration.users.edit, administration.users.activate, administration.users.delete, administration.roles.view, administration.roles.add, administration.roles.edit, administration.roles.activate, administration.roles.delete, administration.permissionmatrix.view, administration.permissionmatrix.manage, administration.financialyears.view, administration.financialyears.add, administration.financialyears.edit, administration.financialyears.activate, administration.financialyears.close, masters.companies.view, masters.companies.add, masters.companies.edit, masters.companies.delete, masters.customers.view, masters.customers.add, masters.customers.edit, masters.customers.delete, masters.vendors.view, masters.vendors.add, masters.vendors.edit, masters.vendors.delete, masters.sourcedestinations.view, masters.sourcedestinations.add, masters.sourcedestinations.edit, masters.sourcedestinations.delete, masters.materials.view, masters.materials.add, masters.materials.edit, masters.materials.delete, masters.fuelpumps.view, masters.fuelpumps.add, masters.fuelpumps.edit, masters.fuelpumps.delete, masters.hsdrates.view, masters.hsdrates.add, masters.hsdrates.edit, masters.hsdrates.delete, masters.paymentlocations.view, masters.paymentlocations.add, masters.paymentlocations.edit, masters.paymentlocations.delete, masters.vehicleowners.view, masters.vehicleowners.add, masters.vehicleowners.edit, masters.vehicleowners.delete, masters.vehicleassignments.view, masters.vehicleassignments.add, masters.vehicleassignments.edit, masters.vehicleassignments.delete, drivers.view, drivers.create, drivers.edit, drivers.delete, vehicles.view, vehicles.create, vehicles.edit, vehicles.delete, trips.view, trips.create, trips.edit, trips.delete, dispatches.view, dispatches.create, dispatches.edit, dispatches.delete
[2026-07-30 12:45:42 WRN]
[Veteran Logistics]
[0.1.0]
[Machine: VVSPL1]
[Thread: 2]

User 'admin' with role 'Administrator' is requesting permissions.
[2026-07-30 12:45:42 WRN]
[Veteran Logistics]
[0.1.0]
[Machine: VVSPL1]
[Thread: 2]

User 'admin' with role 'Administrator' has 73 permissions.
[2026-07-30 12:45:42 WRN]
[Veteran Logistics]
[0.1.0]
[Machine: VVSPL1]
[Thread: 2]

User permissions: administration.users.view, administration.users.add, administration.users.edit, administration.users.activate, administration.users.delete, administration.roles.view, administration.roles.add, administration.roles.edit, administration.roles.activate, administration.roles.delete, administration.permissionmatrix.view, administration.permissionmatrix.manage, administration.financialyears.view, administration.financialyears.add, administration.financialyears.edit, administration.financialyears.activate, administration.financialyears.close, masters.companies.view, masters.companies.add, masters.companies.edit, masters.companies.delete, masters.customers.view, masters.customers.add, masters.customers.edit, masters.customers.delete, masters.vendors.view, masters.vendors.add, masters.vendors.edit, masters.vendors.delete, masters.sourcedestinations.view, masters.sourcedestinations.add, masters.sourcedestinations.edit, masters.sourcedestinations.delete, masters.materials.view, masters.materials.add, masters.materials.edit, masters.materials.delete, masters.fuelpumps.view, masters.fuelpumps.add, masters.fuelpumps.edit, masters.fuelpumps.delete, masters.hsdrates.view, masters.hsdrates.add, masters.hsdrates.edit, masters.hsdrates.delete, masters.paymentlocations.view, masters.paymentlocations.add, masters.paymentlocations.edit, masters.paymentlocations.delete, masters.vehicleowners.view, masters.vehicleowners.add, masters.vehicleowners.edit, masters.vehicleowners.delete, masters.vehicleassignments.view, masters.vehicleassignments.add, masters.vehicleassignments.edit, masters.vehicleassignments.delete, drivers.view, drivers.create, drivers.edit, drivers.delete, vehicles.view, vehicles.create, vehicles.edit, vehicles.delete, trips.view, trips.create, trips.edit, trips.delete, dispatches.view, dispatches.create, dispatches.edit, dispatches.delete
[2026-07-30 12:45:42 WRN]
[Veteran Logistics]
[0.1.0]
[Machine: VVSPL1]
[Thread: 2]

User 'admin' with role 'Administrator' is requesting permissions.
[2026-07-30 12:45:42 WRN]
[Veteran Logistics]
[0.1.0]
[Machine: VVSPL1]
[Thread: 2]

User 'admin' with role 'Administrator' has 73 permissions.
[2026-07-30 12:45:42 WRN]
[Veteran Logistics]
[0.1.0]
[Machine: VVSPL1]
[Thread: 2]

User permissions: administration.users.view, administration.users.add, administration.users.edit, administration.users.activate, administration.users.delete, administration.roles.view, administration.roles.add, administration.roles.edit, administration.roles.activate, administration.roles.delete, administration.permissionmatrix.view, administration.permissionmatrix.manage, administration.financialyears.view, administration.financialyears.add, administration.financialyears.edit, administration.financialyears.activate, administration.financialyears.close, masters.companies.view, masters.companies.add, masters.companies.edit, masters.companies.delete, masters.customers.view, masters.customers.add, masters.customers.edit, masters.customers.delete, masters.vendors.view, masters.vendors.add, masters.vendors.edit, masters.vendors.delete, masters.sourcedestinations.view, masters.sourcedestinations.add, masters.sourcedestinations.edit, masters.sourcedestinations.delete, masters.materials.view, masters.materials.add, masters.materials.edit, masters.materials.delete, masters.fuelpumps.view, masters.fuelpumps.add, masters.fuelpumps.edit, masters.fuelpumps.delete, masters.hsdrates.view, masters.hsdrates.add, masters.hsdrates.edit, masters.hsdrates.delete, masters.paymentlocations.view, masters.paymentlocations.add, masters.paymentlocations.edit, masters.paymentlocations.delete, masters.vehicleowners.view, masters.vehicleowners.add, masters.vehicleowners.edit, masters.vehicleowners.delete, masters.vehicleassignments.view, masters.vehicleassignments.add, masters.vehicleassignments.edit, masters.vehicleassignments.delete, drivers.view, drivers.create, drivers.edit, drivers.delete, vehicles.view, vehicles.create, vehicles.edit, vehicles.delete, trips.view, trips.create, trips.edit, trips.delete, dispatches.view, dispatches.create, dispatches.edit, dispatches.delete
[2026-07-30 12:45:42 WRN]
[Veteran Logistics]
[0.1.0]
[Machine: VVSPL1]
[Thread: 2]

User 'admin' with role 'Administrator' is requesting permissions.
[2026-07-30 12:45:42 WRN]
[Veteran Logistics]
[0.1.0]
[Machine: VVSPL1]
[Thread: 2]

User 'admin' with role 'Administrator' has 73 permissions.
[2026-07-30 12:45:42 WRN]
[Veteran Logistics]
[0.1.0]
[Machine: VVSPL1]
[Thread: 2]

User permissions: administration.users.view, administration.users.add, administration.users.edit, administration.users.activate, administration.users.delete, administration.roles.view, administration.roles.add, administration.roles.edit, administration.roles.activate, administration.roles.delete, administration.permissionmatrix.view, administration.permissionmatrix.manage, administration.financialyears.view, administration.financialyears.add, administration.financialyears.edit, administration.financialyears.activate, administration.financialyears.close, masters.companies.view, masters.companies.add, masters.companies.edit, masters.companies.delete, masters.customers.view, masters.customers.add, masters.customers.edit, masters.customers.delete, masters.vendors.view, masters.vendors.add, masters.vendors.edit, masters.vendors.delete, masters.sourcedestinations.view, masters.sourcedestinations.add, masters.sourcedestinations.edit, masters.sourcedestinations.delete, masters.materials.view, masters.materials.add, masters.materials.edit, masters.materials.delete, masters.fuelpumps.view, masters.fuelpumps.add, masters.fuelpumps.edit, masters.fuelpumps.delete, masters.hsdrates.view, masters.hsdrates.add, masters.hsdrates.edit, masters.hsdrates.delete, masters.paymentlocations.view, masters.paymentlocations.add, masters.paymentlocations.edit, masters.paymentlocations.delete, masters.vehicleowners.view, masters.vehicleowners.add, masters.vehicleowners.edit, masters.vehicleowners.delete, masters.vehicleassignments.view, masters.vehicleassignments.add, masters.vehicleassignments.edit, masters.vehicleassignments.delete, drivers.view, drivers.create, drivers.edit, drivers.delete, vehicles.view, vehicles.create, vehicles.edit, vehicles.delete, trips.view, trips.create, trips.edit, trips.delete, dispatches.view, dispatches.create, dispatches.edit, dispatches.delete
[2026-07-30 12:45:44 WRN]
[Veteran Logistics]
[0.1.0]
[Machine: VVSPL1]
[Thread: 2]

User 'admin' with role 'Administrator' is requesting permissions.
[2026-07-30 12:45:44 WRN]
[Veteran Logistics]
[0.1.0]
[Machine: VVSPL1]
[Thread: 2]

User 'admin' with role 'Administrator' has 73 permissions.
[2026-07-30 12:45:44 WRN]
[Veteran Logistics]
[0.1.0]
[Machine: VVSPL1]
[Thread: 2]

User permissions: administration.users.view, administration.users.add, administration.users.edit, administration.users.activate, administration.users.delete, administration.roles.view, administration.roles.add, administration.roles.edit, administration.roles.activate, administration.roles.delete, administration.permissionmatrix.view, administration.permissionmatrix.manage, administration.financialyears.view, administration.financialyears.add, administration.financialyears.edit, administration.financialyears.activate, administration.financialyears.close, masters.companies.view, masters.companies.add, masters.companies.edit, masters.companies.delete, masters.customers.view, masters.customers.add, masters.customers.edit, masters.customers.delete, masters.vendors.view, masters.vendors.add, masters.vendors.edit, masters.vendors.delete, masters.sourcedestinations.view, masters.sourcedestinations.add, masters.sourcedestinations.edit, masters.sourcedestinations.delete, masters.materials.view, masters.materials.add, masters.materials.edit, masters.materials.delete, masters.fuelpumps.view, masters.fuelpumps.add, masters.fuelpumps.edit, masters.fuelpumps.delete, masters.hsdrates.view, masters.hsdrates.add, masters.hsdrates.edit, masters.hsdrates.delete, masters.paymentlocations.view, masters.paymentlocations.add, masters.paymentlocations.edit, masters.paymentlocations.delete, masters.vehicleowners.view, masters.vehicleowners.add, masters.vehicleowners.edit, masters.vehicleowners.delete, masters.vehicleassignments.view, masters.vehicleassignments.add, masters.vehicleassignments.edit, masters.vehicleassignments.delete, drivers.view, drivers.create, drivers.edit, drivers.delete, vehicles.view, vehicles.create, vehicles.edit, vehicles.delete, trips.view, trips.create, trips.edit, trips.delete, dispatches.view, dispatches.create, dispatches.edit, dispatches.delete
[2026-07-30 12:45:44 WRN]
[Veteran Logistics]
[0.1.0]
[Machine: VVSPL1]
[Thread: 2]

User 'admin' with role 'Administrator' is requesting permissions.
[2026-07-30 12:45:44 WRN]
[Veteran Logistics]
[0.1.0]
[Machine: VVSPL1]
[Thread: 2]

User 'admin' with role 'Administrator' has 73 permissions.
[2026-07-30 12:45:44 WRN]
[Veteran Logistics]
[0.1.0]
[Machine: VVSPL1]
[Thread: 2]

User permissions: administration.users.view, administration.users.add, administration.users.edit, administration.users.activate, administration.users.delete, administration.roles.view, administration.roles.add, administration.roles.edit, administration.roles.activate, administration.roles.delete, administration.permissionmatrix.view, administration.permissionmatrix.manage, administration.financialyears.view, administration.financialyears.add, administration.financialyears.edit, administration.financialyears.activate, administration.financialyears.close, masters.companies.view, masters.companies.add, masters.companies.edit, masters.companies.delete, masters.customers.view, masters.customers.add, masters.customers.edit, masters.customers.delete, masters.vendors.view, masters.vendors.add, masters.vendors.edit, masters.vendors.delete, masters.sourcedestinations.view, masters.sourcedestinations.add, masters.sourcedestinations.edit, masters.sourcedestinations.delete, masters.materials.view, masters.materials.add, masters.materials.edit, masters.materials.delete, masters.fuelpumps.view, masters.fuelpumps.add, masters.fuelpumps.edit, masters.fuelpumps.delete, masters.hsdrates.view, masters.hsdrates.add, masters.hsdrates.edit, masters.hsdrates.delete, masters.paymentlocations.view, masters.paymentlocations.add, masters.paymentlocations.edit, masters.paymentlocations.delete, masters.vehicleowners.view, masters.vehicleowners.add, masters.vehicleowners.edit, masters.vehicleowners.delete, masters.vehicleassignments.view, masters.vehicleassignments.add, masters.vehicleassignments.edit, masters.vehicleassignments.delete, drivers.view, drivers.create, drivers.edit, drivers.delete, vehicles.view, vehicles.create, vehicles.edit, vehicles.delete, trips.view, trips.create, trips.edit, trips.delete, dispatches.view, dispatches.create, dispatches.edit, dispatches.delete
[2026-07-30 12:45:44 WRN]
[Veteran Logistics]
[0.1.0]
[Machine: VVSPL1]
[Thread: 2]

User 'admin' with role 'Administrator' is requesting permissions.
[2026-07-30 12:45:44 WRN]
[Veteran Logistics]
[0.1.0]
[Machine: VVSPL1]
[Thread: 2]

User 'admin' with role 'Administrator' has 73 permissions.
[2026-07-30 12:45:44 WRN]
[Veteran Logistics]
[0.1.0]
[Machine: VVSPL1]
[Thread: 2]

User permissions: administration.users.view, administration.users.add, administration.users.edit, administration.users.activate, administration.users.delete, administration.roles.view, administration.roles.add, administration.roles.edit, administration.roles.activate, administration.roles.delete, administration.permissionmatrix.view, administration.permissionmatrix.manage, administration.financialyears.view, administration.financialyears.add, administration.financialyears.edit, administration.financialyears.activate, administration.financialyears.close, masters.companies.view, masters.companies.add, masters.companies.edit, masters.companies.delete, masters.customers.view, masters.customers.add, masters.customers.edit, masters.customers.delete, masters.vendors.view, masters.vendors.add, masters.vendors.edit, masters.vendors.delete, masters.sourcedestinations.view, masters.sourcedestinations.add, masters.sourcedestinations.edit, masters.sourcedestinations.delete, masters.materials.view, masters.materials.add, masters.materials.edit, masters.materials.delete, masters.fuelpumps.view, masters.fuelpumps.add, masters.fuelpumps.edit, masters.fuelpumps.delete, masters.hsdrates.view, masters.hsdrates.add, masters.hsdrates.edit, masters.hsdrates.delete, masters.paymentlocations.view, masters.paymentlocations.add, masters.paymentlocations.edit, masters.paymentlocations.delete, masters.vehicleowners.view, masters.vehicleowners.add, masters.vehicleowners.edit, masters.vehicleowners.delete, masters.vehicleassignments.view, masters.vehicleassignments.add, masters.vehicleassignments.edit, masters.vehicleassignments.delete, drivers.view, drivers.create, drivers.edit, drivers.delete, vehicles.view, vehicles.create, vehicles.edit, vehicles.delete, trips.view, trips.create, trips.edit, trips.delete, dispatches.view, dispatches.create, dispatches.edit, dispatches.delete
[2026-07-30 12:45:44 WRN]
[Veteran Logistics]
[0.1.0]
[Machine: VVSPL1]
[Thread: 2]

User 'admin' with role 'Administrator' is requesting permissions.
[2026-07-30 12:45:44 WRN]
[Veteran Logistics]
[0.1.0]
[Machine: VVSPL1]
[Thread: 2]

User 'admin' with role 'Administrator' has 73 permissions.
[2026-07-30 12:45:44 WRN]
[Veteran Logistics]
[0.1.0]
[Machine: VVSPL1]
[Thread: 2]

User permissions: administration.users.view, administration.users.add, administration.users.edit, administration.users.activate, administration.users.delete, administration.roles.view, administration.roles.add, administration.roles.edit, administration.roles.activate, administration.roles.delete, administration.permissionmatrix.view, administration.permissionmatrix.manage, administration.financialyears.view, administration.financialyears.add, administration.financialyears.edit, administration.financialyears.activate, administration.financialyears.close, masters.companies.view, masters.companies.add, masters.companies.edit, masters.companies.delete, masters.customers.view, masters.customers.add, masters.customers.edit, masters.customers.delete, masters.vendors.view, masters.vendors.add, masters.vendors.edit, masters.vendors.delete, masters.sourcedestinations.view, masters.sourcedestinations.add, masters.sourcedestinations.edit, masters.sourcedestinations.delete, masters.materials.view, masters.materials.add, masters.materials.edit, masters.materials.delete, masters.fuelpumps.view, masters.fuelpumps.add, masters.fuelpumps.edit, masters.fuelpumps.delete, masters.hsdrates.view, masters.hsdrates.add, masters.hsdrates.edit, masters.hsdrates.delete, masters.paymentlocations.view, masters.paymentlocations.add, masters.paymentlocations.edit, masters.paymentlocations.delete, masters.vehicleowners.view, masters.vehicleowners.add, masters.vehicleowners.edit, masters.vehicleowners.delete, masters.vehicleassignments.view, masters.vehicleassignments.add, masters.vehicleassignments.edit, masters.vehicleassignments.delete, drivers.view, drivers.create, drivers.edit, drivers.delete, vehicles.view, vehicles.create, vehicles.edit, vehicles.delete, trips.view, trips.create, trips.edit, trips.delete, dispatches.view, dispatches.create, dispatches.edit, dispatches.delete
[2026-07-30 12:45:44 WRN]
[Veteran Logistics]
[0.1.0]
[Machine: VVSPL1]
[Thread: 2]

User 'admin' with role 'Administrator' is requesting permissions.
[2026-07-30 12:45:44 WRN]
[Veteran Logistics]
[0.1.0]
[Machine: VVSPL1]
[Thread: 2]

User 'admin' with role 'Administrator' has 73 permissions.
[2026-07-30 12:45:44 WRN]
[Veteran Logistics]
[0.1.0]
[Machine: VVSPL1]
[Thread: 2]

User permissions: administration.users.view, administration.users.add, administration.users.edit, administration.users.activate, administration.users.delete, administration.roles.view, administration.roles.add, administration.roles.edit, administration.roles.activate, administration.roles.delete, administration.permissionmatrix.view, administration.permissionmatrix.manage, administration.financialyears.view, administration.financialyears.add, administration.financialyears.edit, administration.financialyears.activate, administration.financialyears.close, masters.companies.view, masters.companies.add, masters.companies.edit, masters.companies.delete, masters.customers.view, masters.customers.add, masters.customers.edit, masters.customers.delete, masters.vendors.view, masters.vendors.add, masters.vendors.edit, masters.vendors.delete, masters.sourcedestinations.view, masters.sourcedestinations.add, masters.sourcedestinations.edit, masters.sourcedestinations.delete, masters.materials.view, masters.materials.add, masters.materials.edit, masters.materials.delete, masters.fuelpumps.view, masters.fuelpumps.add, masters.fuelpumps.edit, masters.fuelpumps.delete, masters.hsdrates.view, masters.hsdrates.add, masters.hsdrates.edit, masters.hsdrates.delete, masters.paymentlocations.view, masters.paymentlocations.add, masters.paymentlocations.edit, masters.paymentlocations.delete, masters.vehicleowners.view, masters.vehicleowners.add, masters.vehicleowners.edit, masters.vehicleowners.delete, masters.vehicleassignments.view, masters.vehicleassignments.add, masters.vehicleassignments.edit, masters.vehicleassignments.delete, drivers.view, drivers.create, drivers.edit, drivers.delete, vehicles.view, vehicles.create, vehicles.edit, vehicles.delete, trips.view, trips.create, trips.edit, trips.delete, dispatches.view, dispatches.create, dispatches.edit, dispatches.delete
[2026-07-30 12:45:44 WRN]
[Veteran Logistics]
[0.1.0]
[Machine: VVSPL1]
[Thread: 2]

User 'admin' with role 'Administrator' is requesting permissions.
[2026-07-30 12:45:44 WRN]
[Veteran Logistics]
[0.1.0]
[Machine: VVSPL1]
[Thread: 2]

User 'admin' with role 'Administrator' has 73 permissions.
[2026-07-30 12:45:44 WRN]
[Veteran Logistics]
[0.1.0]
[Machine: VVSPL1]
[Thread: 2]

User permissions: administration.users.view, administration.users.add, administration.users.edit, administration.users.activate, administration.users.delete, administration.roles.view, administration.roles.add, administration.roles.edit, administration.roles.activate, administration.roles.delete, administration.permissionmatrix.view, administration.permissionmatrix.manage, administration.financialyears.view, administration.financialyears.add, administration.financialyears.edit, administration.financialyears.activate, administration.financialyears.close, masters.companies.view, masters.companies.add, masters.companies.edit, masters.companies.delete, masters.customers.view, masters.customers.add, masters.customers.edit, masters.customers.delete, masters.vendors.view, masters.vendors.add, masters.vendors.edit, masters.vendors.delete, masters.sourcedestinations.view, masters.sourcedestinations.add, masters.sourcedestinations.edit, masters.sourcedestinations.delete, masters.materials.view, masters.materials.add, masters.materials.edit, masters.materials.delete, masters.fuelpumps.view, masters.fuelpumps.add, masters.fuelpumps.edit, masters.fuelpumps.delete, masters.hsdrates.view, masters.hsdrates.add, masters.hsdrates.edit, masters.hsdrates.delete, masters.paymentlocations.view, masters.paymentlocations.add, masters.paymentlocations.edit, masters.paymentlocations.delete, masters.vehicleowners.view, masters.vehicleowners.add, masters.vehicleowners.edit, masters.vehicleowners.delete, masters.vehicleassignments.view, masters.vehicleassignments.add, masters.vehicleassignments.edit, masters.vehicleassignments.delete, drivers.view, drivers.create, drivers.edit, drivers.delete, vehicles.view, vehicles.create, vehicles.edit, vehicles.delete, trips.view, trips.create, trips.edit, trips.delete, dispatches.view, dispatches.create, dispatches.edit, dispatches.delete
[2026-07-30 12:45:44 WRN]
[Veteran Logistics]
[0.1.0]
[Machine: VVSPL1]
[Thread: 2]

User 'admin' with role 'Administrator' is requesting permissions.
[2026-07-30 12:45:44 WRN]
[Veteran Logistics]
[0.1.0]
[Machine: VVSPL1]
[Thread: 2]

User 'admin' with role 'Administrator' has 73 permissions.
[2026-07-30 12:45:44 WRN]
[Veteran Logistics]
[0.1.0]
[Machine: VVSPL1]
[Thread: 2]

User permissions: administration.users.view, administration.users.add, administration.users.edit, administration.users.activate, administration.users.delete, administration.roles.view, administration.roles.add, administration.roles.edit, administration.roles.activate, administration.roles.delete, administration.permissionmatrix.view, administration.permissionmatrix.manage, administration.financialyears.view, administration.financialyears.add, administration.financialyears.edit, administration.financialyears.activate, administration.financialyears.close, masters.companies.view, masters.companies.add, masters.companies.edit, masters.companies.delete, masters.customers.view, masters.customers.add, masters.customers.edit, masters.customers.delete, masters.vendors.view, masters.vendors.add, masters.vendors.edit, masters.vendors.delete, masters.sourcedestinations.view, masters.sourcedestinations.add, masters.sourcedestinations.edit, masters.sourcedestinations.delete, masters.materials.view, masters.materials.add, masters.materials.edit, masters.materials.delete, masters.fuelpumps.view, masters.fuelpumps.add, masters.fuelpumps.edit, masters.fuelpumps.delete, masters.hsdrates.view, masters.hsdrates.add, masters.hsdrates.edit, masters.hsdrates.delete, masters.paymentlocations.view, masters.paymentlocations.add, masters.paymentlocations.edit, masters.paymentlocations.delete, masters.vehicleowners.view, masters.vehicleowners.add, masters.vehicleowners.edit, masters.vehicleowners.delete, masters.vehicleassignments.view, masters.vehicleassignments.add, masters.vehicleassignments.edit, masters.vehicleassignments.delete, drivers.view, drivers.create, drivers.edit, drivers.delete, vehicles.view, vehicles.create, vehicles.edit, vehicles.delete, trips.view, trips.create, trips.edit, trips.delete, dispatches.view, dispatches.create, dispatches.edit, dispatches.delete
[2026-07-30 12:45:44 WRN]
[Veteran Logistics]
[0.1.0]
[Machine: VVSPL1]
[Thread: 2]

User 'admin' with role 'Administrator' is requesting permissions.
[2026-07-30 12:45:44 WRN]
[Veteran Logistics]
[0.1.0]
[Machine: VVSPL1]
[Thread: 2]

User 'admin' with role 'Administrator' has 73 permissions.
[2026-07-30 12:45:44 WRN]
[Veteran Logistics]
[0.1.0]
[Machine: VVSPL1]
[Thread: 2]

User permissions: administration.users.view, administration.users.add, administration.users.edit, administration.users.activate, administration.users.delete, administration.roles.view, administration.roles.add, administration.roles.edit, administration.roles.activate, administration.roles.delete, administration.permissionmatrix.view, administration.permissionmatrix.manage, administration.financialyears.view, administration.financialyears.add, administration.financialyears.edit, administration.financialyears.activate, administration.financialyears.close, masters.companies.view, masters.companies.add, masters.companies.edit, masters.companies.delete, masters.customers.view, masters.customers.add, masters.customers.edit, masters.customers.delete, masters.vendors.view, masters.vendors.add, masters.vendors.edit, masters.vendors.delete, masters.sourcedestinations.view, masters.sourcedestinations.add, masters.sourcedestinations.edit, masters.sourcedestinations.delete, masters.materials.view, masters.materials.add, masters.materials.edit, masters.materials.delete, masters.fuelpumps.view, masters.fuelpumps.add, masters.fuelpumps.edit, masters.fuelpumps.delete, masters.hsdrates.view, masters.hsdrates.add, masters.hsdrates.edit, masters.hsdrates.delete, masters.paymentlocations.view, masters.paymentlocations.add, masters.paymentlocations.edit, masters.paymentlocations.delete, masters.vehicleowners.view, masters.vehicleowners.add, masters.vehicleowners.edit, masters.vehicleowners.delete, masters.vehicleassignments.view, masters.vehicleassignments.add, masters.vehicleassignments.edit, masters.vehicleassignments.delete, drivers.view, drivers.create, drivers.edit, drivers.delete, vehicles.view, vehicles.create, vehicles.edit, vehicles.delete, trips.view, trips.create, trips.edit, trips.delete, dispatches.view, dispatches.create, dispatches.edit, dispatches.delete
[2026-07-30 12:45:44 WRN]
[Veteran Logistics]
[0.1.0]
[Machine: VVSPL1]
[Thread: 2]

User 'admin' with role 'Administrator' is requesting permissions.
[2026-07-30 12:45:44 WRN]
[Veteran Logistics]
[0.1.0]
[Machine: VVSPL1]
[Thread: 2]

User 'admin' with role 'Administrator' has 73 permissions.
[2026-07-30 12:45:44 WRN]
[Veteran Logistics]
[0.1.0]
[Machine: VVSPL1]
[Thread: 2]

User permissions: administration.users.view, administration.users.add, administration.users.edit, administration.users.activate, administration.users.delete, administration.roles.view, administration.roles.add, administration.roles.edit, administration.roles.activate, administration.roles.delete, administration.permissionmatrix.view, administration.permissionmatrix.manage, administration.financialyears.view, administration.financialyears.add, administration.financialyears.edit, administration.financialyears.activate, administration.financialyears.close, masters.companies.view, masters.companies.add, masters.companies.edit, masters.companies.delete, masters.customers.view, masters.customers.add, masters.customers.edit, masters.customers.delete, masters.vendors.view, masters.vendors.add, masters.vendors.edit, masters.vendors.delete, masters.sourcedestinations.view, masters.sourcedestinations.add, masters.sourcedestinations.edit, masters.sourcedestinations.delete, masters.materials.view, masters.materials.add, masters.materials.edit, masters.materials.delete, masters.fuelpumps.view, masters.fuelpumps.add, masters.fuelpumps.edit, masters.fuelpumps.delete, masters.hsdrates.view, masters.hsdrates.add, masters.hsdrates.edit, masters.hsdrates.delete, masters.paymentlocations.view, masters.paymentlocations.add, masters.paymentlocations.edit, masters.paymentlocations.delete, masters.vehicleowners.view, masters.vehicleowners.add, masters.vehicleowners.edit, masters.vehicleowners.delete, masters.vehicleassignments.view, masters.vehicleassignments.add, masters.vehicleassignments.edit, masters.vehicleassignments.delete, drivers.view, drivers.create, drivers.edit, drivers.delete, vehicles.view, vehicles.create, vehicles.edit, vehicles.delete, trips.view, trips.create, trips.edit, trips.delete, dispatches.view, dispatches.create, dispatches.edit, dispatches.delete
[2026-07-30 12:45:44 WRN]
[Veteran Logistics]
[0.1.0]
[Machine: VVSPL1]
[Thread: 2]

User 'admin' with role 'Administrator' is requesting permissions.
[2026-07-30 12:45:44 WRN]
[Veteran Logistics]
[0.1.0]
[Machine: VVSPL1]
[Thread: 2]

User 'admin' with role 'Administrator' has 73 permissions.
[2026-07-30 12:45:44 WRN]
[Veteran Logistics]
[0.1.0]
[Machine: VVSPL1]
[Thread: 2]

User permissions: administration.users.view, administration.users.add, administration.users.edit, administration.users.activate, administration.users.delete, administration.roles.view, administration.roles.add, administration.roles.edit, administration.roles.activate, administration.roles.delete, administration.permissionmatrix.view, administration.permissionmatrix.manage, administration.financialyears.view, administration.financialyears.add, administration.financialyears.edit, administration.financialyears.activate, administration.financialyears.close, masters.companies.view, masters.companies.add, masters.companies.edit, masters.companies.delete, masters.customers.view, masters.customers.add, masters.customers.edit, masters.customers.delete, masters.vendors.view, masters.vendors.add, masters.vendors.edit, masters.vendors.delete, masters.sourcedestinations.view, masters.sourcedestinations.add, masters.sourcedestinations.edit, masters.sourcedestinations.delete, masters.materials.view, masters.materials.add, masters.materials.edit, masters.materials.delete, masters.fuelpumps.view, masters.fuelpumps.add, masters.fuelpumps.edit, masters.fuelpumps.delete, masters.hsdrates.view, masters.hsdrates.add, masters.hsdrates.edit, masters.hsdrates.delete, masters.paymentlocations.view, masters.paymentlocations.add, masters.paymentlocations.edit, masters.paymentlocations.delete, masters.vehicleowners.view, masters.vehicleowners.add, masters.vehicleowners.edit, masters.vehicleowners.delete, masters.vehicleassignments.view, masters.vehicleassignments.add, masters.vehicleassignments.edit, masters.vehicleassignments.delete, drivers.view, drivers.create, drivers.edit, drivers.delete, vehicles.view, vehicles.create, vehicles.edit, vehicles.delete, trips.view, trips.create, trips.edit, trips.delete, dispatches.view, dispatches.create, dispatches.edit, dispatches.delete
[2026-07-30 12:45:44 WRN]
[Veteran Logistics]
[0.1.0]
[Machine: VVSPL1]
[Thread: 2]

User 'admin' with role 'Administrator' is requesting permissions.
[2026-07-30 12:45:44 WRN]
[Veteran Logistics]
[0.1.0]
[Machine: VVSPL1]
[Thread: 2]

User 'admin' with role 'Administrator' has 73 permissions.
[2026-07-30 12:45:44 WRN]
[Veteran Logistics]
[0.1.0]
[Machine: VVSPL1]
[Thread: 2]

User permissions: administration.users.view, administration.users.add, administration.users.edit, administration.users.activate, administration.users.delete, administration.roles.view, administration.roles.add, administration.roles.edit, administration.roles.activate, administration.roles.delete, administration.permissionmatrix.view, administration.permissionmatrix.manage, administration.financialyears.view, administration.financialyears.add, administration.financialyears.edit, administration.financialyears.activate, administration.financialyears.close, masters.companies.view, masters.companies.add, masters.companies.edit, masters.companies.delete, masters.customers.view, masters.customers.add, masters.customers.edit, masters.customers.delete, masters.vendors.view, masters.vendors.add, masters.vendors.edit, masters.vendors.delete, masters.sourcedestinations.view, masters.sourcedestinations.add, masters.sourcedestinations.edit, masters.sourcedestinations.delete, masters.materials.view, masters.materials.add, masters.materials.edit, masters.materials.delete, masters.fuelpumps.view, masters.fuelpumps.add, masters.fuelpumps.edit, masters.fuelpumps.delete, masters.hsdrates.view, masters.hsdrates.add, masters.hsdrates.edit, masters.hsdrates.delete, masters.paymentlocations.view, masters.paymentlocations.add, masters.paymentlocations.edit, masters.paymentlocations.delete, masters.vehicleowners.view, masters.vehicleowners.add, masters.vehicleowners.edit, masters.vehicleowners.delete, masters.vehicleassignments.view, masters.vehicleassignments.add, masters.vehicleassignments.edit, masters.vehicleassignments.delete, drivers.view, drivers.create, drivers.edit, drivers.delete, vehicles.view, vehicles.create, vehicles.edit, vehicles.delete, trips.view, trips.create, trips.edit, trips.delete, dispatches.view, dispatches.create, dispatches.edit, dispatches.delete
[2026-07-30 12:45:44 WRN]
[Veteran Logistics]
[0.1.0]
[Machine: VVSPL1]
[Thread: 2]

User 'admin' with role 'Administrator' is requesting permissions.
[2026-07-30 12:45:44 WRN]
[Veteran Logistics]
[0.1.0]
[Machine: VVSPL1]
[Thread: 2]

User 'admin' with role 'Administrator' has 73 permissions.
[2026-07-30 12:45:44 WRN]
[Veteran Logistics]
[0.1.0]
[Machine: VVSPL1]
[Thread: 2]

User permissions: administration.users.view, administration.users.add, administration.users.edit, administration.users.activate, administration.users.delete, administration.roles.view, administration.roles.add, administration.roles.edit, administration.roles.activate, administration.roles.delete, administration.permissionmatrix.view, administration.permissionmatrix.manage, administration.financialyears.view, administration.financialyears.add, administration.financialyears.edit, administration.financialyears.activate, administration.financialyears.close, masters.companies.view, masters.companies.add, masters.companies.edit, masters.companies.delete, masters.customers.view, masters.customers.add, masters.customers.edit, masters.customers.delete, masters.vendors.view, masters.vendors.add, masters.vendors.edit, masters.vendors.delete, masters.sourcedestinations.view, masters.sourcedestinations.add, masters.sourcedestinations.edit, masters.sourcedestinations.delete, masters.materials.view, masters.materials.add, masters.materials.edit, masters.materials.delete, masters.fuelpumps.view, masters.fuelpumps.add, masters.fuelpumps.edit, masters.fuelpumps.delete, masters.hsdrates.view, masters.hsdrates.add, masters.hsdrates.edit, masters.hsdrates.delete, masters.paymentlocations.view, masters.paymentlocations.add, masters.paymentlocations.edit, masters.paymentlocations.delete, masters.vehicleowners.view, masters.vehicleowners.add, masters.vehicleowners.edit, masters.vehicleowners.delete, masters.vehicleassignments.view, masters.vehicleassignments.add, masters.vehicleassignments.edit, masters.vehicleassignments.delete, drivers.view, drivers.create, drivers.edit, drivers.delete, vehicles.view, vehicles.create, vehicles.edit, vehicles.delete, trips.view, trips.create, trips.edit, trips.delete, dispatches.view, dispatches.create, dispatches.edit, dispatches.delete
[2026-07-30 15:10:01 INF]
[Veteran Logistics]
[0.1.0]
[Machine: VVSPL1]
[Thread: 2]

Generating loading report with filters and search
[2026-07-30 15:10:01 WRN]
[Veteran Logistics]
[0.1.0]
[Machine: VVSPL1]
[Thread: 2]

The query uses the 'First'/'FirstOrDefault' operator without 'OrderBy' and filter operators. This may lead to unpredictable results.
[2026-07-30 15:11:03 WRN]
[Veteran Logistics]
[0.1.0]
[Machine: VVSPL1]
[Thread: 2]

User 'admin' with role 'Administrator' is requesting permissions.
[2026-07-30 15:11:03 WRN]
[Veteran Logistics]
[0.1.0]
[Machine: VVSPL1]
[Thread: 2]

User 'admin' with role 'Administrator' has 73 permissions.
[2026-07-30 15:11:03 WRN]
[Veteran Logistics]
[0.1.0]
[Machine: VVSPL1]
[Thread: 2]

User permissions: administration.users.view, administration.users.add, administration.users.edit, administration.users.activate, administration.users.delete, administration.roles.view, administration.roles.add, administration.roles.edit, administration.roles.activate, administration.roles.delete, administration.permissionmatrix.view, administration.permissionmatrix.manage, administration.financialyears.view, administration.financialyears.add, administration.financialyears.edit, administration.financialyears.activate, administration.financialyears.close, masters.companies.view, masters.companies.add, masters.companies.edit, masters.companies.delete, masters.customers.view, masters.customers.add, masters.customers.edit, masters.customers.delete, masters.vendors.view, masters.vendors.add, masters.vendors.edit, masters.vendors.delete, masters.sourcedestinations.view, masters.sourcedestinations.add, masters.sourcedestinations.edit, masters.sourcedestinations.delete, masters.materials.view, masters.materials.add, masters.materials.edit, masters.materials.delete, masters.fuelpumps.view, masters.fuelpumps.add, masters.fuelpumps.edit, masters.fuelpumps.delete, masters.hsdrates.view, masters.hsdrates.add, masters.hsdrates.edit, masters.hsdrates.delete, masters.paymentlocations.view, masters.paymentlocations.add, masters.paymentlocations.edit, masters.paymentlocations.delete, masters.vehicleowners.view, masters.vehicleowners.add, masters.vehicleowners.edit, masters.vehicleowners.delete, masters.vehicleassignments.view, masters.vehicleassignments.add, masters.vehicleassignments.edit, masters.vehicleassignments.delete, drivers.view, drivers.create, drivers.edit, drivers.delete, vehicles.view, vehicles.create, vehicles.edit, vehicles.delete, trips.view, trips.create, trips.edit, trips.delete, dispatches.view, dispatches.create, dispatches.edit, dispatches.delete
[2026-07-30 15:11:03 WRN]
[Veteran Logistics]
[0.1.0]
[Machine: VVSPL1]
[Thread: 2]

User 'admin' with role 'Administrator' is requesting permissions.
[2026-07-30 15:11:03 WRN]
[Veteran Logistics]
[0.1.0]
[Machine: VVSPL1]
[Thread: 2]

User 'admin' with role 'Administrator' has 73 permissions.
[2026-07-30 15:11:03 WRN]
[Veteran Logistics]
[0.1.0]
[Machine: VVSPL1]
[Thread: 2]

User permissions: administration.users.view, administration.users.add, administration.users.edit, administration.users.activate, administration.users.delete, administration.roles.view, administration.roles.add, administration.roles.edit, administration.roles.activate, administration.roles.delete, administration.permissionmatrix.view, administration.permissionmatrix.manage, administration.financialyears.view, administration.financialyears.add, administration.financialyears.edit, administration.financialyears.activate, administration.financialyears.close, masters.companies.view, masters.companies.add, masters.companies.edit, masters.companies.delete, masters.customers.view, masters.customers.add, masters.customers.edit, masters.customers.delete, masters.vendors.view, masters.vendors.add, masters.vendors.edit, masters.vendors.delete, masters.sourcedestinations.view, masters.sourcedestinations.add, masters.sourcedestinations.edit, masters.sourcedestinations.delete, masters.materials.view, masters.materials.add, masters.materials.edit, masters.materials.delete, masters.fuelpumps.view, masters.fuelpumps.add, masters.fuelpumps.edit, masters.fuelpumps.delete, masters.hsdrates.view, masters.hsdrates.add, masters.hsdrates.edit, masters.hsdrates.delete, masters.paymentlocations.view, masters.paymentlocations.add, masters.paymentlocations.edit, masters.paymentlocations.delete, masters.vehicleowners.view, masters.vehicleowners.add, masters.vehicleowners.edit, masters.vehicleowners.delete, masters.vehicleassignments.view, masters.vehicleassignments.add, masters.vehicleassignments.edit, masters.vehicleassignments.delete, drivers.view, drivers.create, drivers.edit, drivers.delete, vehicles.view, vehicles.create, vehicles.edit, vehicles.delete, trips.view, trips.create, trips.edit, trips.delete, dispatches.view, dispatches.create, dispatches.edit, dispatches.delete
[2026-07-30 15:11:03 WRN]
[Veteran Logistics]
[0.1.0]
[Machine: VVSPL1]
[Thread: 2]

User 'admin' with role 'Administrator' is requesting permissions.
[2026-07-30 15:11:03 WRN]
[Veteran Logistics]
[0.1.0]
[Machine: VVSPL1]
[Thread: 2]

User 'admin' with role 'Administrator' has 73 permissions.
[2026-07-30 15:11:03 WRN]
[Veteran Logistics]
[0.1.0]
[Machine: VVSPL1]
[Thread: 2]

User permissions: administration.users.view, administration.users.add, administration.users.edit, administration.users.activate, administration.users.delete, administration.roles.view, administration.roles.add, administration.roles.edit, administration.roles.activate, administration.roles.delete, administration.permissionmatrix.view, administration.permissionmatrix.manage, administration.financialyears.view, administration.financialyears.add, administration.financialyears.edit, administration.financialyears.activate, administration.financialyears.close, masters.companies.view, masters.companies.add, masters.companies.edit, masters.companies.delete, masters.customers.view, masters.customers.add, masters.customers.edit, masters.customers.delete, masters.vendors.view, masters.vendors.add, masters.vendors.edit, masters.vendors.delete, masters.sourcedestinations.view, masters.sourcedestinations.add, masters.sourcedestinations.edit, masters.sourcedestinations.delete, masters.materials.view, masters.materials.add, masters.materials.edit, masters.materials.delete, masters.fuelpumps.view, masters.fuelpumps.add, masters.fuelpumps.edit, masters.fuelpumps.delete, masters.hsdrates.view, masters.hsdrates.add, masters.hsdrates.edit, masters.hsdrates.delete, masters.paymentlocations.view, masters.paymentlocations.add, masters.paymentlocations.edit, masters.paymentlocations.delete, masters.vehicleowners.view, masters.vehicleowners.add, masters.vehicleowners.edit, masters.vehicleowners.delete, masters.vehicleassignments.view, masters.vehicleassignments.add, masters.vehicleassignments.edit, masters.vehicleassignments.delete, drivers.view, drivers.create, drivers.edit, drivers.delete, vehicles.view, vehicles.create, vehicles.edit, vehicles.delete, trips.view, trips.create, trips.edit, trips.delete, dispatches.view, dispatches.create, dispatches.edit, dispatches.delete
[2026-07-30 15:11:03 WRN]
[Veteran Logistics]
[0.1.0]
[Machine: VVSPL1]
[Thread: 2]

User 'admin' with role 'Administrator' is requesting permissions.
[2026-07-30 15:11:03 WRN]
[Veteran Logistics]
[0.1.0]
[Machine: VVSPL1]
[Thread: 2]

User 'admin' with role 'Administrator' has 73 permissions.
[2026-07-30 15:11:03 WRN]
[Veteran Logistics]
[0.1.0]
[Machine: VVSPL1]
[Thread: 2]

User permissions: administration.users.view, administration.users.add, administration.users.edit, administration.users.activate, administration.users.delete, administration.roles.view, administration.roles.add, administration.roles.edit, administration.roles.activate, administration.roles.delete, administration.permissionmatrix.view, administration.permissionmatrix.manage, administration.financialyears.view, administration.financialyears.add, administration.financialyears.edit, administration.financialyears.activate, administration.financialyears.close, masters.companies.view, masters.companies.add, masters.companies.edit, masters.companies.delete, masters.customers.view, masters.customers.add, masters.customers.edit, masters.customers.delete, masters.vendors.view, masters.vendors.add, masters.vendors.edit, masters.vendors.delete, masters.sourcedestinations.view, masters.sourcedestinations.add, masters.sourcedestinations.edit, masters.sourcedestinations.delete, masters.materials.view, masters.materials.add, masters.materials.edit, masters.materials.delete, masters.fuelpumps.view, masters.fuelpumps.add, masters.fuelpumps.edit, masters.fuelpumps.delete, masters.hsdrates.view, masters.hsdrates.add, masters.hsdrates.edit, masters.hsdrates.delete, masters.paymentlocations.view, masters.paymentlocations.add, masters.paymentlocations.edit, masters.paymentlocations.delete, masters.vehicleowners.view, masters.vehicleowners.add, masters.vehicleowners.edit, masters.vehicleowners.delete, masters.vehicleassignments.view, masters.vehicleassignments.add, masters.vehicleassignments.edit, masters.vehicleassignments.delete, drivers.view, drivers.create, drivers.edit, drivers.delete, vehicles.view, vehicles.create, vehicles.edit, vehicles.delete, trips.view, trips.create, trips.edit, trips.delete, dispatches.view, dispatches.create, dispatches.edit, dispatches.delete
[2026-07-30 15:11:05 INF]
[Veteran Logistics]
[0.1.0]
[Machine: VVSPL1]
[Thread: 2]

Generating loading report with filters and search
[2026-07-30 15:11:05 WRN]
[Veteran Logistics]
[0.1.0]
[Machine: VVSPL1]
[Thread: 2]

The query uses the 'First'/'FirstOrDefault' operator without 'OrderBy' and filter operators. This may lead to unpredictable results.
[2026-07-30 15:13:44 INF]
[Veteran Logistics]
[0.1.0]
[Machine: VVSPL1]
[Thread: 2]

Generating loading report with filters and search
[2026-07-30 15:13:44 WRN]
[Veteran Logistics]
[0.1.0]
[Machine: VVSPL1]
[Thread: 2]

The query uses the 'First'/'FirstOrDefault' operator without 'OrderBy' and filter operators. This may lead to unpredictable results.
[2026-07-30 15:13:44 INF]
[Veteran Logistics]
[0.1.0]
[Machine: VVSPL1]
[Thread: 2]

Loading report generated successfully with 2 records
[2026-07-30 15:13:44 INF]
[Veteran Logistics]
[0.1.0]
[Machine: VVSPL1]
[Thread: 2]

Generating loading report with filters and search
[2026-07-30 15:13:44 INF]
[Veteran Logistics]
[0.1.0]
[Machine: VVSPL1]
[Thread: 2]

Loading report generated successfully with 2 records
[2026-07-30 15:14:08 INF]
[Veteran Logistics]
[0.1.0]
[Machine: VVSPL1]
[Thread: 2]

Generating loading report with filters and search
[2026-07-30 15:14:08 WRN]
[Veteran Logistics]
[0.1.0]
[Machine: VVSPL1]
[Thread: 2]

The query uses the 'First'/'FirstOrDefault' operator without 'OrderBy' and filter operators. This may lead to unpredictable results.
[2026-07-30 15:14:08 INF]
[Veteran Logistics]
[0.1.0]
[Machine: VVSPL1]
[Thread: 2]

Loading report generated successfully with 2 records
[2026-07-30 15:20:33 INF]
[Veteran Logistics]
[0.1.0]
[Machine: VVSPL1]
[Thread: 2]

Getting all source/destinations
[2026-07-30 15:20:33 INF]
[Veteran Logistics]
[0.1.0]
[Machine: VVSPL1]
[Thread: 2]

Retrieved 3 source/destinations
[2026-07-30 15:20:33 INF]
[Veteran Logistics]
[0.1.0]
[Machine: VVSPL1]
[Thread: 2]

Retrieved 3 materials
[2026-07-30 15:20:33 INF]
[Veteran Logistics]
[0.1.0]
[Machine: VVSPL1]
[Thread: 2]

Generating loading report with filters and search
[2026-07-30 15:20:33 WRN]
[Veteran Logistics]
[0.1.0]
[Machine: VVSPL1]
[Thread: 2]

The query uses the 'First'/'FirstOrDefault' operator without 'OrderBy' and filter operators. This may lead to unpredictable results.
[2026-07-30 15:20:33 INF]
[Veteran Logistics]
[0.1.0]
[Machine: VVSPL1]
[Thread: 2]

Loading report generated successfully with 2 records
[2026-07-30 15:20:33 INF]
[Veteran Logistics]
[0.1.0]
[Machine: VVSPL1]
[Thread: 2]

Generating loading report with filters and search
[2026-07-30 15:20:33 INF]
[Veteran Logistics]
[0.1.0]
[Machine: VVSPL1]
[Thread: 2]

Loading report generated successfully with 2 records
[2026-07-30 15:20:36 INF]
[Veteran Logistics]
[0.1.0]
[Machine: VVSPL1]
[Thread: 2]

Generating loading report with filters and search
[2026-07-30 15:20:36 INF]
[Veteran Logistics]
[0.1.0]
[Machine: VVSPL1]
[Thread: 2]

Loading report generated successfully with 2 records
[2026-07-30 15:20:44 INF]
[Veteran Logistics]
[0.1.0]
[Machine: VVSPL1]
[Thread: 2]

Generating loading report with filters and search
[2026-07-30 15:20:44 INF]
[Veteran Logistics]
[0.1.0]
[Machine: VVSPL1]
[Thread: 2]

Loading report generated successfully with 2 records
[2026-07-30 15:20:57 INF]
[Veteran Logistics]
[0.1.0]
[Machine: VVSPL1]
[Thread: 2]

Generating loading report with filters and search
[2026-07-30 15:20:57 WRN]
[Veteran Logistics]
[0.1.0]
[Machine: VVSPL1]
[Thread: 2]

The query uses the 'First'/'FirstOrDefault' operator without 'OrderBy' and filter operators. This may lead to unpredictable results.
[2026-07-30 15:20:57 INF]
[Veteran Logistics]
[0.1.0]
[Machine: VVSPL1]
[Thread: 2]

Loading report generated successfully with 1 records
[2026-07-30 15:21:57 INF]
[Veteran Logistics]
[0.1.0]
[Machine: VVSPL1]
[Thread: 2]

Generating loading report with filters and search
[2026-07-30 15:21:57 INF]
[Veteran Logistics]
[0.1.0]
[Machine: VVSPL1]
[Thread: 2]

Loading report generated successfully with 1 records
[2026-07-30 15:21:58 INF]
[Veteran Logistics]
[0.1.0]
[Machine: VVSPL1]
[Thread: 2]

Generating loading report with filters and search
[2026-07-30 15:21:58 INF]
[Veteran Logistics]
[0.1.0]
[Machine: VVSPL1]
[Thread: 2]

Loading report generated successfully with 1 records
[2026-07-30 15:21:59 INF]
[Veteran Logistics]
[0.1.0]
[Machine: VVSPL1]
[Thread: 2]

Generating loading report with filters and search
[2026-07-30 15:21:59 INF]
[Veteran Logistics]
[0.1.0]
[Machine: VVSPL1]
[Thread: 2]

Loading report generated successfully with 1 records
[2026-07-30 15:21:59 INF]
[Veteran Logistics]
[0.1.0]
[Machine: VVSPL1]
[Thread: 2]

Generating loading report with filters and search
[2026-07-30 15:21:59 INF]
[Veteran Logistics]
[0.1.0]
[Machine: VVSPL1]
[Thread: 2]

Loading report generated successfully with 1 records
[2026-07-30 15:21:59 INF]
[Veteran Logistics]
[0.1.0]
[Machine: VVSPL1]
[Thread: 2]

Generating loading report with filters and search
[2026-07-30 15:21:59 INF]
[Veteran Logistics]
[0.1.0]
[Machine: VVSPL1]
[Thread: 2]

Loading report generated successfully with 1 records
[2026-07-30 15:21:59 INF]
[Veteran Logistics]
[0.1.0]
[Machine: VVSPL1]
[Thread: 2]

Generating loading report with filters and search
[2026-07-30 15:21:59 INF]
[Veteran Logistics]
[0.1.0]
[Machine: VVSPL1]
[Thread: 2]

Loading report generated successfully with 1 records
[2026-07-30 15:21:59 INF]
[Veteran Logistics]
[0.1.0]
[Machine: VVSPL1]
[Thread: 2]

Generating loading report with filters and search
[2026-07-30 15:21:59 INF]
[Veteran Logistics]
[0.1.0]
[Machine: VVSPL1]
[Thread: 2]

Loading report generated successfully with 1 records
[2026-07-30 15:22:00 INF]
[Veteran Logistics]
[0.1.0]
[Machine: VVSPL1]
[Thread: 2]

Generating loading report with filters and search
[2026-07-30 15:22:00 INF]
[Veteran Logistics]
[0.1.0]
[Machine: VVSPL1]
[Thread: 2]

Loading report generated successfully with 2 records
[2026-07-30 15:28:14 INF]
[Veteran Logistics]
[0.1.0]
[Machine: VVSPL1]
[Thread: 2]

Getting all source/destinations
[2026-07-30 15:28:14 INF]
[Veteran Logistics]
[0.1.0]
[Machine: VVSPL1]
[Thread: 2]

Retrieved 3 source/destinations
[2026-07-30 15:28:14 INF]
[Veteran Logistics]
[0.1.0]
[Machine: VVSPL1]
[Thread: 2]

Retrieved 3 materials
[2026-07-30 15:28:14 INF]
[Veteran Logistics]
[0.1.0]
[Machine: VVSPL1]
[Thread: 2]

Generating loading report with filters and search
[2026-07-30 15:28:14 WRN]
[Veteran Logistics]
[0.1.0]
[Machine: VVSPL1]
[Thread: 2]

The query uses the 'First'/'FirstOrDefault' operator without 'OrderBy' and filter operators. This may lead to unpredictable results.
[2026-07-30 15:28:14 INF]
[Veteran Logistics]
[0.1.0]
[Machine: VVSPL1]
[Thread: 2]

Loading report generated successfully with 2 records
[2026-07-30 15:28:15 INF]
[Veteran Logistics]
[0.1.0]
[Machine: VVSPL1]
[Thread: 2]

Generating loading report with filters and search
[2026-07-30 15:28:15 INF]
[Veteran Logistics]
[0.1.0]
[Machine: VVSPL1]
[Thread: 2]

Loading report generated successfully with 2 records
[2026-07-30 15:28:23 INF]
[Veteran Logistics]
[0.1.0]
[Machine: VVSPL1]
[Thread: 2]

Starting PDF export for loading report to C:\Users\infov\Documents\LoadingReport_20260730_152821.pdf
[2026-07-30 15:29:13 WRN]
[Veteran Logistics]
[0.1.0]
[Machine: VVSPL1]
[Thread: 2]

User 'admin' with role 'Administrator' is requesting permissions.
[2026-07-30 15:29:13 WRN]
[Veteran Logistics]
[0.1.0]
[Machine: VVSPL1]
[Thread: 2]

User 'admin' with role 'Administrator' has 73 permissions.
[2026-07-30 15:29:13 WRN]
[Veteran Logistics]
[0.1.0]
[Machine: VVSPL1]
[Thread: 2]

User permissions: administration.users.view, administration.users.add, administration.users.edit, administration.users.activate, administration.users.delete, administration.roles.view, administration.roles.add, administration.roles.edit, administration.roles.activate, administration.roles.delete, administration.permissionmatrix.view, administration.permissionmatrix.manage, administration.financialyears.view, administration.financialyears.add, administration.financialyears.edit, administration.financialyears.activate, administration.financialyears.close, masters.companies.view, masters.companies.add, masters.companies.edit, masters.companies.delete, masters.customers.view, masters.customers.add, masters.customers.edit, masters.customers.delete, masters.vendors.view, masters.vendors.add, masters.vendors.edit, masters.vendors.delete, masters.sourcedestinations.view, masters.sourcedestinations.add, masters.sourcedestinations.edit, masters.sourcedestinations.delete, masters.materials.view, masters.materials.add, masters.materials.edit, masters.materials.delete, masters.fuelpumps.view, masters.fuelpumps.add, masters.fuelpumps.edit, masters.fuelpumps.delete, masters.hsdrates.view, masters.hsdrates.add, masters.hsdrates.edit, masters.hsdrates.delete, masters.paymentlocations.view, masters.paymentlocations.add, masters.paymentlocations.edit, masters.paymentlocations.delete, masters.vehicleowners.view, masters.vehicleowners.add, masters.vehicleowners.edit, masters.vehicleowners.delete, masters.vehicleassignments.view, masters.vehicleassignments.add, masters.vehicleassignments.edit, masters.vehicleassignments.delete, drivers.view, drivers.create, drivers.edit, drivers.delete, vehicles.view, vehicles.create, vehicles.edit, vehicles.delete, trips.view, trips.create, trips.edit, trips.delete, dispatches.view, dispatches.create, dispatches.edit, dispatches.delete
[2026-07-30 15:29:13 WRN]
[Veteran Logistics]
[0.1.0]
[Machine: VVSPL1]
[Thread: 2]

User 'admin' with role 'Administrator' is requesting permissions.
[2026-07-30 15:29:13 WRN]
[Veteran Logistics]
[0.1.0]
[Machine: VVSPL1]
[Thread: 2]

User 'admin' with role 'Administrator' has 73 permissions.
[2026-07-30 15:29:13 WRN]
[Veteran Logistics]
[0.1.0]
[Machine: VVSPL1]
[Thread: 2]

User permissions: administration.users.view, administration.users.add, administration.users.edit, administration.users.activate, administration.users.delete, administration.roles.view, administration.roles.add, administration.roles.edit, administration.roles.activate, administration.roles.delete, administration.permissionmatrix.view, administration.permissionmatrix.manage, administration.financialyears.view, administration.financialyears.add, administration.financialyears.edit, administration.financialyears.activate, administration.financialyears.close, masters.companies.view, masters.companies.add, masters.companies.edit, masters.companies.delete, masters.customers.view, masters.customers.add, masters.customers.edit, masters.customers.delete, masters.vendors.view, masters.vendors.add, masters.vendors.edit, masters.vendors.delete, masters.sourcedestinations.view, masters.sourcedestinations.add, masters.sourcedestinations.edit, masters.sourcedestinations.delete, masters.materials.view, masters.materials.add, masters.materials.edit, masters.materials.delete, masters.fuelpumps.view, masters.fuelpumps.add, masters.fuelpumps.edit, masters.fuelpumps.delete, masters.hsdrates.view, masters.hsdrates.add, masters.hsdrates.edit, masters.hsdrates.delete, masters.paymentlocations.view, masters.paymentlocations.add, masters.paymentlocations.edit, masters.paymentlocations.delete, masters.vehicleowners.view, masters.vehicleowners.add, masters.vehicleowners.edit, masters.vehicleowners.delete, masters.vehicleassignments.view, masters.vehicleassignments.add, masters.vehicleassignments.edit, masters.vehicleassignments.delete, drivers.view, drivers.create, drivers.edit, drivers.delete, vehicles.view, vehicles.create, vehicles.edit, vehicles.delete, trips.view, trips.create, trips.edit, trips.delete, dispatches.view, dispatches.create, dispatches.edit, dispatches.delete
[2026-07-30 15:29:13 WRN]
[Veteran Logistics]
[0.1.0]
[Machine: VVSPL1]
[Thread: 2]

User 'admin' with role 'Administrator' is requesting permissions.
[2026-07-30 15:29:13 WRN]
[Veteran Logistics]
[0.1.0]
[Machine: VVSPL1]
[Thread: 2]

User 'admin' with role 'Administrator' has 73 permissions.
[2026-07-30 15:29:13 WRN]
[Veteran Logistics]
[0.1.0]
[Machine: VVSPL1]
[Thread: 2]

User permissions: administration.users.view, administration.users.add, administration.users.edit, administration.users.activate, administration.users.delete, administration.roles.view, administration.roles.add, administration.roles.edit, administration.roles.activate, administration.roles.delete, administration.permissionmatrix.view, administration.permissionmatrix.manage, administration.financialyears.view, administration.financialyears.add, administration.financialyears.edit, administration.financialyears.activate, administration.financialyears.close, masters.companies.view, masters.companies.add, masters.companies.edit, masters.companies.delete, masters.customers.view, masters.customers.add, masters.customers.edit, masters.customers.delete, masters.vendors.view, masters.vendors.add, masters.vendors.edit, masters.vendors.delete, masters.sourcedestinations.view, masters.sourcedestinations.add, masters.sourcedestinations.edit, masters.sourcedestinations.delete, masters.materials.view, masters.materials.add, masters.materials.edit, masters.materials.delete, masters.fuelpumps.view, masters.fuelpumps.add, masters.fuelpumps.edit, masters.fuelpumps.delete, masters.hsdrates.view, masters.hsdrates.add, masters.hsdrates.edit, masters.hsdrates.delete, masters.paymentlocations.view, masters.paymentlocations.add, masters.paymentlocations.edit, masters.paymentlocations.delete, masters.vehicleowners.view, masters.vehicleowners.add, masters.vehicleowners.edit, masters.vehicleowners.delete, masters.vehicleassignments.view, masters.vehicleassignments.add, masters.vehicleassignments.edit, masters.vehicleassignments.delete, drivers.view, drivers.create, drivers.edit, drivers.delete, vehicles.view, vehicles.create, vehicles.edit, vehicles.delete, trips.view, trips.create, trips.edit, trips.delete, dispatches.view, dispatches.create, dispatches.edit, dispatches.delete
[2026-07-30 15:29:13 WRN]
[Veteran Logistics]
[0.1.0]
[Machine: VVSPL1]
[Thread: 2]

User 'admin' with role 'Administrator' is requesting permissions.
[2026-07-30 15:29:13 WRN]
[Veteran Logistics]
[0.1.0]
[Machine: VVSPL1]
[Thread: 2]

User 'admin' with role 'Administrator' has 73 permissions.
[2026-07-30 15:29:13 WRN]
[Veteran Logistics]
[0.1.0]
[Machine: VVSPL1]
[Thread: 2]

User permissions: administration.users.view, administration.users.add, administration.users.edit, administration.users.activate, administration.users.delete, administration.roles.view, administration.roles.add, administration.roles.edit, administration.roles.activate, administration.roles.delete, administration.permissionmatrix.view, administration.permissionmatrix.manage, administration.financialyears.view, administration.financialyears.add, administration.financialyears.edit, administration.financialyears.activate, administration.financialyears.close, masters.companies.view, masters.companies.add, masters.companies.edit, masters.companies.delete, masters.customers.view, masters.customers.add, masters.customers.edit, masters.customers.delete, masters.vendors.view, masters.vendors.add, masters.vendors.edit, masters.vendors.delete, masters.sourcedestinations.view, masters.sourcedestinations.add, masters.sourcedestinations.edit, masters.sourcedestinations.delete, masters.materials.view, masters.materials.add, masters.materials.edit, masters.materials.delete, masters.fuelpumps.view, masters.fuelpumps.add, masters.fuelpumps.edit, masters.fuelpumps.delete, masters.hsdrates.view, masters.hsdrates.add, masters.hsdrates.edit, masters.hsdrates.delete, masters.paymentlocations.view, masters.paymentlocations.add, masters.paymentlocations.edit, masters.paymentlocations.delete, masters.vehicleowners.view, masters.vehicleowners.add, masters.vehicleowners.edit, masters.vehicleowners.delete, masters.vehicleassignments.view, masters.vehicleassignments.add, masters.vehicleassignments.edit, masters.vehicleassignments.delete, drivers.view, drivers.create, drivers.edit, drivers.delete, vehicles.view, vehicles.create, vehicles.edit, vehicles.delete, trips.view, trips.create, trips.edit, trips.delete, dispatches.view, dispatches.create, dispatches.edit, dispatches.delete
[2026-07-30 15:29:14 INF]
[Veteran Logistics]
[0.1.0]
[Machine: VVSPL1]
[Thread: 2]

Getting all source/destinations
[2026-07-30 15:29:14 INF]
[Veteran Logistics]
[0.1.0]
[Machine: VVSPL1]
[Thread: 2]

Retrieved 3 source/destinations
[2026-07-30 15:29:14 INF]
[Veteran Logistics]
[0.1.0]
[Machine: VVSPL1]
[Thread: 2]

Retrieved 3 materials
[2026-07-30 15:29:14 INF]
[Veteran Logistics]
[0.1.0]
[Machine: VVSPL1]
[Thread: 2]

Generating loading report with filters and search
[2026-07-30 15:29:14 WRN]
[Veteran Logistics]
[0.1.0]
[Machine: VVSPL1]
[Thread: 2]

The query uses the 'First'/'FirstOrDefault' operator without 'OrderBy' and filter operators. This may lead to unpredictable results.
[2026-07-30 15:29:14 INF]
[Veteran Logistics]
[0.1.0]
[Machine: VVSPL1]
[Thread: 2]

Loading report generated successfully with 2 records
[2026-07-30 15:29:14 INF]
[Veteran Logistics]
[0.1.0]
[Machine: VVSPL1]
[Thread: 2]

Generating loading report with filters and search
[2026-07-30 15:29:14 INF]
[Veteran Logistics]
[0.1.0]
[Machine: VVSPL1]
[Thread: 2]

Loading report generated successfully with 2 records
[2026-07-30 15:29:18 INF]
[Veteran Logistics]
[0.1.0]
[Machine: VVSPL1]
[Thread: 2]

Starting Excel export for loading report to C:\Users\infov\Documents\LoadingReport_20260730_152916.xlsx
[2026-07-30 15:29:19 INF]
[Veteran Logistics]
[0.1.0]
[Machine: VVSPL1]
[Thread: 2]

Excel export completed successfully for 2 records
[2026-07-30 15:35:30 INF]
[Veteran Logistics]
[0.1.0]
[Machine: VVSPL1]
[Thread: 2]

Getting all source/destinations
[2026-07-30 15:35:30 INF]
[Veteran Logistics]
[0.1.0]
[Machine: VVSPL1]
[Thread: 2]

Retrieved 3 source/destinations
[2026-07-30 15:35:30 INF]
[Veteran Logistics]
[0.1.0]
[Machine: VVSPL1]
[Thread: 2]

Retrieved 3 materials
[2026-07-30 15:35:30 INF]
[Veteran Logistics]
[0.1.0]
[Machine: VVSPL1]
[Thread: 2]

Generating loading report with filters and search
[2026-07-30 15:35:30 WRN]
[Veteran Logistics]
[0.1.0]
[Machine: VVSPL1]
[Thread: 2]

The query uses the 'First'/'FirstOrDefault' operator without 'OrderBy' and filter operators. This may lead to unpredictable results.
[2026-07-30 15:35:30 INF]
[Veteran Logistics]
[0.1.0]
[Machine: VVSPL1]
[Thread: 2]

Loading report generated successfully with 2 records
[2026-07-30 15:35:30 INF]
[Veteran Logistics]
[0.1.0]
[Machine: VVSPL1]
[Thread: 2]

Generating loading report with filters and search
[2026-07-30 15:35:30 INF]
[Veteran Logistics]
[0.1.0]
[Machine: VVSPL1]
[Thread: 2]

Loading report generated successfully with 2 records
[2026-07-30 15:35:35 INF]
[Veteran Logistics]
[0.1.0]
[Machine: VVSPL1]
[Thread: 2]

Starting PDF export for loading report to C:\Users\infov\Documents\LoadingReport_20260730_153533.pdf
[2026-07-30 15:36:18 INF]
[Veteran Logistics]
[0.1.0]
[Machine: VVSPL1]
[Thread: 2]

Starting Excel export for loading report to C:\Users\infov\Documents\LoadingReport_20260730_153616.xlsx
[2026-07-30 15:36:19 INF]
[Veteran Logistics]
[0.1.0]
[Machine: VVSPL1]
[Thread: 2]

Excel export completed successfully for 2 records
[2026-07-30 15:41:30 INF]
[Veteran Logistics]
[0.1.0]
[Machine: VVSPL1]
[Thread: 2]

Getting all source/destinations
[2026-07-30 15:41:30 INF]
[Veteran Logistics]
[0.1.0]
[Machine: VVSPL1]
[Thread: 2]

Retrieved 3 source/destinations
[2026-07-30 15:41:30 INF]
[Veteran Logistics]
[0.1.0]
[Machine: VVSPL1]
[Thread: 2]

Retrieved 3 materials
[2026-07-30 15:41:30 INF]
[Veteran Logistics]
[0.1.0]
[Machine: VVSPL1]
[Thread: 2]

Generating loading report with filters and search
[2026-07-30 15:41:30 WRN]
[Veteran Logistics]
[0.1.0]
[Machine: VVSPL1]
[Thread: 2]

The query uses the 'First'/'FirstOrDefault' operator without 'OrderBy' and filter operators. This may lead to unpredictable results.
[2026-07-30 15:41:30 INF]
[Veteran Logistics]
[0.1.0]
[Machine: VVSPL1]
[Thread: 2]

Loading report generated successfully with 2 records
[2026-07-30 15:41:30 INF]
[Veteran Logistics]
[0.1.0]
[Machine: VVSPL1]
[Thread: 2]

Generating loading report with filters and search
[2026-07-30 15:41:30 INF]
[Veteran Logistics]
[0.1.0]
[Machine: VVSPL1]
[Thread: 2]

Loading report generated successfully with 2 records
[2026-07-30 15:41:37 INF]
[Veteran Logistics]
[0.1.0]
[Machine: VVSPL1]
[Thread: 2]

Starting PDF export for loading report to C:\Users\infov\Downloads\LoadingReport_20260730_154131.pdf
[2026-07-30 15:41:37 INF]
[Veteran Logistics]
[0.1.0]
[Machine: VVSPL1]
[Thread: 2]

PDF export completed successfully for 2 records
[2026-07-30 15:42:18 INF]
[Veteran Logistics]
[0.1.0]
[Machine: VVSPL1]
[Thread: 2]

Starting Excel export for loading report to C:\Users\infov\Downloads\LoadingReport_20260730_154215.xlsx
[2026-07-30 15:42:19 INF]
[Veteran Logistics]
[0.1.0]
[Machine: VVSPL1]
[Thread: 2]

Excel export completed successfully for 2 records
[2026-07-30 18:11:14 INF]
[Veteran Logistics]
[0.1.0]
[Machine: VVSPL1]
[Thread: 2]

Getting all source/destinations
[2026-07-30 18:11:14 INF]
[Veteran Logistics]
[0.1.0]
[Machine: VVSPL1]
[Thread: 2]

Retrieved 3 source/destinations
[2026-07-30 18:11:14 INF]
[Veteran Logistics]
[0.1.0]
[Machine: VVSPL1]
[Thread: 2]

Retrieved 3 materials
[2026-07-30 18:11:14 INF]
[Veteran Logistics]
[0.1.0]
[Machine: VVSPL1]
[Thread: 2]

Generating unloading report with filters and search
[2026-07-30 18:11:14 WRN]
[Veteran Logistics]
[0.1.0]
[Machine: VVSPL1]
[Thread: 2]

The query uses the 'First'/'FirstOrDefault' operator without 'OrderBy' and filter operators. This may lead to unpredictable results.
[2026-07-30 18:11:14 INF]
[Veteran Logistics]
[0.1.0]
[Machine: VVSPL1]
[Thread: 2]

Unloading report generated successfully with 1 records
[2026-07-30 18:11:14 INF]
[Veteran Logistics]
[0.1.0]
[Machine: VVSPL1]
[Thread: 2]

Generating unloading report with filters and search
[2026-07-30 18:11:14 INF]
[Veteran Logistics]
[0.1.0]
[Machine: VVSPL1]
[Thread: 2]

Unloading report generated successfully with 1 records
[2026-07-30 18:11:17 INF]
[Veteran Logistics]
[0.1.0]
[Machine: VVSPL1]
[Thread: 2]

Generating unloading report with filters and search
[2026-07-30 18:11:17 INF]
[Veteran Logistics]
[0.1.0]
[Machine: VVSPL1]
[Thread: 2]

Unloading report generated successfully with 1 records
[2026-07-30 18:11:26 INF]
[Veteran Logistics]
[0.1.0]
[Machine: VVSPL1]
[Thread: 2]

Starting PDF export for unloading report to C:\Users\infov\Downloads\UnloadingReport_20260730_181122.pdf
[2026-07-30 18:11:26 INF]
[Veteran Logistics]
[0.1.0]
[Machine: VVSPL1]
[Thread: 2]

PDF export completed successfully for 1 records
[2026-07-30 18:11:30 INF]
[Veteran Logistics]
[0.1.0]
[Machine: VVSPL1]
[Thread: 2]

Starting Excel export for unloading report to C:\Users\infov\Downloads\UnloadingReport_20260730_181128.xlsx
[2026-07-30 18:11:30 INF]
[Veteran Logistics]
[0.1.0]
[Machine: VVSPL1]
[Thread: 2]

Excel export completed successfully for 1 records
[2026-07-30 18:12:56 INF]
[Veteran Logistics]
[0.1.0]
[Machine: VVSPL1]
[Thread: 2]

Getting all source/destinations
[2026-07-30 18:12:56 INF]
[Veteran Logistics]
[0.1.0]
[Machine: VVSPL1]
[Thread: 2]

Retrieved 3 source/destinations
[2026-07-30 18:12:56 INF]
[Veteran Logistics]
[0.1.0]
[Machine: VVSPL1]
[Thread: 2]

Retrieved 3 materials
[2026-07-30 18:12:56 INF]
[Veteran Logistics]
[0.1.0]
[Machine: VVSPL1]
[Thread: 2]

Generating loading report with filters and search
[2026-07-30 18:12:56 WRN]
[Veteran Logistics]
[0.1.0]
[Machine: VVSPL1]
[Thread: 2]

The query uses the 'First'/'FirstOrDefault' operator without 'OrderBy' and filter operators. This may lead to unpredictable results.
[2026-07-30 18:12:56 INF]
[Veteran Logistics]
[0.1.0]
[Machine: VVSPL1]
[Thread: 2]

Loading report generated successfully with 2 records
[2026-07-30 18:12:56 INF]
[Veteran Logistics]
[0.1.0]
[Machine: VVSPL1]
[Thread: 2]

Generating loading report with filters and search
[2026-07-30 18:12:56 INF]
[Veteran Logistics]
[0.1.0]
[Machine: VVSPL1]
[Thread: 2]

Loading report generated successfully with 2 records
[2026-07-30 18:13:04 INF]
[Veteran Logistics]
[0.1.0]
[Machine: VVSPL1]
[Thread: 2]

Getting all source/destinations
[2026-07-30 18:13:04 INF]
[Veteran Logistics]
[0.1.0]
[Machine: VVSPL1]
[Thread: 2]

Retrieved 3 source/destinations
[2026-07-30 18:13:04 INF]
[Veteran Logistics]
[0.1.0]
[Machine: VVSPL1]
[Thread: 2]

Retrieved 3 materials
[2026-07-30 18:13:04 INF]
[Veteran Logistics]
[0.1.0]
[Machine: VVSPL1]
[Thread: 2]

Generating unloading report with filters and search
[2026-07-30 18:13:04 INF]
[Veteran Logistics]
[0.1.0]
[Machine: VVSPL1]
[Thread: 2]

Unloading report generated successfully with 1 records
[2026-07-30 18:13:04 INF]
[Veteran Logistics]
[0.1.0]
[Machine: VVSPL1]
[Thread: 2]

Generating unloading report with filters and search
[2026-07-30 18:13:04 INF]
[Veteran Logistics]
[0.1.0]
[Machine: VVSPL1]
[Thread: 2]

Unloading report generated successfully with 1 records
[2026-07-30 18:13:26 INF]
[Veteran Logistics]
[0.1.0]
[Machine: VVSPL1]
[Thread: 2]

Generating unloading report with filters and search
[2026-07-30 18:13:26 INF]
[Veteran Logistics]
[0.1.0]
[Machine: VVSPL1]
[Thread: 2]

Unloading report generated successfully with 1 records
[2026-07-30 18:13:29 INF]
[Veteran Logistics]
[0.1.0]
[Machine: VVSPL1]
[Thread: 2]

Getting all source/destinations
[2026-07-30 18:13:29 INF]
[Veteran Logistics]
[0.1.0]
[Machine: VVSPL1]
[Thread: 2]

Retrieved 3 source/destinations
[2026-07-30 18:13:29 INF]
[Veteran Logistics]
[0.1.0]
[Machine: VVSPL1]
[Thread: 2]

Retrieved 3 materials
[2026-07-30 18:13:29 INF]
[Veteran Logistics]
[0.1.0]
[Machine: VVSPL1]
[Thread: 2]

Generating loading report with filters and search
[2026-07-30 18:13:29 INF]
[Veteran Logistics]
[0.1.0]
[Machine: VVSPL1]
[Thread: 2]

Loading report generated successfully with 2 records
[2026-07-30 18:13:29 INF]
[Veteran Logistics]
[0.1.0]
[Machine: VVSPL1]
[Thread: 2]

Generating loading report with filters and search
[2026-07-30 18:13:29 INF]
[Veteran Logistics]
[0.1.0]
[Machine: VVSPL1]
[Thread: 2]

Loading report generated successfully with 2 records
[2026-07-30 18:13:34 INF]
[Veteran Logistics]
[0.1.0]
[Machine: VVSPL1]
[Thread: 2]

Getting all source/destinations
[2026-07-30 18:13:34 INF]
[Veteran Logistics]
[0.1.0]
[Machine: VVSPL1]
[Thread: 2]

Retrieved 3 source/destinations
[2026-07-30 18:13:34 INF]
[Veteran Logistics]
[0.1.0]
[Machine: VVSPL1]
[Thread: 2]

Retrieved 3 materials
[2026-07-30 18:13:34 INF]
[Veteran Logistics]
[0.1.0]
[Machine: VVSPL1]
[Thread: 2]

Generating loading report with filters and search
[2026-07-30 18:13:34 INF]
[Veteran Logistics]
[0.1.0]
[Machine: VVSPL1]
[Thread: 2]

Loading report generated successfully with 2 records
[2026-07-30 18:13:34 INF]
[Veteran Logistics]
[0.1.0]
[Machine: VVSPL1]
[Thread: 2]

Generating loading report with filters and search
[2026-07-30 18:13:34 INF]
[Veteran Logistics]
[0.1.0]
[Machine: VVSPL1]
[Thread: 2]

Loading report generated successfully with 2 records
[2026-07-30 18:13:42 INF]
[Veteran Logistics]
[0.1.0]
[Machine: VVSPL1]
[Thread: 2]

Getting all source/destinations
[2026-07-30 18:13:42 INF]
[Veteran Logistics]
[0.1.0]
[Machine: VVSPL1]
[Thread: 2]

Retrieved 3 source/destinations
[2026-07-30 18:13:42 INF]
[Veteran Logistics]
[0.1.0]
[Machine: VVSPL1]
[Thread: 2]

Retrieved 3 materials
[2026-07-30 18:13:42 INF]
[Veteran Logistics]
[0.1.0]
[Machine: VVSPL1]
[Thread: 2]

Generating unloading report with filters and search
[2026-07-30 18:13:42 INF]
[Veteran Logistics]
[0.1.0]
[Machine: VVSPL1]
[Thread: 2]

Unloading report generated successfully with 1 records
[2026-07-30 18:13:42 INF]
[Veteran Logistics]
[0.1.0]
[Machine: VVSPL1]
[Thread: 2]

Generating unloading report with filters and search
[2026-07-30 18:13:42 INF]
[Veteran Logistics]
[0.1.0]
[Machine: VVSPL1]
[Thread: 2]

Unloading report generated successfully with 1 records
