[2026-08-05 10:50:30 INF]
[Veteran Logistics]
[0.1.0]
[Machine: VVSPL1]
[Thread: 2]

Getting all source/destinations
[2026-08-05 10:50:30 INF]
[Veteran Logistics]
[0.1.0]
[Machine: VVSPL1]
[Thread: 2]

Retrieved 3 source/destinations
[2026-08-05 10:50:30 INF]
[Veteran Logistics]
[0.1.0]
[Machine: VVSPL1]
[Thread: 2]

Retrieved 3 materials
[2026-08-05 10:50:30 INF]
[Veteran Logistics]
[0.1.0]
[Machine: VVSPL1]
[Thread: 2]

Generating DO status report with filters and search
[2026-08-05 10:50:30 INF]
[Veteran Logistics]
[0.1.0]
[Machine: VVSPL1]
[Thread: 2]

DO status report generated successfully with 2 records
[2026-08-05 10:50:30 INF]
[Veteran Logistics]
[0.1.0]
[Machine: VVSPL1]
[Thread: 2]

Generating DO status report with filters and search
[2026-08-05 10:50:30 INF]
[Veteran Logistics]
[0.1.0]
[Machine: VVSPL1]
[Thread: 2]

DO status report generated successfully with 2 records
[2026-08-05 10:50:42 INF]
[Veteran Logistics]
[0.1.0]
[Machine: VVSPL1]
[Thread: 2]

Starting PDF export for DO status report to C:\Users\infov\Downloads\DOStatusReport_20260805_105040.pdf
[2026-08-05 10:50:42 INF]
[Veteran Logistics]
[0.1.0]
[Machine: VVSPL1]
[Thread: 2]

PDF export completed successfully for 2 records
[2026-08-05 10:50:46 INF]
[Veteran Logistics]
[0.1.0]
[Machine: VVSPL1]
[Thread: 2]

Starting Excel export for DO status report to C:\Users\infov\Downloads\DOStatusReport_20260805_105045.xlsx
[2026-08-05 10:50:47 INF]
[Veteran Logistics]
[0.1.0]
[Machine: VVSPL1]
[Thread: 2]

Excel export completed successfully for 2 records
[2026-08-05 10:52:59 INF]
[Veteran Logistics]
[0.1.0]
[Machine: VVSPL1]
[Thread: 2]

Generating DO status report with filters and search
[2026-08-05 10:52:59 INF]
[Veteran Logistics]
[0.1.0]
[Machine: VVSPL1]
[Thread: 2]

DO status report generated successfully with 2 records
[2026-08-05 10:53:00 INF]
[Veteran Logistics]
[0.1.0]
[Machine: VVSPL1]
[Thread: 2]

Generating DO status report with filters and search
[2026-08-05 10:53:00 INF]
[Veteran Logistics]
[0.1.0]
[Machine: VVSPL1]
[Thread: 2]

DO status report generated successfully with 2 records
[2026-08-05 10:53:00 INF]
[Veteran Logistics]
[0.1.0]
[Machine: VVSPL1]
[Thread: 2]

Generating DO status report with filters and search
[2026-08-05 10:53:00 INF]
[Veteran Logistics]
[0.1.0]
[Machine: VVSPL1]
[Thread: 2]

DO status report generated successfully with 2 records
[2026-08-05 10:53:00 INF]
[Veteran Logistics]
[0.1.0]
[Machine: VVSPL1]
[Thread: 2]

Generating DO status report with filters and search
[2026-08-05 10:53:00 INF]
[Veteran Logistics]
[0.1.0]
[Machine: VVSPL1]
[Thread: 2]

DO status report generated successfully with 2 records
[2026-08-05 10:53:01 INF]
[Veteran Logistics]
[0.1.0]
[Machine: VVSPL1]
[Thread: 2]

Generating DO status report with filters and search
[2026-08-05 10:53:01 INF]
[Veteran Logistics]
[0.1.0]
[Machine: VVSPL1]
[Thread: 2]

DO status report generated successfully with 2 records
[2026-08-05 10:53:01 INF]
[Veteran Logistics]
[0.1.0]
[Machine: VVSPL1]
[Thread: 2]

Generating DO status report with filters and search
[2026-08-05 10:53:01 INF]
[Veteran Logistics]
[0.1.0]
[Machine: VVSPL1]
[Thread: 2]

DO status report generated successfully with 2 records
[2026-08-05 10:53:01 INF]
[Veteran Logistics]
[0.1.0]
[Machine: VVSPL1]
[Thread: 2]

Generating DO status report with filters and search
[2026-08-05 10:53:01 INF]
[Veteran Logistics]
[0.1.0]
[Machine: VVSPL1]
[Thread: 2]

DO status report generated successfully with 2 records
[2026-08-05 10:53:02 INF]
[Veteran Logistics]
[0.1.0]
[Machine: VVSPL1]
[Thread: 2]

Generating DO status report with filters and search
[2026-08-05 10:53:02 INF]
[Veteran Logistics]
[0.1.0]
[Machine: VVSPL1]
[Thread: 2]

DO status report generated successfully with 2 records
[2026-08-05 10:53:02 INF]
[Veteran Logistics]
[0.1.0]
[Machine: VVSPL1]
[Thread: 2]

Generating DO status report with filters and search
[2026-08-05 10:53:02 INF]
[Veteran Logistics]
[0.1.0]
[Machine: VVSPL1]
[Thread: 2]

DO status report generated successfully with 2 records
[2026-08-05 10:53:02 INF]
[Veteran Logistics]
[0.1.0]
[Machine: VVSPL1]
[Thread: 2]

Generating DO status report with filters and search
[2026-08-05 10:53:02 INF]
[Veteran Logistics]
[0.1.0]
[Machine: VVSPL1]
[Thread: 2]

DO status report generated successfully with 2 records
[2026-08-05 10:53:03 INF]
[Veteran Logistics]
[0.1.0]
[Machine: VVSPL1]
[Thread: 2]

Generating DO status report with filters and search
[2026-08-05 10:53:03 INF]
[Veteran Logistics]
[0.1.0]
[Machine: VVSPL1]
[Thread: 2]

DO status report generated successfully with 2 records
[2026-08-05 10:53:03 INF]
[Veteran Logistics]
[0.1.0]
[Machine: VVSPL1]
[Thread: 2]

Generating DO status report with filters and search
[2026-08-05 10:53:03 INF]
[Veteran Logistics]
[0.1.0]
[Machine: VVSPL1]
[Thread: 2]

DO status report generated successfully with 2 records
[2026-08-05 11:22:04 WRN]
[Veteran Logistics]
[0.1.0]
[Machine: VVSPL1]
[Thread: 2]

User 'admin' with role 'Administrator' is requesting permissions.
[2026-08-05 11:22:04 WRN]
[Veteran Logistics]
[0.1.0]
[Machine: VVSPL1]
[Thread: 2]

User 'admin' with role 'Administrator' has 73 permissions.
[2026-08-05 11:22:04 WRN]
[Veteran Logistics]
[0.1.0]
[Machine: VVSPL1]
[Thread: 2]

User permissions: administration.users.view, administration.users.add, administration.users.edit, administration.users.activate, administration.users.delete, administration.roles.view, administration.roles.add, administration.roles.edit, administration.roles.activate, administration.roles.delete, administration.permissionmatrix.view, administration.permissionmatrix.manage, administration.financialyears.view, administration.financialyears.add, administration.financialyears.edit, administration.financialyears.activate, administration.financialyears.close, masters.companies.view, masters.companies.add, masters.companies.edit, masters.companies.delete, masters.customers.view, masters.customers.add, masters.customers.edit, masters.customers.delete, masters.vendors.view, masters.vendors.add, masters.vendors.edit, masters.vendors.delete, masters.sourcedestinations.view, masters.sourcedestinations.add, masters.sourcedestinations.edit, masters.sourcedestinations.delete, masters.materials.view, masters.materials.add, masters.materials.edit, masters.materials.delete, masters.fuelpumps.view, masters.fuelpumps.add, masters.fuelpumps.edit, masters.fuelpumps.delete, masters.hsdrates.view, masters.hsdrates.add, masters.hsdrates.edit, masters.hsdrates.delete, masters.paymentlocations.view, masters.paymentlocations.add, masters.paymentlocations.edit, masters.paymentlocations.delete, masters.vehicleowners.view, masters.vehicleowners.add, masters.vehicleowners.edit, masters.vehicleowners.delete, masters.vehicleassignments.view, masters.vehicleassignments.add, masters.vehicleassignments.edit, masters.vehicleassignments.delete, drivers.view, drivers.create, drivers.edit, drivers.delete, vehicles.view, vehicles.create, vehicles.edit, vehicles.delete, trips.view, trips.create, trips.edit, trips.delete, dispatches.view, dispatches.create, dispatches.edit, dispatches.delete
[2026-08-05 11:22:04 WRN]
[Veteran Logistics]
[0.1.0]
[Machine: VVSPL1]
[Thread: 2]

User 'admin' with role 'Administrator' is requesting permissions.
[2026-08-05 11:22:04 WRN]
[Veteran Logistics]
[0.1.0]
[Machine: VVSPL1]
[Thread: 2]

User 'admin' with role 'Administrator' has 73 permissions.
[2026-08-05 11:22:04 WRN]
[Veteran Logistics]
[0.1.0]
[Machine: VVSPL1]
[Thread: 2]

User permissions: administration.users.view, administration.users.add, administration.users.edit, administration.users.activate, administration.users.delete, administration.roles.view, administration.roles.add, administration.roles.edit, administration.roles.activate, administration.roles.delete, administration.permissionmatrix.view, administration.permissionmatrix.manage, administration.financialyears.view, administration.financialyears.add, administration.financialyears.edit, administration.financialyears.activate, administration.financialyears.close, masters.companies.view, masters.companies.add, masters.companies.edit, masters.companies.delete, masters.customers.view, masters.customers.add, masters.customers.edit, masters.customers.delete, masters.vendors.view, masters.vendors.add, masters.vendors.edit, masters.vendors.delete, masters.sourcedestinations.view, masters.sourcedestinations.add, masters.sourcedestinations.edit, masters.sourcedestinations.delete, masters.materials.view, masters.materials.add, masters.materials.edit, masters.materials.delete, masters.fuelpumps.view, masters.fuelpumps.add, masters.fuelpumps.edit, masters.fuelpumps.delete, masters.hsdrates.view, masters.hsdrates.add, masters.hsdrates.edit, masters.hsdrates.delete, masters.paymentlocations.view, masters.paymentlocations.add, masters.paymentlocations.edit, masters.paymentlocations.delete, masters.vehicleowners.view, masters.vehicleowners.add, masters.vehicleowners.edit, masters.vehicleowners.delete, masters.vehicleassignments.view, masters.vehicleassignments.add, masters.vehicleassignments.edit, masters.vehicleassignments.delete, drivers.view, drivers.create, drivers.edit, drivers.delete, vehicles.view, vehicles.create, vehicles.edit, vehicles.delete, trips.view, trips.create, trips.edit, trips.delete, dispatches.view, dispatches.create, dispatches.edit, dispatches.delete
[2026-08-05 11:22:04 WRN]
[Veteran Logistics]
[0.1.0]
[Machine: VVSPL1]
[Thread: 2]

User 'admin' with role 'Administrator' is requesting permissions.
[2026-08-05 11:22:04 WRN]
[Veteran Logistics]
[0.1.0]
[Machine: VVSPL1]
[Thread: 2]

User 'admin' with role 'Administrator' has 73 permissions.
[2026-08-05 11:22:04 WRN]
[Veteran Logistics]
[0.1.0]
[Machine: VVSPL1]
[Thread: 2]

User permissions: administration.users.view, administration.users.add, administration.users.edit, administration.users.activate, administration.users.delete, administration.roles.view, administration.roles.add, administration.roles.edit, administration.roles.activate, administration.roles.delete, administration.permissionmatrix.view, administration.permissionmatrix.manage, administration.financialyears.view, administration.financialyears.add, administration.financialyears.edit, administration.financialyears.activate, administration.financialyears.close, masters.companies.view, masters.companies.add, masters.companies.edit, masters.companies.delete, masters.customers.view, masters.customers.add, masters.customers.edit, masters.customers.delete, masters.vendors.view, masters.vendors.add, masters.vendors.edit, masters.vendors.delete, masters.sourcedestinations.view, masters.sourcedestinations.add, masters.sourcedestinations.edit, masters.sourcedestinations.delete, masters.materials.view, masters.materials.add, masters.materials.edit, masters.materials.delete, masters.fuelpumps.view, masters.fuelpumps.add, masters.fuelpumps.edit, masters.fuelpumps.delete, masters.hsdrates.view, masters.hsdrates.add, masters.hsdrates.edit, masters.hsdrates.delete, masters.paymentlocations.view, masters.paymentlocations.add, masters.paymentlocations.edit, masters.paymentlocations.delete, masters.vehicleowners.view, masters.vehicleowners.add, masters.vehicleowners.edit, masters.vehicleowners.delete, masters.vehicleassignments.view, masters.vehicleassignments.add, masters.vehicleassignments.edit, masters.vehicleassignments.delete, drivers.view, drivers.create, drivers.edit, drivers.delete, vehicles.view, vehicles.create, vehicles.edit, vehicles.delete, trips.view, trips.create, trips.edit, trips.delete, dispatches.view, dispatches.create, dispatches.edit, dispatches.delete
[2026-08-05 11:22:04 WRN]
[Veteran Logistics]
[0.1.0]
[Machine: VVSPL1]
[Thread: 2]

User 'admin' with role 'Administrator' is requesting permissions.
[2026-08-05 11:22:04 WRN]
[Veteran Logistics]
[0.1.0]
[Machine: VVSPL1]
[Thread: 2]

User 'admin' with role 'Administrator' has 73 permissions.
[2026-08-05 11:22:04 WRN]
[Veteran Logistics]
[0.1.0]
[Machine: VVSPL1]
[Thread: 2]

User permissions: administration.users.view, administration.users.add, administration.users.edit, administration.users.activate, administration.users.delete, administration.roles.view, administration.roles.add, administration.roles.edit, administration.roles.activate, administration.roles.delete, administration.permissionmatrix.view, administration.permissionmatrix.manage, administration.financialyears.view, administration.financialyears.add, administration.financialyears.edit, administration.financialyears.activate, administration.financialyears.close, masters.companies.view, masters.companies.add, masters.companies.edit, masters.companies.delete, masters.customers.view, masters.customers.add, masters.customers.edit, masters.customers.delete, masters.vendors.view, masters.vendors.add, masters.vendors.edit, masters.vendors.delete, masters.sourcedestinations.view, masters.sourcedestinations.add, masters.sourcedestinations.edit, masters.sourcedestinations.delete, masters.materials.view, masters.materials.add, masters.materials.edit, masters.materials.delete, masters.fuelpumps.view, masters.fuelpumps.add, masters.fuelpumps.edit, masters.fuelpumps.delete, masters.hsdrates.view, masters.hsdrates.add, masters.hsdrates.edit, masters.hsdrates.delete, masters.paymentlocations.view, masters.paymentlocations.add, masters.paymentlocations.edit, masters.paymentlocations.delete, masters.vehicleowners.view, masters.vehicleowners.add, masters.vehicleowners.edit, masters.vehicleowners.delete, masters.vehicleassignments.view, masters.vehicleassignments.add, masters.vehicleassignments.edit, masters.vehicleassignments.delete, drivers.view, drivers.create, drivers.edit, drivers.delete, vehicles.view, vehicles.create, vehicles.edit, vehicles.delete, trips.view, trips.create, trips.edit, trips.delete, dispatches.view, dispatches.create, dispatches.edit, dispatches.delete
[2026-08-05 11:22:05 WRN]
[Veteran Logistics]
[0.1.0]
[Machine: VVSPL1]
[Thread: 2]

User 'admin' with role 'Administrator' is requesting permissions.
[2026-08-05 11:22:05 WRN]
[Veteran Logistics]
[0.1.0]
[Machine: VVSPL1]
[Thread: 2]

User 'admin' with role 'Administrator' has 73 permissions.
[2026-08-05 11:22:05 WRN]
[Veteran Logistics]
[0.1.0]
[Machine: VVSPL1]
[Thread: 2]

User permissions: administration.users.view, administration.users.add, administration.users.edit, administration.users.activate, administration.users.delete, administration.roles.view, administration.roles.add, administration.roles.edit, administration.roles.activate, administration.roles.delete, administration.permissionmatrix.view, administration.permissionmatrix.manage, administration.financialyears.view, administration.financialyears.add, administration.financialyears.edit, administration.financialyears.activate, administration.financialyears.close, masters.companies.view, masters.companies.add, masters.companies.edit, masters.companies.delete, masters.customers.view, masters.customers.add, masters.customers.edit, masters.customers.delete, masters.vendors.view, masters.vendors.add, masters.vendors.edit, masters.vendors.delete, masters.sourcedestinations.view, masters.sourcedestinations.add, masters.sourcedestinations.edit, masters.sourcedestinations.delete, masters.materials.view, masters.materials.add, masters.materials.edit, masters.materials.delete, masters.fuelpumps.view, masters.fuelpumps.add, masters.fuelpumps.edit, masters.fuelpumps.delete, masters.hsdrates.view, masters.hsdrates.add, masters.hsdrates.edit, masters.hsdrates.delete, masters.paymentlocations.view, masters.paymentlocations.add, masters.paymentlocations.edit, masters.paymentlocations.delete, masters.vehicleowners.view, masters.vehicleowners.add, masters.vehicleowners.edit, masters.vehicleowners.delete, masters.vehicleassignments.view, masters.vehicleassignments.add, masters.vehicleassignments.edit, masters.vehicleassignments.delete, drivers.view, drivers.create, drivers.edit, drivers.delete, vehicles.view, vehicles.create, vehicles.edit, vehicles.delete, trips.view, trips.create, trips.edit, trips.delete, dispatches.view, dispatches.create, dispatches.edit, dispatches.delete
[2026-08-05 11:22:05 WRN]
[Veteran Logistics]
[0.1.0]
[Machine: VVSPL1]
[Thread: 2]

User 'admin' with role 'Administrator' is requesting permissions.
[2026-08-05 11:22:05 WRN]
[Veteran Logistics]
[0.1.0]
[Machine: VVSPL1]
[Thread: 2]

User 'admin' with role 'Administrator' has 73 permissions.
[2026-08-05 11:22:05 WRN]
[Veteran Logistics]
[0.1.0]
[Machine: VVSPL1]
[Thread: 2]

User permissions: administration.users.view, administration.users.add, administration.users.edit, administration.users.activate, administration.users.delete, administration.roles.view, administration.roles.add, administration.roles.edit, administration.roles.activate, administration.roles.delete, administration.permissionmatrix.view, administration.permissionmatrix.manage, administration.financialyears.view, administration.financialyears.add, administration.financialyears.edit, administration.financialyears.activate, administration.financialyears.close, masters.companies.view, masters.companies.add, masters.companies.edit, masters.companies.delete, masters.customers.view, masters.customers.add, masters.customers.edit, masters.customers.delete, masters.vendors.view, masters.vendors.add, masters.vendors.edit, masters.vendors.delete, masters.sourcedestinations.view, masters.sourcedestinations.add, masters.sourcedestinations.edit, masters.sourcedestinations.delete, masters.materials.view, masters.materials.add, masters.materials.edit, masters.materials.delete, masters.fuelpumps.view, masters.fuelpumps.add, masters.fuelpumps.edit, masters.fuelpumps.delete, masters.hsdrates.view, masters.hsdrates.add, masters.hsdrates.edit, masters.hsdrates.delete, masters.paymentlocations.view, masters.paymentlocations.add, masters.paymentlocations.edit, masters.paymentlocations.delete, masters.vehicleowners.view, masters.vehicleowners.add, masters.vehicleowners.edit, masters.vehicleowners.delete, masters.vehicleassignments.view, masters.vehicleassignments.add, masters.vehicleassignments.edit, masters.vehicleassignments.delete, drivers.view, drivers.create, drivers.edit, drivers.delete, vehicles.view, vehicles.create, vehicles.edit, vehicles.delete, trips.view, trips.create, trips.edit, trips.delete, dispatches.view, dispatches.create, dispatches.edit, dispatches.delete
[2026-08-05 11:22:05 WRN]
[Veteran Logistics]
[0.1.0]
[Machine: VVSPL1]
[Thread: 2]

User 'admin' with role 'Administrator' is requesting permissions.
[2026-08-05 11:22:05 WRN]
[Veteran Logistics]
[0.1.0]
[Machine: VVSPL1]
[Thread: 2]

User 'admin' with role 'Administrator' has 73 permissions.
[2026-08-05 11:22:05 WRN]
[Veteran Logistics]
[0.1.0]
[Machine: VVSPL1]
[Thread: 2]

User permissions: administration.users.view, administration.users.add, administration.users.edit, administration.users.activate, administration.users.delete, administration.roles.view, administration.roles.add, administration.roles.edit, administration.roles.activate, administration.roles.delete, administration.permissionmatrix.view, administration.permissionmatrix.manage, administration.financialyears.view, administration.financialyears.add, administration.financialyears.edit, administration.financialyears.activate, administration.financialyears.close, masters.companies.view, masters.companies.add, masters.companies.edit, masters.companies.delete, masters.customers.view, masters.customers.add, masters.customers.edit, masters.customers.delete, masters.vendors.view, masters.vendors.add, masters.vendors.edit, masters.vendors.delete, masters.sourcedestinations.view, masters.sourcedestinations.add, masters.sourcedestinations.edit, masters.sourcedestinations.delete, masters.materials.view, masters.materials.add, masters.materials.edit, masters.materials.delete, masters.fuelpumps.view, masters.fuelpumps.add, masters.fuelpumps.edit, masters.fuelpumps.delete, masters.hsdrates.view, masters.hsdrates.add, masters.hsdrates.edit, masters.hsdrates.delete, masters.paymentlocations.view, masters.paymentlocations.add, masters.paymentlocations.edit, masters.paymentlocations.delete, masters.vehicleowners.view, masters.vehicleowners.add, masters.vehicleowners.edit, masters.vehicleowners.delete, masters.vehicleassignments.view, masters.vehicleassignments.add, masters.vehicleassignments.edit, masters.vehicleassignments.delete, drivers.view, drivers.create, drivers.edit, drivers.delete, vehicles.view, vehicles.create, vehicles.edit, vehicles.delete, trips.view, trips.create, trips.edit, trips.delete, dispatches.view, dispatches.create, dispatches.edit, dispatches.delete
[2026-08-05 11:22:08 WRN]
[Veteran Logistics]
[0.1.0]
[Machine: VVSPL1]
[Thread: 2]

User 'admin' with role 'Administrator' is requesting permissions.
[2026-08-05 11:22:08 WRN]
[Veteran Logistics]
[0.1.0]
[Machine: VVSPL1]
[Thread: 2]

User 'admin' with role 'Administrator' has 73 permissions.
[2026-08-05 11:22:08 WRN]
[Veteran Logistics]
[0.1.0]
[Machine: VVSPL1]
[Thread: 2]

User permissions: administration.users.view, administration.users.add, administration.users.edit, administration.users.activate, administration.users.delete, administration.roles.view, administration.roles.add, administration.roles.edit, administration.roles.activate, administration.roles.delete, administration.permissionmatrix.view, administration.permissionmatrix.manage, administration.financialyears.view, administration.financialyears.add, administration.financialyears.edit, administration.financialyears.activate, administration.financialyears.close, masters.companies.view, masters.companies.add, masters.companies.edit, masters.companies.delete, masters.customers.view, masters.customers.add, masters.customers.edit, masters.customers.delete, masters.vendors.view, masters.vendors.add, masters.vendors.edit, masters.vendors.delete, masters.sourcedestinations.view, masters.sourcedestinations.add, masters.sourcedestinations.edit, masters.sourcedestinations.delete, masters.materials.view, masters.materials.add, masters.materials.edit, masters.materials.delete, masters.fuelpumps.view, masters.fuelpumps.add, masters.fuelpumps.edit, masters.fuelpumps.delete, masters.hsdrates.view, masters.hsdrates.add, masters.hsdrates.edit, masters.hsdrates.delete, masters.paymentlocations.view, masters.paymentlocations.add, masters.paymentlocations.edit, masters.paymentlocations.delete, masters.vehicleowners.view, masters.vehicleowners.add, masters.vehicleowners.edit, masters.vehicleowners.delete, masters.vehicleassignments.view, masters.vehicleassignments.add, masters.vehicleassignments.edit, masters.vehicleassignments.delete, drivers.view, drivers.create, drivers.edit, drivers.delete, vehicles.view, vehicles.create, vehicles.edit, vehicles.delete, trips.view, trips.create, trips.edit, trips.delete, dispatches.view, dispatches.create, dispatches.edit, dispatches.delete
[2026-08-05 11:22:08 WRN]
[Veteran Logistics]
[0.1.0]
[Machine: VVSPL1]
[Thread: 2]

User 'admin' with role 'Administrator' is requesting permissions.
[2026-08-05 11:22:08 WRN]
[Veteran Logistics]
[0.1.0]
[Machine: VVSPL1]
[Thread: 2]

User 'admin' with role 'Administrator' has 73 permissions.
[2026-08-05 11:22:08 WRN]
[Veteran Logistics]
[0.1.0]
[Machine: VVSPL1]
[Thread: 2]

User permissions: administration.users.view, administration.users.add, administration.users.edit, administration.users.activate, administration.users.delete, administration.roles.view, administration.roles.add, administration.roles.edit, administration.roles.activate, administration.roles.delete, administration.permissionmatrix.view, administration.permissionmatrix.manage, administration.financialyears.view, administration.financialyears.add, administration.financialyears.edit, administration.financialyears.activate, administration.financialyears.close, masters.companies.view, masters.companies.add, masters.companies.edit, masters.companies.delete, masters.customers.view, masters.customers.add, masters.customers.edit, masters.customers.delete, masters.vendors.view, masters.vendors.add, masters.vendors.edit, masters.vendors.delete, masters.sourcedestinations.view, masters.sourcedestinations.add, masters.sourcedestinations.edit, masters.sourcedestinations.delete, masters.materials.view, masters.materials.add, masters.materials.edit, masters.materials.delete, masters.fuelpumps.view, masters.fuelpumps.add, masters.fuelpumps.edit, masters.fuelpumps.delete, masters.hsdrates.view, masters.hsdrates.add, masters.hsdrates.edit, masters.hsdrates.delete, masters.paymentlocations.view, masters.paymentlocations.add, masters.paymentlocations.edit, masters.paymentlocations.delete, masters.vehicleowners.view, masters.vehicleowners.add, masters.vehicleowners.edit, masters.vehicleowners.delete, masters.vehicleassignments.view, masters.vehicleassignments.add, masters.vehicleassignments.edit, masters.vehicleassignments.delete, drivers.view, drivers.create, drivers.edit, drivers.delete, vehicles.view, vehicles.create, vehicles.edit, vehicles.delete, trips.view, trips.create, trips.edit, trips.delete, dispatches.view, dispatches.create, dispatches.edit, dispatches.delete
[2026-08-05 11:22:08 WRN]
[Veteran Logistics]
[0.1.0]
[Machine: VVSPL1]
[Thread: 2]

User 'admin' with role 'Administrator' is requesting permissions.
[2026-08-05 11:22:08 WRN]
[Veteran Logistics]
[0.1.0]
[Machine: VVSPL1]
[Thread: 2]

User 'admin' with role 'Administrator' has 73 permissions.
[2026-08-05 11:22:08 WRN]
[Veteran Logistics]
[0.1.0]
[Machine: VVSPL1]
[Thread: 2]

User permissions: administration.users.view, administration.users.add, administration.users.edit, administration.users.activate, administration.users.delete, administration.roles.view, administration.roles.add, administration.roles.edit, administration.roles.activate, administration.roles.delete, administration.permissionmatrix.view, administration.permissionmatrix.manage, administration.financialyears.view, administration.financialyears.add, administration.financialyears.edit, administration.financialyears.activate, administration.financialyears.close, masters.companies.view, masters.companies.add, masters.companies.edit, masters.companies.delete, masters.customers.view, masters.customers.add, masters.customers.edit, masters.customers.delete, masters.vendors.view, masters.vendors.add, masters.vendors.edit, masters.vendors.delete, masters.sourcedestinations.view, masters.sourcedestinations.add, masters.sourcedestinations.edit, masters.sourcedestinations.delete, masters.materials.view, masters.materials.add, masters.materials.edit, masters.materials.delete, masters.fuelpumps.view, masters.fuelpumps.add, masters.fuelpumps.edit, masters.fuelpumps.delete, masters.hsdrates.view, masters.hsdrates.add, masters.hsdrates.edit, masters.hsdrates.delete, masters.paymentlocations.view, masters.paymentlocations.add, masters.paymentlocations.edit, masters.paymentlocations.delete, masters.vehicleowners.view, masters.vehicleowners.add, masters.vehicleowners.edit, masters.vehicleowners.delete, masters.vehicleassignments.view, masters.vehicleassignments.add, masters.vehicleassignments.edit, masters.vehicleassignments.delete, drivers.view, drivers.create, drivers.edit, drivers.delete, vehicles.view, vehicles.create, vehicles.edit, vehicles.delete, trips.view, trips.create, trips.edit, trips.delete, dispatches.view, dispatches.create, dispatches.edit, dispatches.delete
[2026-08-05 11:22:08 WRN]
[Veteran Logistics]
[0.1.0]
[Machine: VVSPL1]
[Thread: 2]

User 'admin' with role 'Administrator' is requesting permissions.
[2026-08-05 11:22:08 WRN]
[Veteran Logistics]
[0.1.0]
[Machine: VVSPL1]
[Thread: 2]

User 'admin' with role 'Administrator' has 73 permissions.
[2026-08-05 11:22:08 WRN]
[Veteran Logistics]
[0.1.0]
[Machine: VVSPL1]
[Thread: 2]

User permissions: administration.users.view, administration.users.add, administration.users.edit, administration.users.activate, administration.users.delete, administration.roles.view, administration.roles.add, administration.roles.edit, administration.roles.activate, administration.roles.delete, administration.permissionmatrix.view, administration.permissionmatrix.manage, administration.financialyears.view, administration.financialyears.add, administration.financialyears.edit, administration.financialyears.activate, administration.financialyears.close, masters.companies.view, masters.companies.add, masters.companies.edit, masters.companies.delete, masters.customers.view, masters.customers.add, masters.customers.edit, masters.customers.delete, masters.vendors.view, masters.vendors.add, masters.vendors.edit, masters.vendors.delete, masters.sourcedestinations.view, masters.sourcedestinations.add, masters.sourcedestinations.edit, masters.sourcedestinations.delete, masters.materials.view, masters.materials.add, masters.materials.edit, masters.materials.delete, masters.fuelpumps.view, masters.fuelpumps.add, masters.fuelpumps.edit, masters.fuelpumps.delete, masters.hsdrates.view, masters.hsdrates.add, masters.hsdrates.edit, masters.hsdrates.delete, masters.paymentlocations.view, masters.paymentlocations.add, masters.paymentlocations.edit, masters.paymentlocations.delete, masters.vehicleowners.view, masters.vehicleowners.add, masters.vehicleowners.edit, masters.vehicleowners.delete, masters.vehicleassignments.view, masters.vehicleassignments.add, masters.vehicleassignments.edit, masters.vehicleassignments.delete, drivers.view, drivers.create, drivers.edit, drivers.delete, vehicles.view, vehicles.create, vehicles.edit, vehicles.delete, trips.view, trips.create, trips.edit, trips.delete, dispatches.view, dispatches.create, dispatches.edit, dispatches.delete
[2026-08-05 11:22:09 WRN]
[Veteran Logistics]
[0.1.0]
[Machine: VVSPL1]
[Thread: 2]

User 'admin' with role 'Administrator' is requesting permissions.
[2026-08-05 11:22:09 WRN]
[Veteran Logistics]
[0.1.0]
[Machine: VVSPL1]
[Thread: 2]

User 'admin' with role 'Administrator' has 73 permissions.
[2026-08-05 11:22:09 WRN]
[Veteran Logistics]
[0.1.0]
[Machine: VVSPL1]
[Thread: 2]

User permissions: administration.users.view, administration.users.add, administration.users.edit, administration.users.activate, administration.users.delete, administration.roles.view, administration.roles.add, administration.roles.edit, administration.roles.activate, administration.roles.delete, administration.permissionmatrix.view, administration.permissionmatrix.manage, administration.financialyears.view, administration.financialyears.add, administration.financialyears.edit, administration.financialyears.activate, administration.financialyears.close, masters.companies.view, masters.companies.add, masters.companies.edit, masters.companies.delete, masters.customers.view, masters.customers.add, masters.customers.edit, masters.customers.delete, masters.vendors.view, masters.vendors.add, masters.vendors.edit, masters.vendors.delete, masters.sourcedestinations.view, masters.sourcedestinations.add, masters.sourcedestinations.edit, masters.sourcedestinations.delete, masters.materials.view, masters.materials.add, masters.materials.edit, masters.materials.delete, masters.fuelpumps.view, masters.fuelpumps.add, masters.fuelpumps.edit, masters.fuelpumps.delete, masters.hsdrates.view, masters.hsdrates.add, masters.hsdrates.edit, masters.hsdrates.delete, masters.paymentlocations.view, masters.paymentlocations.add, masters.paymentlocations.edit, masters.paymentlocations.delete, masters.vehicleowners.view, masters.vehicleowners.add, masters.vehicleowners.edit, masters.vehicleowners.delete, masters.vehicleassignments.view, masters.vehicleassignments.add, masters.vehicleassignments.edit, masters.vehicleassignments.delete, drivers.view, drivers.create, drivers.edit, drivers.delete, vehicles.view, vehicles.create, vehicles.edit, vehicles.delete, trips.view, trips.create, trips.edit, trips.delete, dispatches.view, dispatches.create, dispatches.edit, dispatches.delete
[2026-08-05 11:22:13 WRN]
[Veteran Logistics]
[0.1.0]
[Machine: VVSPL1]
[Thread: 2]

User 'admin' with role 'Administrator' is requesting permissions.
[2026-08-05 11:22:13 WRN]
[Veteran Logistics]
[0.1.0]
[Machine: VVSPL1]
[Thread: 2]

User 'admin' with role 'Administrator' has 73 permissions.
[2026-08-05 11:22:13 WRN]
[Veteran Logistics]
[0.1.0]
[Machine: VVSPL1]
[Thread: 2]

User permissions: administration.users.view, administration.users.add, administration.users.edit, administration.users.activate, administration.users.delete, administration.roles.view, administration.roles.add, administration.roles.edit, administration.roles.activate, administration.roles.delete, administration.permissionmatrix.view, administration.permissionmatrix.manage, administration.financialyears.view, administration.financialyears.add, administration.financialyears.edit, administration.financialyears.activate, administration.financialyears.close, masters.companies.view, masters.companies.add, masters.companies.edit, masters.companies.delete, masters.customers.view, masters.customers.add, masters.customers.edit, masters.customers.delete, masters.vendors.view, masters.vendors.add, masters.vendors.edit, masters.vendors.delete, masters.sourcedestinations.view, masters.sourcedestinations.add, masters.sourcedestinations.edit, masters.sourcedestinations.delete, masters.materials.view, masters.materials.add, masters.materials.edit, masters.materials.delete, masters.fuelpumps.view, masters.fuelpumps.add, masters.fuelpumps.edit, masters.fuelpumps.delete, masters.hsdrates.view, masters.hsdrates.add, masters.hsdrates.edit, masters.hsdrates.delete, masters.paymentlocations.view, masters.paymentlocations.add, masters.paymentlocations.edit, masters.paymentlocations.delete, masters.vehicleowners.view, masters.vehicleowners.add, masters.vehicleowners.edit, masters.vehicleowners.delete, masters.vehicleassignments.view, masters.vehicleassignments.add, masters.vehicleassignments.edit, masters.vehicleassignments.delete, drivers.view, drivers.create, drivers.edit, drivers.delete, vehicles.view, vehicles.create, vehicles.edit, vehicles.delete, trips.view, trips.create, trips.edit, trips.delete, dispatches.view, dispatches.create, dispatches.edit, dispatches.delete
[2026-08-05 11:22:13 WRN]
[Veteran Logistics]
[0.1.0]
[Machine: VVSPL1]
[Thread: 2]

User 'admin' with role 'Administrator' is requesting permissions.
[2026-08-05 11:22:13 WRN]
[Veteran Logistics]
[0.1.0]
[Machine: VVSPL1]
[Thread: 2]

User 'admin' with role 'Administrator' has 73 permissions.
[2026-08-05 11:22:13 WRN]
[Veteran Logistics]
[0.1.0]
[Machine: VVSPL1]
[Thread: 2]

User permissions: administration.users.view, administration.users.add, administration.users.edit, administration.users.activate, administration.users.delete, administration.roles.view, administration.roles.add, administration.roles.edit, administration.roles.activate, administration.roles.delete, administration.permissionmatrix.view, administration.permissionmatrix.manage, administration.financialyears.view, administration.financialyears.add, administration.financialyears.edit, administration.financialyears.activate, administration.financialyears.close, masters.companies.view, masters.companies.add, masters.companies.edit, masters.companies.delete, masters.customers.view, masters.customers.add, masters.customers.edit, masters.customers.delete, masters.vendors.view, masters.vendors.add, masters.vendors.edit, masters.vendors.delete, masters.sourcedestinations.view, masters.sourcedestinations.add, masters.sourcedestinations.edit, masters.sourcedestinations.delete, masters.materials.view, masters.materials.add, masters.materials.edit, masters.materials.delete, masters.fuelpumps.view, masters.fuelpumps.add, masters.fuelpumps.edit, masters.fuelpumps.delete, masters.hsdrates.view, masters.hsdrates.add, masters.hsdrates.edit, masters.hsdrates.delete, masters.paymentlocations.view, masters.paymentlocations.add, masters.paymentlocations.edit, masters.paymentlocations.delete, masters.vehicleowners.view, masters.vehicleowners.add, masters.vehicleowners.edit, masters.vehicleowners.delete, masters.vehicleassignments.view, masters.vehicleassignments.add, masters.vehicleassignments.edit, masters.vehicleassignments.delete, drivers.view, drivers.create, drivers.edit, drivers.delete, vehicles.view, vehicles.create, vehicles.edit, vehicles.delete, trips.view, trips.create, trips.edit, trips.delete, dispatches.view, dispatches.create, dispatches.edit, dispatches.delete
[2026-08-05 11:22:13 WRN]
[Veteran Logistics]
[0.1.0]
[Machine: VVSPL1]
[Thread: 2]

User 'admin' with role 'Administrator' is requesting permissions.
[2026-08-05 11:22:13 WRN]
[Veteran Logistics]
[0.1.0]
[Machine: VVSPL1]
[Thread: 2]

User 'admin' with role 'Administrator' has 73 permissions.
[2026-08-05 11:22:13 WRN]
[Veteran Logistics]
[0.1.0]
[Machine: VVSPL1]
[Thread: 2]

User permissions: administration.users.view, administration.users.add, administration.users.edit, administration.users.activate, administration.users.delete, administration.roles.view, administration.roles.add, administration.roles.edit, administration.roles.activate, administration.roles.delete, administration.permissionmatrix.view, administration.permissionmatrix.manage, administration.financialyears.view, administration.financialyears.add, administration.financialyears.edit, administration.financialyears.activate, administration.financialyears.close, masters.companies.view, masters.companies.add, masters.companies.edit, masters.companies.delete, masters.customers.view, masters.customers.add, masters.customers.edit, masters.customers.delete, masters.vendors.view, masters.vendors.add, masters.vendors.edit, masters.vendors.delete, masters.sourcedestinations.view, masters.sourcedestinations.add, masters.sourcedestinations.edit, masters.sourcedestinations.delete, masters.materials.view, masters.materials.add, masters.materials.edit, masters.materials.delete, masters.fuelpumps.view, masters.fuelpumps.add, masters.fuelpumps.edit, masters.fuelpumps.delete, masters.hsdrates.view, masters.hsdrates.add, masters.hsdrates.edit, masters.hsdrates.delete, masters.paymentlocations.view, masters.paymentlocations.add, masters.paymentlocations.edit, masters.paymentlocations.delete, masters.vehicleowners.view, masters.vehicleowners.add, masters.vehicleowners.edit, masters.vehicleowners.delete, masters.vehicleassignments.view, masters.vehicleassignments.add, masters.vehicleassignments.edit, masters.vehicleassignments.delete, drivers.view, drivers.create, drivers.edit, drivers.delete, vehicles.view, vehicles.create, vehicles.edit, vehicles.delete, trips.view, trips.create, trips.edit, trips.delete, dispatches.view, dispatches.create, dispatches.edit, dispatches.delete
[2026-08-05 11:22:13 WRN]
[Veteran Logistics]
[0.1.0]
[Machine: VVSPL1]
[Thread: 2]

User 'admin' with role 'Administrator' is requesting permissions.
[2026-08-05 11:22:13 WRN]
[Veteran Logistics]
[0.1.0]
[Machine: VVSPL1]
[Thread: 2]

User 'admin' with role 'Administrator' has 73 permissions.
[2026-08-05 11:22:13 WRN]
[Veteran Logistics]
[0.1.0]
[Machine: VVSPL1]
[Thread: 2]

User permissions: administration.users.view, administration.users.add, administration.users.edit, administration.users.activate, administration.users.delete, administration.roles.view, administration.roles.add, administration.roles.edit, administration.roles.activate, administration.roles.delete, administration.permissionmatrix.view, administration.permissionmatrix.manage, administration.financialyears.view, administration.financialyears.add, administration.financialyears.edit, administration.financialyears.activate, administration.financialyears.close, masters.companies.view, masters.companies.add, masters.companies.edit, masters.companies.delete, masters.customers.view, masters.customers.add, masters.customers.edit, masters.customers.delete, masters.vendors.view, masters.vendors.add, masters.vendors.edit, masters.vendors.delete, masters.sourcedestinations.view, masters.sourcedestinations.add, masters.sourcedestinations.edit, masters.sourcedestinations.delete, masters.materials.view, masters.materials.add, masters.materials.edit, masters.materials.delete, masters.fuelpumps.view, masters.fuelpumps.add, masters.fuelpumps.edit, masters.fuelpumps.delete, masters.hsdrates.view, masters.hsdrates.add, masters.hsdrates.edit, masters.hsdrates.delete, masters.paymentlocations.view, masters.paymentlocations.add, masters.paymentlocations.edit, masters.paymentlocations.delete, masters.vehicleowners.view, masters.vehicleowners.add, masters.vehicleowners.edit, masters.vehicleowners.delete, masters.vehicleassignments.view, masters.vehicleassignments.add, masters.vehicleassignments.edit, masters.vehicleassignments.delete, drivers.view, drivers.create, drivers.edit, drivers.delete, vehicles.view, vehicles.create, vehicles.edit, vehicles.delete, trips.view, trips.create, trips.edit, trips.delete, dispatches.view, dispatches.create, dispatches.edit, dispatches.delete
[2026-08-05 11:22:14 WRN]
[Veteran Logistics]
[0.1.0]
[Machine: VVSPL1]
[Thread: 2]

User 'admin' with role 'Administrator' is requesting permissions.
[2026-08-05 11:22:14 WRN]
[Veteran Logistics]
[0.1.0]
[Machine: VVSPL1]
[Thread: 2]

User 'admin' with role 'Administrator' has 73 permissions.
[2026-08-05 11:22:14 WRN]
[Veteran Logistics]
[0.1.0]
[Machine: VVSPL1]
[Thread: 2]

User permissions: administration.users.view, administration.users.add, administration.users.edit, administration.users.activate, administration.users.delete, administration.roles.view, administration.roles.add, administration.roles.edit, administration.roles.activate, administration.roles.delete, administration.permissionmatrix.view, administration.permissionmatrix.manage, administration.financialyears.view, administration.financialyears.add, administration.financialyears.edit, administration.financialyears.activate, administration.financialyears.close, masters.companies.view, masters.companies.add, masters.companies.edit, masters.companies.delete, masters.customers.view, masters.customers.add, masters.customers.edit, masters.customers.delete, masters.vendors.view, masters.vendors.add, masters.vendors.edit, masters.vendors.delete, masters.sourcedestinations.view, masters.sourcedestinations.add, masters.sourcedestinations.edit, masters.sourcedestinations.delete, masters.materials.view, masters.materials.add, masters.materials.edit, masters.materials.delete, masters.fuelpumps.view, masters.fuelpumps.add, masters.fuelpumps.edit, masters.fuelpumps.delete, masters.hsdrates.view, masters.hsdrates.add, masters.hsdrates.edit, masters.hsdrates.delete, masters.paymentlocations.view, masters.paymentlocations.add, masters.paymentlocations.edit, masters.paymentlocations.delete, masters.vehicleowners.view, masters.vehicleowners.add, masters.vehicleowners.edit, masters.vehicleowners.delete, masters.vehicleassignments.view, masters.vehicleassignments.add, masters.vehicleassignments.edit, masters.vehicleassignments.delete, drivers.view, drivers.create, drivers.edit, drivers.delete, vehicles.view, vehicles.create, vehicles.edit, vehicles.delete, trips.view, trips.create, trips.edit, trips.delete, dispatches.view, dispatches.create, dispatches.edit, dispatches.delete
[2026-08-05 11:22:32 WRN]
[Veteran Logistics]
[0.1.0]
[Machine: VVSPL1]
[Thread: 2]

User 'admin' with role 'Administrator' is requesting permissions.
[2026-08-05 11:22:32 WRN]
[Veteran Logistics]
[0.1.0]
[Machine: VVSPL1]
[Thread: 2]

User 'admin' with role 'Administrator' has 73 permissions.
[2026-08-05 11:22:32 WRN]
[Veteran Logistics]
[0.1.0]
[Machine: VVSPL1]
[Thread: 2]

User permissions: administration.users.view, administration.users.add, administration.users.edit, administration.users.activate, administration.users.delete, administration.roles.view, administration.roles.add, administration.roles.edit, administration.roles.activate, administration.roles.delete, administration.permissionmatrix.view, administration.permissionmatrix.manage, administration.financialyears.view, administration.financialyears.add, administration.financialyears.edit, administration.financialyears.activate, administration.financialyears.close, masters.companies.view, masters.companies.add, masters.companies.edit, masters.companies.delete, masters.customers.view, masters.customers.add, masters.customers.edit, masters.customers.delete, masters.vendors.view, masters.vendors.add, masters.vendors.edit, masters.vendors.delete, masters.sourcedestinations.view, masters.sourcedestinations.add, masters.sourcedestinations.edit, masters.sourcedestinations.delete, masters.materials.view, masters.materials.add, masters.materials.edit, masters.materials.delete, masters.fuelpumps.view, masters.fuelpumps.add, masters.fuelpumps.edit, masters.fuelpumps.delete, masters.hsdrates.view, masters.hsdrates.add, masters.hsdrates.edit, masters.hsdrates.delete, masters.paymentlocations.view, masters.paymentlocations.add, masters.paymentlocations.edit, masters.paymentlocations.delete, masters.vehicleowners.view, masters.vehicleowners.add, masters.vehicleowners.edit, masters.vehicleowners.delete, masters.vehicleassignments.view, masters.vehicleassignments.add, masters.vehicleassignments.edit, masters.vehicleassignments.delete, drivers.view, drivers.create, drivers.edit, drivers.delete, vehicles.view, vehicles.create, vehicles.edit, vehicles.delete, trips.view, trips.create, trips.edit, trips.delete, dispatches.view, dispatches.create, dispatches.edit, dispatches.delete
[2026-08-05 11:22:32 WRN]
[Veteran Logistics]
[0.1.0]
[Machine: VVSPL1]
[Thread: 2]

User 'admin' with role 'Administrator' is requesting permissions.
[2026-08-05 11:22:32 WRN]
[Veteran Logistics]
[0.1.0]
[Machine: VVSPL1]
[Thread: 2]

User 'admin' with role 'Administrator' has 73 permissions.
[2026-08-05 11:22:32 WRN]
[Veteran Logistics]
[0.1.0]
[Machine: VVSPL1]
[Thread: 2]

User permissions: administration.users.view, administration.users.add, administration.users.edit, administration.users.activate, administration.users.delete, administration.roles.view, administration.roles.add, administration.roles.edit, administration.roles.activate, administration.roles.delete, administration.permissionmatrix.view, administration.permissionmatrix.manage, administration.financialyears.view, administration.financialyears.add, administration.financialyears.edit, administration.financialyears.activate, administration.financialyears.close, masters.companies.view, masters.companies.add, masters.companies.edit, masters.companies.delete, masters.customers.view, masters.customers.add, masters.customers.edit, masters.customers.delete, masters.vendors.view, masters.vendors.add, masters.vendors.edit, masters.vendors.delete, masters.sourcedestinations.view, masters.sourcedestinations.add, masters.sourcedestinations.edit, masters.sourcedestinations.delete, masters.materials.view, masters.materials.add, masters.materials.edit, masters.materials.delete, masters.fuelpumps.view, masters.fuelpumps.add, masters.fuelpumps.edit, masters.fuelpumps.delete, masters.hsdrates.view, masters.hsdrates.add, masters.hsdrates.edit, masters.hsdrates.delete, masters.paymentlocations.view, masters.paymentlocations.add, masters.paymentlocations.edit, masters.paymentlocations.delete, masters.vehicleowners.view, masters.vehicleowners.add, masters.vehicleowners.edit, masters.vehicleowners.delete, masters.vehicleassignments.view, masters.vehicleassignments.add, masters.vehicleassignments.edit, masters.vehicleassignments.delete, drivers.view, drivers.create, drivers.edit, drivers.delete, vehicles.view, vehicles.create, vehicles.edit, vehicles.delete, trips.view, trips.create, trips.edit, trips.delete, dispatches.view, dispatches.create, dispatches.edit, dispatches.delete
[2026-08-05 11:22:32 WRN]
[Veteran Logistics]
[0.1.0]
[Machine: VVSPL1]
[Thread: 2]

User 'admin' with role 'Administrator' is requesting permissions.
[2026-08-05 11:22:32 WRN]
[Veteran Logistics]
[0.1.0]
[Machine: VVSPL1]
[Thread: 2]

User 'admin' with role 'Administrator' has 73 permissions.
[2026-08-05 11:22:32 WRN]
[Veteran Logistics]
[0.1.0]
[Machine: VVSPL1]
[Thread: 2]

User permissions: administration.users.view, administration.users.add, administration.users.edit, administration.users.activate, administration.users.delete, administration.roles.view, administration.roles.add, administration.roles.edit, administration.roles.activate, administration.roles.delete, administration.permissionmatrix.view, administration.permissionmatrix.manage, administration.financialyears.view, administration.financialyears.add, administration.financialyears.edit, administration.financialyears.activate, administration.financialyears.close, masters.companies.view, masters.companies.add, masters.companies.edit, masters.companies.delete, masters.customers.view, masters.customers.add, masters.customers.edit, masters.customers.delete, masters.vendors.view, masters.vendors.add, masters.vendors.edit, masters.vendors.delete, masters.sourcedestinations.view, masters.sourcedestinations.add, masters.sourcedestinations.edit, masters.sourcedestinations.delete, masters.materials.view, masters.materials.add, masters.materials.edit, masters.materials.delete, masters.fuelpumps.view, masters.fuelpumps.add, masters.fuelpumps.edit, masters.fuelpumps.delete, masters.hsdrates.view, masters.hsdrates.add, masters.hsdrates.edit, masters.hsdrates.delete, masters.paymentlocations.view, masters.paymentlocations.add, masters.paymentlocations.edit, masters.paymentlocations.delete, masters.vehicleowners.view, masters.vehicleowners.add, masters.vehicleowners.edit, masters.vehicleowners.delete, masters.vehicleassignments.view, masters.vehicleassignments.add, masters.vehicleassignments.edit, masters.vehicleassignments.delete, drivers.view, drivers.create, drivers.edit, drivers.delete, vehicles.view, vehicles.create, vehicles.edit, vehicles.delete, trips.view, trips.create, trips.edit, trips.delete, dispatches.view, dispatches.create, dispatches.edit, dispatches.delete
[2026-08-05 11:22:32 WRN]
[Veteran Logistics]
[0.1.0]
[Machine: VVSPL1]
[Thread: 2]

User 'admin' with role 'Administrator' is requesting permissions.
[2026-08-05 11:22:32 WRN]
[Veteran Logistics]
[0.1.0]
[Machine: VVSPL1]
[Thread: 2]

User 'admin' with role 'Administrator' has 73 permissions.
[2026-08-05 11:22:32 WRN]
[Veteran Logistics]
[0.1.0]
[Machine: VVSPL1]
[Thread: 2]

User permissions: administration.users.view, administration.users.add, administration.users.edit, administration.users.activate, administration.users.delete, administration.roles.view, administration.roles.add, administration.roles.edit, administration.roles.activate, administration.roles.delete, administration.permissionmatrix.view, administration.permissionmatrix.manage, administration.financialyears.view, administration.financialyears.add, administration.financialyears.edit, administration.financialyears.activate, administration.financialyears.close, masters.companies.view, masters.companies.add, masters.companies.edit, masters.companies.delete, masters.customers.view, masters.customers.add, masters.customers.edit, masters.customers.delete, masters.vendors.view, masters.vendors.add, masters.vendors.edit, masters.vendors.delete, masters.sourcedestinations.view, masters.sourcedestinations.add, masters.sourcedestinations.edit, masters.sourcedestinations.delete, masters.materials.view, masters.materials.add, masters.materials.edit, masters.materials.delete, masters.fuelpumps.view, masters.fuelpumps.add, masters.fuelpumps.edit, masters.fuelpumps.delete, masters.hsdrates.view, masters.hsdrates.add, masters.hsdrates.edit, masters.hsdrates.delete, masters.paymentlocations.view, masters.paymentlocations.add, masters.paymentlocations.edit, masters.paymentlocations.delete, masters.vehicleowners.view, masters.vehicleowners.add, masters.vehicleowners.edit, masters.vehicleowners.delete, masters.vehicleassignments.view, masters.vehicleassignments.add, masters.vehicleassignments.edit, masters.vehicleassignments.delete, drivers.view, drivers.create, drivers.edit, drivers.delete, vehicles.view, vehicles.create, vehicles.edit, vehicles.delete, trips.view, trips.create, trips.edit, trips.delete, dispatches.view, dispatches.create, dispatches.edit, dispatches.delete
[2026-08-05 11:22:33 WRN]
[Veteran Logistics]
[0.1.0]
[Machine: VVSPL1]
[Thread: 2]

User 'admin' with role 'Administrator' is requesting permissions.
[2026-08-05 11:22:33 WRN]
[Veteran Logistics]
[0.1.0]
[Machine: VVSPL1]
[Thread: 2]

User 'admin' with role 'Administrator' has 73 permissions.
[2026-08-05 11:22:33 WRN]
[Veteran Logistics]
[0.1.0]
[Machine: VVSPL1]
[Thread: 2]

User permissions: administration.users.view, administration.users.add, administration.users.edit, administration.users.activate, administration.users.delete, administration.roles.view, administration.roles.add, administration.roles.edit, administration.roles.activate, administration.roles.delete, administration.permissionmatrix.view, administration.permissionmatrix.manage, administration.financialyears.view, administration.financialyears.add, administration.financialyears.edit, administration.financialyears.activate, administration.financialyears.close, masters.companies.view, masters.companies.add, masters.companies.edit, masters.companies.delete, masters.customers.view, masters.customers.add, masters.customers.edit, masters.customers.delete, masters.vendors.view, masters.vendors.add, masters.vendors.edit, masters.vendors.delete, masters.sourcedestinations.view, masters.sourcedestinations.add, masters.sourcedestinations.edit, masters.sourcedestinations.delete, masters.materials.view, masters.materials.add, masters.materials.edit, masters.materials.delete, masters.fuelpumps.view, masters.fuelpumps.add, masters.fuelpumps.edit, masters.fuelpumps.delete, masters.hsdrates.view, masters.hsdrates.add, masters.hsdrates.edit, masters.hsdrates.delete, masters.paymentlocations.view, masters.paymentlocations.add, masters.paymentlocations.edit, masters.paymentlocations.delete, masters.vehicleowners.view, masters.vehicleowners.add, masters.vehicleowners.edit, masters.vehicleowners.delete, masters.vehicleassignments.view, masters.vehicleassignments.add, masters.vehicleassignments.edit, masters.vehicleassignments.delete, drivers.view, drivers.create, drivers.edit, drivers.delete, vehicles.view, vehicles.create, vehicles.edit, vehicles.delete, trips.view, trips.create, trips.edit, trips.delete, dispatches.view, dispatches.create, dispatches.edit, dispatches.delete
[2026-08-05 11:22:49 WRN]
[Veteran Logistics]
[0.1.0]
[Machine: VVSPL1]
[Thread: 2]

User 'admin' with role 'Administrator' is requesting permissions.
[2026-08-05 11:22:49 WRN]
[Veteran Logistics]
[0.1.0]
[Machine: VVSPL1]
[Thread: 2]

User 'admin' with role 'Administrator' has 73 permissions.
[2026-08-05 11:22:49 WRN]
[Veteran Logistics]
[0.1.0]
[Machine: VVSPL1]
[Thread: 2]

User permissions: administration.users.view, administration.users.add, administration.users.edit, administration.users.activate, administration.users.delete, administration.roles.view, administration.roles.add, administration.roles.edit, administration.roles.activate, administration.roles.delete, administration.permissionmatrix.view, administration.permissionmatrix.manage, administration.financialyears.view, administration.financialyears.add, administration.financialyears.edit, administration.financialyears.activate, administration.financialyears.close, masters.companies.view, masters.companies.add, masters.companies.edit, masters.companies.delete, masters.customers.view, masters.customers.add, masters.customers.edit, masters.customers.delete, masters.vendors.view, masters.vendors.add, masters.vendors.edit, masters.vendors.delete, masters.sourcedestinations.view, masters.sourcedestinations.add, masters.sourcedestinations.edit, masters.sourcedestinations.delete, masters.materials.view, masters.materials.add, masters.materials.edit, masters.materials.delete, masters.fuelpumps.view, masters.fuelpumps.add, masters.fuelpumps.edit, masters.fuelpumps.delete, masters.hsdrates.view, masters.hsdrates.add, masters.hsdrates.edit, masters.hsdrates.delete, masters.paymentlocations.view, masters.paymentlocations.add, masters.paymentlocations.edit, masters.paymentlocations.delete, masters.vehicleowners.view, masters.vehicleowners.add, masters.vehicleowners.edit, masters.vehicleowners.delete, masters.vehicleassignments.view, masters.vehicleassignments.add, masters.vehicleassignments.edit, masters.vehicleassignments.delete, drivers.view, drivers.create, drivers.edit, drivers.delete, vehicles.view, vehicles.create, vehicles.edit, vehicles.delete, trips.view, trips.create, trips.edit, trips.delete, dispatches.view, dispatches.create, dispatches.edit, dispatches.delete
[2026-08-05 11:22:49 WRN]
[Veteran Logistics]
[0.1.0]
[Machine: VVSPL1]
[Thread: 2]

User 'admin' with role 'Administrator' is requesting permissions.
[2026-08-05 11:22:49 WRN]
[Veteran Logistics]
[0.1.0]
[Machine: VVSPL1]
[Thread: 2]

User 'admin' with role 'Administrator' has 73 permissions.
[2026-08-05 11:22:49 WRN]
[Veteran Logistics]
[0.1.0]
[Machine: VVSPL1]
[Thread: 2]

User permissions: administration.users.view, administration.users.add, administration.users.edit, administration.users.activate, administration.users.delete, administration.roles.view, administration.roles.add, administration.roles.edit, administration.roles.activate, administration.roles.delete, administration.permissionmatrix.view, administration.permissionmatrix.manage, administration.financialyears.view, administration.financialyears.add, administration.financialyears.edit, administration.financialyears.activate, administration.financialyears.close, masters.companies.view, masters.companies.add, masters.companies.edit, masters.companies.delete, masters.customers.view, masters.customers.add, masters.customers.edit, masters.customers.delete, masters.vendors.view, masters.vendors.add, masters.vendors.edit, masters.vendors.delete, masters.sourcedestinations.view, masters.sourcedestinations.add, masters.sourcedestinations.edit, masters.sourcedestinations.delete, masters.materials.view, masters.materials.add, masters.materials.edit, masters.materials.delete, masters.fuelpumps.view, masters.fuelpumps.add, masters.fuelpumps.edit, masters.fuelpumps.delete, masters.hsdrates.view, masters.hsdrates.add, masters.hsdrates.edit, masters.hsdrates.delete, masters.paymentlocations.view, masters.paymentlocations.add, masters.paymentlocations.edit, masters.paymentlocations.delete, masters.vehicleowners.view, masters.vehicleowners.add, masters.vehicleowners.edit, masters.vehicleowners.delete, masters.vehicleassignments.view, masters.vehicleassignments.add, masters.vehicleassignments.edit, masters.vehicleassignments.delete, drivers.view, drivers.create, drivers.edit, drivers.delete, vehicles.view, vehicles.create, vehicles.edit, vehicles.delete, trips.view, trips.create, trips.edit, trips.delete, dispatches.view, dispatches.create, dispatches.edit, dispatches.delete
[2026-08-05 11:22:49 WRN]
[Veteran Logistics]
[0.1.0]
[Machine: VVSPL1]
[Thread: 2]

User 'admin' with role 'Administrator' is requesting permissions.
[2026-08-05 11:22:49 WRN]
[Veteran Logistics]
[0.1.0]
[Machine: VVSPL1]
[Thread: 2]

User 'admin' with role 'Administrator' has 73 permissions.
[2026-08-05 11:22:49 WRN]
[Veteran Logistics]
[0.1.0]
[Machine: VVSPL1]
[Thread: 2]

User permissions: administration.users.view, administration.users.add, administration.users.edit, administration.users.activate, administration.users.delete, administration.roles.view, administration.roles.add, administration.roles.edit, administration.roles.activate, administration.roles.delete, administration.permissionmatrix.view, administration.permissionmatrix.manage, administration.financialyears.view, administration.financialyears.add, administration.financialyears.edit, administration.financialyears.activate, administration.financialyears.close, masters.companies.view, masters.companies.add, masters.companies.edit, masters.companies.delete, masters.customers.view, masters.customers.add, masters.customers.edit, masters.customers.delete, masters.vendors.view, masters.vendors.add, masters.vendors.edit, masters.vendors.delete, masters.sourcedestinations.view, masters.sourcedestinations.add, masters.sourcedestinations.edit, masters.sourcedestinations.delete, masters.materials.view, masters.materials.add, masters.materials.edit, masters.materials.delete, masters.fuelpumps.view, masters.fuelpumps.add, masters.fuelpumps.edit, masters.fuelpumps.delete, masters.hsdrates.view, masters.hsdrates.add, masters.hsdrates.edit, masters.hsdrates.delete, masters.paymentlocations.view, masters.paymentlocations.add, masters.paymentlocations.edit, masters.paymentlocations.delete, masters.vehicleowners.view, masters.vehicleowners.add, masters.vehicleowners.edit, masters.vehicleowners.delete, masters.vehicleassignments.view, masters.vehicleassignments.add, masters.vehicleassignments.edit, masters.vehicleassignments.delete, drivers.view, drivers.create, drivers.edit, drivers.delete, vehicles.view, vehicles.create, vehicles.edit, vehicles.delete, trips.view, trips.create, trips.edit, trips.delete, dispatches.view, dispatches.create, dispatches.edit, dispatches.delete
[2026-08-05 11:22:49 WRN]
[Veteran Logistics]
[0.1.0]
[Machine: VVSPL1]
[Thread: 2]

User 'admin' with role 'Administrator' is requesting permissions.
[2026-08-05 11:22:49 WRN]
[Veteran Logistics]
[0.1.0]
[Machine: VVSPL1]
[Thread: 2]

User 'admin' with role 'Administrator' has 73 permissions.
[2026-08-05 11:22:49 WRN]
[Veteran Logistics]
[0.1.0]
[Machine: VVSPL1]
[Thread: 2]

User permissions: administration.users.view, administration.users.add, administration.users.edit, administration.users.activate, administration.users.delete, administration.roles.view, administration.roles.add, administration.roles.edit, administration.roles.activate, administration.roles.delete, administration.permissionmatrix.view, administration.permissionmatrix.manage, administration.financialyears.view, administration.financialyears.add, administration.financialyears.edit, administration.financialyears.activate, administration.financialyears.close, masters.companies.view, masters.companies.add, masters.companies.edit, masters.companies.delete, masters.customers.view, masters.customers.add, masters.customers.edit, masters.customers.delete, masters.vendors.view, masters.vendors.add, masters.vendors.edit, masters.vendors.delete, masters.sourcedestinations.view, masters.sourcedestinations.add, masters.sourcedestinations.edit, masters.sourcedestinations.delete, masters.materials.view, masters.materials.add, masters.materials.edit, masters.materials.delete, masters.fuelpumps.view, masters.fuelpumps.add, masters.fuelpumps.edit, masters.fuelpumps.delete, masters.hsdrates.view, masters.hsdrates.add, masters.hsdrates.edit, masters.hsdrates.delete, masters.paymentlocations.view, masters.paymentlocations.add, masters.paymentlocations.edit, masters.paymentlocations.delete, masters.vehicleowners.view, masters.vehicleowners.add, masters.vehicleowners.edit, masters.vehicleowners.delete, masters.vehicleassignments.view, masters.vehicleassignments.add, masters.vehicleassignments.edit, masters.vehicleassignments.delete, drivers.view, drivers.create, drivers.edit, drivers.delete, vehicles.view, vehicles.create, vehicles.edit, vehicles.delete, trips.view, trips.create, trips.edit, trips.delete, dispatches.view, dispatches.create, dispatches.edit, dispatches.delete
[2026-08-05 11:22:51 WRN]
[Veteran Logistics]
[0.1.0]
[Machine: VVSPL1]
[Thread: 2]

User 'admin' with role 'Administrator' is requesting permissions.
[2026-08-05 11:22:51 WRN]
[Veteran Logistics]
[0.1.0]
[Machine: VVSPL1]
[Thread: 2]

User 'admin' with role 'Administrator' has 73 permissions.
[2026-08-05 11:22:51 WRN]
[Veteran Logistics]
[0.1.0]
[Machine: VVSPL1]
[Thread: 2]

User permissions: administration.users.view, administration.users.add, administration.users.edit, administration.users.activate, administration.users.delete, administration.roles.view, administration.roles.add, administration.roles.edit, administration.roles.activate, administration.roles.delete, administration.permissionmatrix.view, administration.permissionmatrix.manage, administration.financialyears.view, administration.financialyears.add, administration.financialyears.edit, administration.financialyears.activate, administration.financialyears.close, masters.companies.view, masters.companies.add, masters.companies.edit, masters.companies.delete, masters.customers.view, masters.customers.add, masters.customers.edit, masters.customers.delete, masters.vendors.view, masters.vendors.add, masters.vendors.edit, masters.vendors.delete, masters.sourcedestinations.view, masters.sourcedestinations.add, masters.sourcedestinations.edit, masters.sourcedestinations.delete, masters.materials.view, masters.materials.add, masters.materials.edit, masters.materials.delete, masters.fuelpumps.view, masters.fuelpumps.add, masters.fuelpumps.edit, masters.fuelpumps.delete, masters.hsdrates.view, masters.hsdrates.add, masters.hsdrates.edit, masters.hsdrates.delete, masters.paymentlocations.view, masters.paymentlocations.add, masters.paymentlocations.edit, masters.paymentlocations.delete, masters.vehicleowners.view, masters.vehicleowners.add, masters.vehicleowners.edit, masters.vehicleowners.delete, masters.vehicleassignments.view, masters.vehicleassignments.add, masters.vehicleassignments.edit, masters.vehicleassignments.delete, drivers.view, drivers.create, drivers.edit, drivers.delete, vehicles.view, vehicles.create, vehicles.edit, vehicles.delete, trips.view, trips.create, trips.edit, trips.delete, dispatches.view, dispatches.create, dispatches.edit, dispatches.delete
[2026-08-05 11:22:51 WRN]
[Veteran Logistics]
[0.1.0]
[Machine: VVSPL1]
[Thread: 2]

User 'admin' with role 'Administrator' is requesting permissions.
[2026-08-05 11:22:51 WRN]
[Veteran Logistics]
[0.1.0]
[Machine: VVSPL1]
[Thread: 2]

User 'admin' with role 'Administrator' has 73 permissions.
[2026-08-05 11:22:51 WRN]
[Veteran Logistics]
[0.1.0]
[Machine: VVSPL1]
[Thread: 2]

User permissions: administration.users.view, administration.users.add, administration.users.edit, administration.users.activate, administration.users.delete, administration.roles.view, administration.roles.add, administration.roles.edit, administration.roles.activate, administration.roles.delete, administration.permissionmatrix.view, administration.permissionmatrix.manage, administration.financialyears.view, administration.financialyears.add, administration.financialyears.edit, administration.financialyears.activate, administration.financialyears.close, masters.companies.view, masters.companies.add, masters.companies.edit, masters.companies.delete, masters.customers.view, masters.customers.add, masters.customers.edit, masters.customers.delete, masters.vendors.view, masters.vendors.add, masters.vendors.edit, masters.vendors.delete, masters.sourcedestinations.view, masters.sourcedestinations.add, masters.sourcedestinations.edit, masters.sourcedestinations.delete, masters.materials.view, masters.materials.add, masters.materials.edit, masters.materials.delete, masters.fuelpumps.view, masters.fuelpumps.add, masters.fuelpumps.edit, masters.fuelpumps.delete, masters.hsdrates.view, masters.hsdrates.add, masters.hsdrates.edit, masters.hsdrates.delete, masters.paymentlocations.view, masters.paymentlocations.add, masters.paymentlocations.edit, masters.paymentlocations.delete, masters.vehicleowners.view, masters.vehicleowners.add, masters.vehicleowners.edit, masters.vehicleowners.delete, masters.vehicleassignments.view, masters.vehicleassignments.add, masters.vehicleassignments.edit, masters.vehicleassignments.delete, drivers.view, drivers.create, drivers.edit, drivers.delete, vehicles.view, vehicles.create, vehicles.edit, vehicles.delete, trips.view, trips.create, trips.edit, trips.delete, dispatches.view, dispatches.create, dispatches.edit, dispatches.delete
[2026-08-05 11:22:51 WRN]
[Veteran Logistics]
[0.1.0]
[Machine: VVSPL1]
[Thread: 2]

User 'admin' with role 'Administrator' is requesting permissions.
[2026-08-05 11:22:51 WRN]
[Veteran Logistics]
[0.1.0]
[Machine: VVSPL1]
[Thread: 2]

User 'admin' with role 'Administrator' has 73 permissions.
[2026-08-05 11:22:51 WRN]
[Veteran Logistics]
[0.1.0]
[Machine: VVSPL1]
[Thread: 2]

User permissions: administration.users.view, administration.users.add, administration.users.edit, administration.users.activate, administration.users.delete, administration.roles.view, administration.roles.add, administration.roles.edit, administration.roles.activate, administration.roles.delete, administration.permissionmatrix.view, administration.permissionmatrix.manage, administration.financialyears.view, administration.financialyears.add, administration.financialyears.edit, administration.financialyears.activate, administration.financialyears.close, masters.companies.view, masters.companies.add, masters.companies.edit, masters.companies.delete, masters.customers.view, masters.customers.add, masters.customers.edit, masters.customers.delete, masters.vendors.view, masters.vendors.add, masters.vendors.edit, masters.vendors.delete, masters.sourcedestinations.view, masters.sourcedestinations.add, masters.sourcedestinations.edit, masters.sourcedestinations.delete, masters.materials.view, masters.materials.add, masters.materials.edit, masters.materials.delete, masters.fuelpumps.view, masters.fuelpumps.add, masters.fuelpumps.edit, masters.fuelpumps.delete, masters.hsdrates.view, masters.hsdrates.add, masters.hsdrates.edit, masters.hsdrates.delete, masters.paymentlocations.view, masters.paymentlocations.add, masters.paymentlocations.edit, masters.paymentlocations.delete, masters.vehicleowners.view, masters.vehicleowners.add, masters.vehicleowners.edit, masters.vehicleowners.delete, masters.vehicleassignments.view, masters.vehicleassignments.add, masters.vehicleassignments.edit, masters.vehicleassignments.delete, drivers.view, drivers.create, drivers.edit, drivers.delete, vehicles.view, vehicles.create, vehicles.edit, vehicles.delete, trips.view, trips.create, trips.edit, trips.delete, dispatches.view, dispatches.create, dispatches.edit, dispatches.delete
[2026-08-05 11:22:51 WRN]
[Veteran Logistics]
[0.1.0]
[Machine: VVSPL1]
[Thread: 2]

User 'admin' with role 'Administrator' is requesting permissions.
[2026-08-05 11:22:51 WRN]
[Veteran Logistics]
[0.1.0]
[Machine: VVSPL1]
[Thread: 2]

User 'admin' with role 'Administrator' has 73 permissions.
[2026-08-05 11:22:51 WRN]
[Veteran Logistics]
[0.1.0]
[Machine: VVSPL1]
[Thread: 2]

User permissions: administration.users.view, administration.users.add, administration.users.edit, administration.users.activate, administration.users.delete, administration.roles.view, administration.roles.add, administration.roles.edit, administration.roles.activate, administration.roles.delete, administration.permissionmatrix.view, administration.permissionmatrix.manage, administration.financialyears.view, administration.financialyears.add, administration.financialyears.edit, administration.financialyears.activate, administration.financialyears.close, masters.companies.view, masters.companies.add, masters.companies.edit, masters.companies.delete, masters.customers.view, masters.customers.add, masters.customers.edit, masters.customers.delete, masters.vendors.view, masters.vendors.add, masters.vendors.edit, masters.vendors.delete, masters.sourcedestinations.view, masters.sourcedestinations.add, masters.sourcedestinations.edit, masters.sourcedestinations.delete, masters.materials.view, masters.materials.add, masters.materials.edit, masters.materials.delete, masters.fuelpumps.view, masters.fuelpumps.add, masters.fuelpumps.edit, masters.fuelpumps.delete, masters.hsdrates.view, masters.hsdrates.add, masters.hsdrates.edit, masters.hsdrates.delete, masters.paymentlocations.view, masters.paymentlocations.add, masters.paymentlocations.edit, masters.paymentlocations.delete, masters.vehicleowners.view, masters.vehicleowners.add, masters.vehicleowners.edit, masters.vehicleowners.delete, masters.vehicleassignments.view, masters.vehicleassignments.add, masters.vehicleassignments.edit, masters.vehicleassignments.delete, drivers.view, drivers.create, drivers.edit, drivers.delete, vehicles.view, vehicles.create, vehicles.edit, vehicles.delete, trips.view, trips.create, trips.edit, trips.delete, dispatches.view, dispatches.create, dispatches.edit, dispatches.delete
[2026-08-05 11:22:51 WRN]
[Veteran Logistics]
[0.1.0]
[Machine: VVSPL1]
[Thread: 2]

User 'admin' with role 'Administrator' is requesting permissions.
[2026-08-05 11:22:51 WRN]
[Veteran Logistics]
[0.1.0]
[Machine: VVSPL1]
[Thread: 2]

User 'admin' with role 'Administrator' has 73 permissions.
[2026-08-05 11:22:51 WRN]
[Veteran Logistics]
[0.1.0]
[Machine: VVSPL1]
[Thread: 2]

User permissions: administration.users.view, administration.users.add, administration.users.edit, administration.users.activate, administration.users.delete, administration.roles.view, administration.roles.add, administration.roles.edit, administration.roles.activate, administration.roles.delete, administration.permissionmatrix.view, administration.permissionmatrix.manage, administration.financialyears.view, administration.financialyears.add, administration.financialyears.edit, administration.financialyears.activate, administration.financialyears.close, masters.companies.view, masters.companies.add, masters.companies.edit, masters.companies.delete, masters.customers.view, masters.customers.add, masters.customers.edit, masters.customers.delete, masters.vendors.view, masters.vendors.add, masters.vendors.edit, masters.vendors.delete, masters.sourcedestinations.view, masters.sourcedestinations.add, masters.sourcedestinations.edit, masters.sourcedestinations.delete, masters.materials.view, masters.materials.add, masters.materials.edit, masters.materials.delete, masters.fuelpumps.view, masters.fuelpumps.add, masters.fuelpumps.edit, masters.fuelpumps.delete, masters.hsdrates.view, masters.hsdrates.add, masters.hsdrates.edit, masters.hsdrates.delete, masters.paymentlocations.view, masters.paymentlocations.add, masters.paymentlocations.edit, masters.paymentlocations.delete, masters.vehicleowners.view, masters.vehicleowners.add, masters.vehicleowners.edit, masters.vehicleowners.delete, masters.vehicleassignments.view, masters.vehicleassignments.add, masters.vehicleassignments.edit, masters.vehicleassignments.delete, drivers.view, drivers.create, drivers.edit, drivers.delete, vehicles.view, vehicles.create, vehicles.edit, vehicles.delete, trips.view, trips.create, trips.edit, trips.delete, dispatches.view, dispatches.create, dispatches.edit, dispatches.delete
[2026-08-05 11:22:51 WRN]
[Veteran Logistics]
[0.1.0]
[Machine: VVSPL1]
[Thread: 2]

User 'admin' with role 'Administrator' is requesting permissions.
[2026-08-05 11:22:51 WRN]
[Veteran Logistics]
[0.1.0]
[Machine: VVSPL1]
[Thread: 2]

User 'admin' with role 'Administrator' has 73 permissions.
[2026-08-05 11:22:51 WRN]
[Veteran Logistics]
[0.1.0]
[Machine: VVSPL1]
[Thread: 2]

User permissions: administration.users.view, administration.users.add, administration.users.edit, administration.users.activate, administration.users.delete, administration.roles.view, administration.roles.add, administration.roles.edit, administration.roles.activate, administration.roles.delete, administration.permissionmatrix.view, administration.permissionmatrix.manage, administration.financialyears.view, administration.financialyears.add, administration.financialyears.edit, administration.financialyears.activate, administration.financialyears.close, masters.companies.view, masters.companies.add, masters.companies.edit, masters.companies.delete, masters.customers.view, masters.customers.add, masters.customers.edit, masters.customers.delete, masters.vendors.view, masters.vendors.add, masters.vendors.edit, masters.vendors.delete, masters.sourcedestinations.view, masters.sourcedestinations.add, masters.sourcedestinations.edit, masters.sourcedestinations.delete, masters.materials.view, masters.materials.add, masters.materials.edit, masters.materials.delete, masters.fuelpumps.view, masters.fuelpumps.add, masters.fuelpumps.edit, masters.fuelpumps.delete, masters.hsdrates.view, masters.hsdrates.add, masters.hsdrates.edit, masters.hsdrates.delete, masters.paymentlocations.view, masters.paymentlocations.add, masters.paymentlocations.edit, masters.paymentlocations.delete, masters.vehicleowners.view, masters.vehicleowners.add, masters.vehicleowners.edit, masters.vehicleowners.delete, masters.vehicleassignments.view, masters.vehicleassignments.add, masters.vehicleassignments.edit, masters.vehicleassignments.delete, drivers.view, drivers.create, drivers.edit, drivers.delete, vehicles.view, vehicles.create, vehicles.edit, vehicles.delete, trips.view, trips.create, trips.edit, trips.delete, dispatches.view, dispatches.create, dispatches.edit, dispatches.delete
[2026-08-05 11:22:51 WRN]
[Veteran Logistics]
[0.1.0]
[Machine: VVSPL1]
[Thread: 2]

User 'admin' with role 'Administrator' is requesting permissions.
[2026-08-05 11:22:51 WRN]
[Veteran Logistics]
[0.1.0]
[Machine: VVSPL1]
[Thread: 2]

User 'admin' with role 'Administrator' has 73 permissions.
[2026-08-05 11:22:51 WRN]
[Veteran Logistics]
[0.1.0]
[Machine: VVSPL1]
[Thread: 2]

User permissions: administration.users.view, administration.users.add, administration.users.edit, administration.users.activate, administration.users.delete, administration.roles.view, administration.roles.add, administration.roles.edit, administration.roles.activate, administration.roles.delete, administration.permissionmatrix.view, administration.permissionmatrix.manage, administration.financialyears.view, administration.financialyears.add, administration.financialyears.edit, administration.financialyears.activate, administration.financialyears.close, masters.companies.view, masters.companies.add, masters.companies.edit, masters.companies.delete, masters.customers.view, masters.customers.add, masters.customers.edit, masters.customers.delete, masters.vendors.view, masters.vendors.add, masters.vendors.edit, masters.vendors.delete, masters.sourcedestinations.view, masters.sourcedestinations.add, masters.sourcedestinations.edit, masters.sourcedestinations.delete, masters.materials.view, masters.materials.add, masters.materials.edit, masters.materials.delete, masters.fuelpumps.view, masters.fuelpumps.add, masters.fuelpumps.edit, masters.fuelpumps.delete, masters.hsdrates.view, masters.hsdrates.add, masters.hsdrates.edit, masters.hsdrates.delete, masters.paymentlocations.view, masters.paymentlocations.add, masters.paymentlocations.edit, masters.paymentlocations.delete, masters.vehicleowners.view, masters.vehicleowners.add, masters.vehicleowners.edit, masters.vehicleowners.delete, masters.vehicleassignments.view, masters.vehicleassignments.add, masters.vehicleassignments.edit, masters.vehicleassignments.delete, drivers.view, drivers.create, drivers.edit, drivers.delete, vehicles.view, vehicles.create, vehicles.edit, vehicles.delete, trips.view, trips.create, trips.edit, trips.delete, dispatches.view, dispatches.create, dispatches.edit, dispatches.delete
[2026-08-05 11:22:51 WRN]
[Veteran Logistics]
[0.1.0]
[Machine: VVSPL1]
[Thread: 2]

User 'admin' with role 'Administrator' is requesting permissions.
[2026-08-05 11:22:51 WRN]
[Veteran Logistics]
[0.1.0]
[Machine: VVSPL1]
[Thread: 2]

User 'admin' with role 'Administrator' has 73 permissions.
[2026-08-05 11:22:51 WRN]
[Veteran Logistics]
[0.1.0]
[Machine: VVSPL1]
[Thread: 2]

User permissions: administration.users.view, administration.users.add, administration.users.edit, administration.users.activate, administration.users.delete, administration.roles.view, administration.roles.add, administration.roles.edit, administration.roles.activate, administration.roles.delete, administration.permissionmatrix.view, administration.permissionmatrix.manage, administration.financialyears.view, administration.financialyears.add, administration.financialyears.edit, administration.financialyears.activate, administration.financialyears.close, masters.companies.view, masters.companies.add, masters.companies.edit, masters.companies.delete, masters.customers.view, masters.customers.add, masters.customers.edit, masters.customers.delete, masters.vendors.view, masters.vendors.add, masters.vendors.edit, masters.vendors.delete, masters.sourcedestinations.view, masters.sourcedestinations.add, masters.sourcedestinations.edit, masters.sourcedestinations.delete, masters.materials.view, masters.materials.add, masters.materials.edit, masters.materials.delete, masters.fuelpumps.view, masters.fuelpumps.add, masters.fuelpumps.edit, masters.fuelpumps.delete, masters.hsdrates.view, masters.hsdrates.add, masters.hsdrates.edit, masters.hsdrates.delete, masters.paymentlocations.view, masters.paymentlocations.add, masters.paymentlocations.edit, masters.paymentlocations.delete, masters.vehicleowners.view, masters.vehicleowners.add, masters.vehicleowners.edit, masters.vehicleowners.delete, masters.vehicleassignments.view, masters.vehicleassignments.add, masters.vehicleassignments.edit, masters.vehicleassignments.delete, drivers.view, drivers.create, drivers.edit, drivers.delete, vehicles.view, vehicles.create, vehicles.edit, vehicles.delete, trips.view, trips.create, trips.edit, trips.delete, dispatches.view, dispatches.create, dispatches.edit, dispatches.delete
[2026-08-05 11:22:51 WRN]
[Veteran Logistics]
[0.1.0]
[Machine: VVSPL1]
[Thread: 2]

User 'admin' with role 'Administrator' is requesting permissions.
[2026-08-05 11:22:51 WRN]
[Veteran Logistics]
[0.1.0]
[Machine: VVSPL1]
[Thread: 2]

User 'admin' with role 'Administrator' has 73 permissions.
[2026-08-05 11:22:51 WRN]
[Veteran Logistics]
[0.1.0]
[Machine: VVSPL1]
[Thread: 2]

User permissions: administration.users.view, administration.users.add, administration.users.edit, administration.users.activate, administration.users.delete, administration.roles.view, administration.roles.add, administration.roles.edit, administration.roles.activate, administration.roles.delete, administration.permissionmatrix.view, administration.permissionmatrix.manage, administration.financialyears.view, administration.financialyears.add, administration.financialyears.edit, administration.financialyears.activate, administration.financialyears.close, masters.companies.view, masters.companies.add, masters.companies.edit, masters.companies.delete, masters.customers.view, masters.customers.add, masters.customers.edit, masters.customers.delete, masters.vendors.view, masters.vendors.add, masters.vendors.edit, masters.vendors.delete, masters.sourcedestinations.view, masters.sourcedestinations.add, masters.sourcedestinations.edit, masters.sourcedestinations.delete, masters.materials.view, masters.materials.add, masters.materials.edit, masters.materials.delete, masters.fuelpumps.view, masters.fuelpumps.add, masters.fuelpumps.edit, masters.fuelpumps.delete, masters.hsdrates.view, masters.hsdrates.add, masters.hsdrates.edit, masters.hsdrates.delete, masters.paymentlocations.view, masters.paymentlocations.add, masters.paymentlocations.edit, masters.paymentlocations.delete, masters.vehicleowners.view, masters.vehicleowners.add, masters.vehicleowners.edit, masters.vehicleowners.delete, masters.vehicleassignments.view, masters.vehicleassignments.add, masters.vehicleassignments.edit, masters.vehicleassignments.delete, drivers.view, drivers.create, drivers.edit, drivers.delete, vehicles.view, vehicles.create, vehicles.edit, vehicles.delete, trips.view, trips.create, trips.edit, trips.delete, dispatches.view, dispatches.create, dispatches.edit, dispatches.delete
[2026-08-05 11:22:51 WRN]
[Veteran Logistics]
[0.1.0]
[Machine: VVSPL1]
[Thread: 2]

User 'admin' with role 'Administrator' is requesting permissions.
[2026-08-05 11:22:51 WRN]
[Veteran Logistics]
[0.1.0]
[Machine: VVSPL1]
[Thread: 2]

User 'admin' with role 'Administrator' has 73 permissions.
[2026-08-05 11:22:51 WRN]
[Veteran Logistics]
[0.1.0]
[Machine: VVSPL1]
[Thread: 2]

User permissions: administration.users.view, administration.users.add, administration.users.edit, administration.users.activate, administration.users.delete, administration.roles.view, administration.roles.add, administration.roles.edit, administration.roles.activate, administration.roles.delete, administration.permissionmatrix.view, administration.permissionmatrix.manage, administration.financialyears.view, administration.financialyears.add, administration.financialyears.edit, administration.financialyears.activate, administration.financialyears.close, masters.companies.view, masters.companies.add, masters.companies.edit, masters.companies.delete, masters.customers.view, masters.customers.add, masters.customers.edit, masters.customers.delete, masters.vendors.view, masters.vendors.add, masters.vendors.edit, masters.vendors.delete, masters.sourcedestinations.view, masters.sourcedestinations.add, masters.sourcedestinations.edit, masters.sourcedestinations.delete, masters.materials.view, masters.materials.add, masters.materials.edit, masters.materials.delete, masters.fuelpumps.view, masters.fuelpumps.add, masters.fuelpumps.edit, masters.fuelpumps.delete, masters.hsdrates.view, masters.hsdrates.add, masters.hsdrates.edit, masters.hsdrates.delete, masters.paymentlocations.view, masters.paymentlocations.add, masters.paymentlocations.edit, masters.paymentlocations.delete, masters.vehicleowners.view, masters.vehicleowners.add, masters.vehicleowners.edit, masters.vehicleowners.delete, masters.vehicleassignments.view, masters.vehicleassignments.add, masters.vehicleassignments.edit, masters.vehicleassignments.delete, drivers.view, drivers.create, drivers.edit, drivers.delete, vehicles.view, vehicles.create, vehicles.edit, vehicles.delete, trips.view, trips.create, trips.edit, trips.delete, dispatches.view, dispatches.create, dispatches.edit, dispatches.delete
[2026-08-05 11:22:51 WRN]
[Veteran Logistics]
[0.1.0]
[Machine: VVSPL1]
[Thread: 2]

User 'admin' with role 'Administrator' is requesting permissions.
[2026-08-05 11:22:51 WRN]
[Veteran Logistics]
[0.1.0]
[Machine: VVSPL1]
[Thread: 2]

User 'admin' with role 'Administrator' has 73 permissions.
[2026-08-05 11:22:51 WRN]
[Veteran Logistics]
[0.1.0]
[Machine: VVSPL1]
[Thread: 2]

User permissions: administration.users.view, administration.users.add, administration.users.edit, administration.users.activate, administration.users.delete, administration.roles.view, administration.roles.add, administration.roles.edit, administration.roles.activate, administration.roles.delete, administration.permissionmatrix.view, administration.permissionmatrix.manage, administration.financialyears.view, administration.financialyears.add, administration.financialyears.edit, administration.financialyears.activate, administration.financialyears.close, masters.companies.view, masters.companies.add, masters.companies.edit, masters.companies.delete, masters.customers.view, masters.customers.add, masters.customers.edit, masters.customers.delete, masters.vendors.view, masters.vendors.add, masters.vendors.edit, masters.vendors.delete, masters.sourcedestinations.view, masters.sourcedestinations.add, masters.sourcedestinations.edit, masters.sourcedestinations.delete, masters.materials.view, masters.materials.add, masters.materials.edit, masters.materials.delete, masters.fuelpumps.view, masters.fuelpumps.add, masters.fuelpumps.edit, masters.fuelpumps.delete, masters.hsdrates.view, masters.hsdrates.add, masters.hsdrates.edit, masters.hsdrates.delete, masters.paymentlocations.view, masters.paymentlocations.add, masters.paymentlocations.edit, masters.paymentlocations.delete, masters.vehicleowners.view, masters.vehicleowners.add, masters.vehicleowners.edit, masters.vehicleowners.delete, masters.vehicleassignments.view, masters.vehicleassignments.add, masters.vehicleassignments.edit, masters.vehicleassignments.delete, drivers.view, drivers.create, drivers.edit, drivers.delete, vehicles.view, vehicles.create, vehicles.edit, vehicles.delete, trips.view, trips.create, trips.edit, trips.delete, dispatches.view, dispatches.create, dispatches.edit, dispatches.delete
[2026-08-05 11:22:51 WRN]
[Veteran Logistics]
[0.1.0]
[Machine: VVSPL1]
[Thread: 2]

User 'admin' with role 'Administrator' is requesting permissions.
[2026-08-05 11:22:51 WRN]
[Veteran Logistics]
[0.1.0]
[Machine: VVSPL1]
[Thread: 2]

User 'admin' with role 'Administrator' has 73 permissions.
[2026-08-05 11:22:51 WRN]
[Veteran Logistics]
[0.1.0]
[Machine: VVSPL1]
[Thread: 2]

User permissions: administration.users.view, administration.users.add, administration.users.edit, administration.users.activate, administration.users.delete, administration.roles.view, administration.roles.add, administration.roles.edit, administration.roles.activate, administration.roles.delete, administration.permissionmatrix.view, administration.permissionmatrix.manage, administration.financialyears.view, administration.financialyears.add, administration.financialyears.edit, administration.financialyears.activate, administration.financialyears.close, masters.companies.view, masters.companies.add, masters.companies.edit, masters.companies.delete, masters.customers.view, masters.customers.add, masters.customers.edit, masters.customers.delete, masters.vendors.view, masters.vendors.add, masters.vendors.edit, masters.vendors.delete, masters.sourcedestinations.view, masters.sourcedestinations.add, masters.sourcedestinations.edit, masters.sourcedestinations.delete, masters.materials.view, masters.materials.add, masters.materials.edit, masters.materials.delete, masters.fuelpumps.view, masters.fuelpumps.add, masters.fuelpumps.edit, masters.fuelpumps.delete, masters.hsdrates.view, masters.hsdrates.add, masters.hsdrates.edit, masters.hsdrates.delete, masters.paymentlocations.view, masters.paymentlocations.add, masters.paymentlocations.edit, masters.paymentlocations.delete, masters.vehicleowners.view, masters.vehicleowners.add, masters.vehicleowners.edit, masters.vehicleowners.delete, masters.vehicleassignments.view, masters.vehicleassignments.add, masters.vehicleassignments.edit, masters.vehicleassignments.delete, drivers.view, drivers.create, drivers.edit, drivers.delete, vehicles.view, vehicles.create, vehicles.edit, vehicles.delete, trips.view, trips.create, trips.edit, trips.delete, dispatches.view, dispatches.create, dispatches.edit, dispatches.delete
[2026-08-05 11:23:02 INF]
[Veteran Logistics]
[0.1.0]
[Machine: VVSPL1]
[Thread: 2]

Getting all source/destinations
[2026-08-05 11:23:02 INF]
[Veteran Logistics]
[0.1.0]
[Machine: VVSPL1]
[Thread: 2]

Retrieved 3 source/destinations
[2026-08-05 11:23:02 INF]
[Veteran Logistics]
[0.1.0]
[Machine: VVSPL1]
[Thread: 2]

Retrieved 3 materials
[2026-08-05 11:23:02 INF]
[Veteran Logistics]
[0.1.0]
[Machine: VVSPL1]
[Thread: 2]

Generating loading report with filters and search
[2026-08-05 11:23:02 WRN]
[Veteran Logistics]
[0.1.0]
[Machine: VVSPL1]
[Thread: 2]

The query uses the 'First'/'FirstOrDefault' operator without 'OrderBy' and filter operators. This may lead to unpredictable results.
[2026-08-05 11:23:02 INF]
[Veteran Logistics]
[0.1.0]
[Machine: VVSPL1]
[Thread: 2]

Loading report generated successfully with 2 records
[2026-08-05 11:23:02 INF]
[Veteran Logistics]
[0.1.0]
[Machine: VVSPL1]
[Thread: 2]

Generating loading report with filters and search
[2026-08-05 11:23:02 INF]
[Veteran Logistics]
[0.1.0]
[Machine: VVSPL1]
[Thread: 2]

Loading report generated successfully with 2 records
[2026-08-05 11:23:07 INF]
[Veteran Logistics]
[0.1.0]
[Machine: VVSPL1]
[Thread: 2]

Starting PDF export for loading report to C:\Users\infov\Downloads\LoadingReport_20260805_112305.pdf
[2026-08-05 11:23:07 INF]
[Veteran Logistics]
[0.1.0]
[Machine: VVSPL1]
[Thread: 2]

PDF export completed successfully for 2 records
[2026-08-05 11:23:11 INF]
[Veteran Logistics]
[0.1.0]
[Machine: VVSPL1]
[Thread: 2]

Starting Excel export for loading report to C:\Users\infov\Downloads\LoadingReport_20260805_112310.xlsx
[2026-08-05 11:23:12 INF]
[Veteran Logistics]
[0.1.0]
[Machine: VVSPL1]
[Thread: 2]

Excel export completed successfully for 2 records
[2026-08-05 11:23:48 WRN]
[Veteran Logistics]
[0.1.0]
[Machine: VVSPL1]
[Thread: 2]

User 'admin' with role 'Administrator' is requesting permissions.
[2026-08-05 11:23:48 WRN]
[Veteran Logistics]
[0.1.0]
[Machine: VVSPL1]
[Thread: 2]

User 'admin' with role 'Administrator' has 73 permissions.
[2026-08-05 11:23:48 WRN]
[Veteran Logistics]
[0.1.0]
[Machine: VVSPL1]
[Thread: 2]

User permissions: administration.users.view, administration.users.add, administration.users.edit, administration.users.activate, administration.users.delete, administration.roles.view, administration.roles.add, administration.roles.edit, administration.roles.activate, administration.roles.delete, administration.permissionmatrix.view, administration.permissionmatrix.manage, administration.financialyears.view, administration.financialyears.add, administration.financialyears.edit, administration.financialyears.activate, administration.financialyears.close, masters.companies.view, masters.companies.add, masters.companies.edit, masters.companies.delete, masters.customers.view, masters.customers.add, masters.customers.edit, masters.customers.delete, masters.vendors.view, masters.vendors.add, masters.vendors.edit, masters.vendors.delete, masters.sourcedestinations.view, masters.sourcedestinations.add, masters.sourcedestinations.edit, masters.sourcedestinations.delete, masters.materials.view, masters.materials.add, masters.materials.edit, masters.materials.delete, masters.fuelpumps.view, masters.fuelpumps.add, masters.fuelpumps.edit, masters.fuelpumps.delete, masters.hsdrates.view, masters.hsdrates.add, masters.hsdrates.edit, masters.hsdrates.delete, masters.paymentlocations.view, masters.paymentlocations.add, masters.paymentlocations.edit, masters.paymentlocations.delete, masters.vehicleowners.view, masters.vehicleowners.add, masters.vehicleowners.edit, masters.vehicleowners.delete, masters.vehicleassignments.view, masters.vehicleassignments.add, masters.vehicleassignments.edit, masters.vehicleassignments.delete, drivers.view, drivers.create, drivers.edit, drivers.delete, vehicles.view, vehicles.create, vehicles.edit, vehicles.delete, trips.view, trips.create, trips.edit, trips.delete, dispatches.view, dispatches.create, dispatches.edit, dispatches.delete
[2026-08-05 11:23:48 WRN]
[Veteran Logistics]
[0.1.0]
[Machine: VVSPL1]
[Thread: 2]

User 'admin' with role 'Administrator' is requesting permissions.
[2026-08-05 11:23:48 WRN]
[Veteran Logistics]
[0.1.0]
[Machine: VVSPL1]
[Thread: 2]

User 'admin' with role 'Administrator' has 73 permissions.
[2026-08-05 11:23:48 WRN]
[Veteran Logistics]
[0.1.0]
[Machine: VVSPL1]
[Thread: 2]

User permissions: administration.users.view, administration.users.add, administration.users.edit, administration.users.activate, administration.users.delete, administration.roles.view, administration.roles.add, administration.roles.edit, administration.roles.activate, administration.roles.delete, administration.permissionmatrix.view, administration.permissionmatrix.manage, administration.financialyears.view, administration.financialyears.add, administration.financialyears.edit, administration.financialyears.activate, administration.financialyears.close, masters.companies.view, masters.companies.add, masters.companies.edit, masters.companies.delete, masters.customers.view, masters.customers.add, masters.customers.edit, masters.customers.delete, masters.vendors.view, masters.vendors.add, masters.vendors.edit, masters.vendors.delete, masters.sourcedestinations.view, masters.sourcedestinations.add, masters.sourcedestinations.edit, masters.sourcedestinations.delete, masters.materials.view, masters.materials.add, masters.materials.edit, masters.materials.delete, masters.fuelpumps.view, masters.fuelpumps.add, masters.fuelpumps.edit, masters.fuelpumps.delete, masters.hsdrates.view, masters.hsdrates.add, masters.hsdrates.edit, masters.hsdrates.delete, masters.paymentlocations.view, masters.paymentlocations.add, masters.paymentlocations.edit, masters.paymentlocations.delete, masters.vehicleowners.view, masters.vehicleowners.add, masters.vehicleowners.edit, masters.vehicleowners.delete, masters.vehicleassignments.view, masters.vehicleassignments.add, masters.vehicleassignments.edit, masters.vehicleassignments.delete, drivers.view, drivers.create, drivers.edit, drivers.delete, vehicles.view, vehicles.create, vehicles.edit, vehicles.delete, trips.view, trips.create, trips.edit, trips.delete, dispatches.view, dispatches.create, dispatches.edit, dispatches.delete
[2026-08-05 11:23:48 WRN]
[Veteran Logistics]
[0.1.0]
[Machine: VVSPL1]
[Thread: 2]

User 'admin' with role 'Administrator' is requesting permissions.
[2026-08-05 11:23:48 WRN]
[Veteran Logistics]
[0.1.0]
[Machine: VVSPL1]
[Thread: 2]

User 'admin' with role 'Administrator' has 73 permissions.
[2026-08-05 11:23:48 WRN]
[Veteran Logistics]
[0.1.0]
[Machine: VVSPL1]
[Thread: 2]

User permissions: administration.users.view, administration.users.add, administration.users.edit, administration.users.activate, administration.users.delete, administration.roles.view, administration.roles.add, administration.roles.edit, administration.roles.activate, administration.roles.delete, administration.permissionmatrix.view, administration.permissionmatrix.manage, administration.financialyears.view, administration.financialyears.add, administration.financialyears.edit, administration.financialyears.activate, administration.financialyears.close, masters.companies.view, masters.companies.add, masters.companies.edit, masters.companies.delete, masters.customers.view, masters.customers.add, masters.customers.edit, masters.customers.delete, masters.vendors.view, masters.vendors.add, masters.vendors.edit, masters.vendors.delete, masters.sourcedestinations.view, masters.sourcedestinations.add, masters.sourcedestinations.edit, masters.sourcedestinations.delete, masters.materials.view, masters.materials.add, masters.materials.edit, masters.materials.delete, masters.fuelpumps.view, masters.fuelpumps.add, masters.fuelpumps.edit, masters.fuelpumps.delete, masters.hsdrates.view, masters.hsdrates.add, masters.hsdrates.edit, masters.hsdrates.delete, masters.paymentlocations.view, masters.paymentlocations.add, masters.paymentlocations.edit, masters.paymentlocations.delete, masters.vehicleowners.view, masters.vehicleowners.add, masters.vehicleowners.edit, masters.vehicleowners.delete, masters.vehicleassignments.view, masters.vehicleassignments.add, masters.vehicleassignments.edit, masters.vehicleassignments.delete, drivers.view, drivers.create, drivers.edit, drivers.delete, vehicles.view, vehicles.create, vehicles.edit, vehicles.delete, trips.view, trips.create, trips.edit, trips.delete, dispatches.view, dispatches.create, dispatches.edit, dispatches.delete
[2026-08-05 11:23:48 WRN]
[Veteran Logistics]
[0.1.0]
[Machine: VVSPL1]
[Thread: 2]

User 'admin' with role 'Administrator' is requesting permissions.
[2026-08-05 11:23:48 WRN]
[Veteran Logistics]
[0.1.0]
[Machine: VVSPL1]
[Thread: 2]

User 'admin' with role 'Administrator' has 73 permissions.
[2026-08-05 11:23:48 WRN]
[Veteran Logistics]
[0.1.0]
[Machine: VVSPL1]
[Thread: 2]

User permissions: administration.users.view, administration.users.add, administration.users.edit, administration.users.activate, administration.users.delete, administration.roles.view, administration.roles.add, administration.roles.edit, administration.roles.activate, administration.roles.delete, administration.permissionmatrix.view, administration.permissionmatrix.manage, administration.financialyears.view, administration.financialyears.add, administration.financialyears.edit, administration.financialyears.activate, administration.financialyears.close, masters.companies.view, masters.companies.add, masters.companies.edit, masters.companies.delete, masters.customers.view, masters.customers.add, masters.customers.edit, masters.customers.delete, masters.vendors.view, masters.vendors.add, masters.vendors.edit, masters.vendors.delete, masters.sourcedestinations.view, masters.sourcedestinations.add, masters.sourcedestinations.edit, masters.sourcedestinations.delete, masters.materials.view, masters.materials.add, masters.materials.edit, masters.materials.delete, masters.fuelpumps.view, masters.fuelpumps.add, masters.fuelpumps.edit, masters.fuelpumps.delete, masters.hsdrates.view, masters.hsdrates.add, masters.hsdrates.edit, masters.hsdrates.delete, masters.paymentlocations.view, masters.paymentlocations.add, masters.paymentlocations.edit, masters.paymentlocations.delete, masters.vehicleowners.view, masters.vehicleowners.add, masters.vehicleowners.edit, masters.vehicleowners.delete, masters.vehicleassignments.view, masters.vehicleassignments.add, masters.vehicleassignments.edit, masters.vehicleassignments.delete, drivers.view, drivers.create, drivers.edit, drivers.delete, vehicles.view, vehicles.create, vehicles.edit, vehicles.delete, trips.view, trips.create, trips.edit, trips.delete, dispatches.view, dispatches.create, dispatches.edit, dispatches.delete
[2026-08-05 11:23:49 WRN]
[Veteran Logistics]
[0.1.0]
[Machine: VVSPL1]
[Thread: 2]

User 'admin' with role 'Administrator' is requesting permissions.
[2026-08-05 11:23:49 WRN]
[Veteran Logistics]
[0.1.0]
[Machine: VVSPL1]
[Thread: 2]

User 'admin' with role 'Administrator' has 73 permissions.
[2026-08-05 11:23:49 WRN]
[Veteran Logistics]
[0.1.0]
[Machine: VVSPL1]
[Thread: 2]

User permissions: administration.users.view, administration.users.add, administration.users.edit, administration.users.activate, administration.users.delete, administration.roles.view, administration.roles.add, administration.roles.edit, administration.roles.activate, administration.roles.delete, administration.permissionmatrix.view, administration.permissionmatrix.manage, administration.financialyears.view, administration.financialyears.add, administration.financialyears.edit, administration.financialyears.activate, administration.financialyears.close, masters.companies.view, masters.companies.add, masters.companies.edit, masters.companies.delete, masters.customers.view, masters.customers.add, masters.customers.edit, masters.customers.delete, masters.vendors.view, masters.vendors.add, masters.vendors.edit, masters.vendors.delete, masters.sourcedestinations.view, masters.sourcedestinations.add, masters.sourcedestinations.edit, masters.sourcedestinations.delete, masters.materials.view, masters.materials.add, masters.materials.edit, masters.materials.delete, masters.fuelpumps.view, masters.fuelpumps.add, masters.fuelpumps.edit, masters.fuelpumps.delete, masters.hsdrates.view, masters.hsdrates.add, masters.hsdrates.edit, masters.hsdrates.delete, masters.paymentlocations.view, masters.paymentlocations.add, masters.paymentlocations.edit, masters.paymentlocations.delete, masters.vehicleowners.view, masters.vehicleowners.add, masters.vehicleowners.edit, masters.vehicleowners.delete, masters.vehicleassignments.view, masters.vehicleassignments.add, masters.vehicleassignments.edit, masters.vehicleassignments.delete, drivers.view, drivers.create, drivers.edit, drivers.delete, vehicles.view, vehicles.create, vehicles.edit, vehicles.delete, trips.view, trips.create, trips.edit, trips.delete, dispatches.view, dispatches.create, dispatches.edit, dispatches.delete
[2026-08-05 11:23:49 WRN]
[Veteran Logistics]
[0.1.0]
[Machine: VVSPL1]
[Thread: 2]

User 'admin' with role 'Administrator' is requesting permissions.
[2026-08-05 11:23:49 WRN]
[Veteran Logistics]
[0.1.0]
[Machine: VVSPL1]
[Thread: 2]

User 'admin' with role 'Administrator' has 73 permissions.
[2026-08-05 11:23:49 WRN]
[Veteran Logistics]
[0.1.0]
[Machine: VVSPL1]
[Thread: 2]

User permissions: administration.users.view, administration.users.add, administration.users.edit, administration.users.activate, administration.users.delete, administration.roles.view, administration.roles.add, administration.roles.edit, administration.roles.activate, administration.roles.delete, administration.permissionmatrix.view, administration.permissionmatrix.manage, administration.financialyears.view, administration.financialyears.add, administration.financialyears.edit, administration.financialyears.activate, administration.financialyears.close, masters.companies.view, masters.companies.add, masters.companies.edit, masters.companies.delete, masters.customers.view, masters.customers.add, masters.customers.edit, masters.customers.delete, masters.vendors.view, masters.vendors.add, masters.vendors.edit, masters.vendors.delete, masters.sourcedestinations.view, masters.sourcedestinations.add, masters.sourcedestinations.edit, masters.sourcedestinations.delete, masters.materials.view, masters.materials.add, masters.materials.edit, masters.materials.delete, masters.fuelpumps.view, masters.fuelpumps.add, masters.fuelpumps.edit, masters.fuelpumps.delete, masters.hsdrates.view, masters.hsdrates.add, masters.hsdrates.edit, masters.hsdrates.delete, masters.paymentlocations.view, masters.paymentlocations.add, masters.paymentlocations.edit, masters.paymentlocations.delete, masters.vehicleowners.view, masters.vehicleowners.add, masters.vehicleowners.edit, masters.vehicleowners.delete, masters.vehicleassignments.view, masters.vehicleassignments.add, masters.vehicleassignments.edit, masters.vehicleassignments.delete, drivers.view, drivers.create, drivers.edit, drivers.delete, vehicles.view, vehicles.create, vehicles.edit, vehicles.delete, trips.view, trips.create, trips.edit, trips.delete, dispatches.view, dispatches.create, dispatches.edit, dispatches.delete
[2026-08-05 11:23:49 WRN]
[Veteran Logistics]
[0.1.0]
[Machine: VVSPL1]
[Thread: 2]

User 'admin' with role 'Administrator' is requesting permissions.
[2026-08-05 11:23:49 WRN]
[Veteran Logistics]
[0.1.0]
[Machine: VVSPL1]
[Thread: 2]

User 'admin' with role 'Administrator' has 73 permissions.
[2026-08-05 11:23:49 WRN]
[Veteran Logistics]
[0.1.0]
[Machine: VVSPL1]
[Thread: 2]

User permissions: administration.users.view, administration.users.add, administration.users.edit, administration.users.activate, administration.users.delete, administration.roles.view, administration.roles.add, administration.roles.edit, administration.roles.activate, administration.roles.delete, administration.permissionmatrix.view, administration.permissionmatrix.manage, administration.financialyears.view, administration.financialyears.add, administration.financialyears.edit, administration.financialyears.activate, administration.financialyears.close, masters.companies.view, masters.companies.add, masters.companies.edit, masters.companies.delete, masters.customers.view, masters.customers.add, masters.customers.edit, masters.customers.delete, masters.vendors.view, masters.vendors.add, masters.vendors.edit, masters.vendors.delete, masters.sourcedestinations.view, masters.sourcedestinations.add, masters.sourcedestinations.edit, masters.sourcedestinations.delete, masters.materials.view, masters.materials.add, masters.materials.edit, masters.materials.delete, masters.fuelpumps.view, masters.fuelpumps.add, masters.fuelpumps.edit, masters.fuelpumps.delete, masters.hsdrates.view, masters.hsdrates.add, masters.hsdrates.edit, masters.hsdrates.delete, masters.paymentlocations.view, masters.paymentlocations.add, masters.paymentlocations.edit, masters.paymentlocations.delete, masters.vehicleowners.view, masters.vehicleowners.add, masters.vehicleowners.edit, masters.vehicleowners.delete, masters.vehicleassignments.view, masters.vehicleassignments.add, masters.vehicleassignments.edit, masters.vehicleassignments.delete, drivers.view, drivers.create, drivers.edit, drivers.delete, vehicles.view, vehicles.create, vehicles.edit, vehicles.delete, trips.view, trips.create, trips.edit, trips.delete, dispatches.view, dispatches.create, dispatches.edit, dispatches.delete
[2026-08-05 11:23:49 WRN]
[Veteran Logistics]
[0.1.0]
[Machine: VVSPL1]
[Thread: 2]

User 'admin' with role 'Administrator' is requesting permissions.
[2026-08-05 11:23:49 WRN]
[Veteran Logistics]
[0.1.0]
[Machine: VVSPL1]
[Thread: 2]

User 'admin' with role 'Administrator' has 73 permissions.
[2026-08-05 11:23:49 WRN]
[Veteran Logistics]
[0.1.0]
[Machine: VVSPL1]
[Thread: 2]

User permissions: administration.users.view, administration.users.add, administration.users.edit, administration.users.activate, administration.users.delete, administration.roles.view, administration.roles.add, administration.roles.edit, administration.roles.activate, administration.roles.delete, administration.permissionmatrix.view, administration.permissionmatrix.manage, administration.financialyears.view, administration.financialyears.add, administration.financialyears.edit, administration.financialyears.activate, administration.financialyears.close, masters.companies.view, masters.companies.add, masters.companies.edit, masters.companies.delete, masters.customers.view, masters.customers.add, masters.customers.edit, masters.customers.delete, masters.vendors.view, masters.vendors.add, masters.vendors.edit, masters.vendors.delete, masters.sourcedestinations.view, masters.sourcedestinations.add, masters.sourcedestinations.edit, masters.sourcedestinations.delete, masters.materials.view, masters.materials.add, masters.materials.edit, masters.materials.delete, masters.fuelpumps.view, masters.fuelpumps.add, masters.fuelpumps.edit, masters.fuelpumps.delete, masters.hsdrates.view, masters.hsdrates.add, masters.hsdrates.edit, masters.hsdrates.delete, masters.paymentlocations.view, masters.paymentlocations.add, masters.paymentlocations.edit, masters.paymentlocations.delete, masters.vehicleowners.view, masters.vehicleowners.add, masters.vehicleowners.edit, masters.vehicleowners.delete, masters.vehicleassignments.view, masters.vehicleassignments.add, masters.vehicleassignments.edit, masters.vehicleassignments.delete, drivers.view, drivers.create, drivers.edit, drivers.delete, vehicles.view, vehicles.create, vehicles.edit, vehicles.delete, trips.view, trips.create, trips.edit, trips.delete, dispatches.view, dispatches.create, dispatches.edit, dispatches.delete
[2026-08-05 11:23:49 WRN]
[Veteran Logistics]
[0.1.0]
[Machine: VVSPL1]
[Thread: 2]

User 'admin' with role 'Administrator' is requesting permissions.
[2026-08-05 11:23:49 WRN]
[Veteran Logistics]
[0.1.0]
[Machine: VVSPL1]
[Thread: 2]

User 'admin' with role 'Administrator' has 73 permissions.
[2026-08-05 11:23:49 WRN]
[Veteran Logistics]
[0.1.0]
[Machine: VVSPL1]
[Thread: 2]

User permissions: administration.users.view, administration.users.add, administration.users.edit, administration.users.activate, administration.users.delete, administration.roles.view, administration.roles.add, administration.roles.edit, administration.roles.activate, administration.roles.delete, administration.permissionmatrix.view, administration.permissionmatrix.manage, administration.financialyears.view, administration.financialyears.add, administration.financialyears.edit, administration.financialyears.activate, administration.financialyears.close, masters.companies.view, masters.companies.add, masters.companies.edit, masters.companies.delete, masters.customers.view, masters.customers.add, masters.customers.edit, masters.customers.delete, masters.vendors.view, masters.vendors.add, masters.vendors.edit, masters.vendors.delete, masters.sourcedestinations.view, masters.sourcedestinations.add, masters.sourcedestinations.edit, masters.sourcedestinations.delete, masters.materials.view, masters.materials.add, masters.materials.edit, masters.materials.delete, masters.fuelpumps.view, masters.fuelpumps.add, masters.fuelpumps.edit, masters.fuelpumps.delete, masters.hsdrates.view, masters.hsdrates.add, masters.hsdrates.edit, masters.hsdrates.delete, masters.paymentlocations.view, masters.paymentlocations.add, masters.paymentlocations.edit, masters.paymentlocations.delete, masters.vehicleowners.view, masters.vehicleowners.add, masters.vehicleowners.edit, masters.vehicleowners.delete, masters.vehicleassignments.view, masters.vehicleassignments.add, masters.vehicleassignments.edit, masters.vehicleassignments.delete, drivers.view, drivers.create, drivers.edit, drivers.delete, vehicles.view, vehicles.create, vehicles.edit, vehicles.delete, trips.view, trips.create, trips.edit, trips.delete, dispatches.view, dispatches.create, dispatches.edit, dispatches.delete
[2026-08-05 11:23:49 WRN]
[Veteran Logistics]
[0.1.0]
[Machine: VVSPL1]
[Thread: 2]

User 'admin' with role 'Administrator' is requesting permissions.
[2026-08-05 11:23:49 WRN]
[Veteran Logistics]
[0.1.0]
[Machine: VVSPL1]
[Thread: 2]

User 'admin' with role 'Administrator' has 73 permissions.
[2026-08-05 11:23:49 WRN]
[Veteran Logistics]
[0.1.0]
[Machine: VVSPL1]
[Thread: 2]

User permissions: administration.users.view, administration.users.add, administration.users.edit, administration.users.activate, administration.users.delete, administration.roles.view, administration.roles.add, administration.roles.edit, administration.roles.activate, administration.roles.delete, administration.permissionmatrix.view, administration.permissionmatrix.manage, administration.financialyears.view, administration.financialyears.add, administration.financialyears.edit, administration.financialyears.activate, administration.financialyears.close, masters.companies.view, masters.companies.add, masters.companies.edit, masters.companies.delete, masters.customers.view, masters.customers.add, masters.customers.edit, masters.customers.delete, masters.vendors.view, masters.vendors.add, masters.vendors.edit, masters.vendors.delete, masters.sourcedestinations.view, masters.sourcedestinations.add, masters.sourcedestinations.edit, masters.sourcedestinations.delete, masters.materials.view, masters.materials.add, masters.materials.edit, masters.materials.delete, masters.fuelpumps.view, masters.fuelpumps.add, masters.fuelpumps.edit, masters.fuelpumps.delete, masters.hsdrates.view, masters.hsdrates.add, masters.hsdrates.edit, masters.hsdrates.delete, masters.paymentlocations.view, masters.paymentlocations.add, masters.paymentlocations.edit, masters.paymentlocations.delete, masters.vehicleowners.view, masters.vehicleowners.add, masters.vehicleowners.edit, masters.vehicleowners.delete, masters.vehicleassignments.view, masters.vehicleassignments.add, masters.vehicleassignments.edit, masters.vehicleassignments.delete, drivers.view, drivers.create, drivers.edit, drivers.delete, vehicles.view, vehicles.create, vehicles.edit, vehicles.delete, trips.view, trips.create, trips.edit, trips.delete, dispatches.view, dispatches.create, dispatches.edit, dispatches.delete
[2026-08-05 11:23:49 WRN]
[Veteran Logistics]
[0.1.0]
[Machine: VVSPL1]
[Thread: 2]

User 'admin' with role 'Administrator' is requesting permissions.
[2026-08-05 11:23:49 WRN]
[Veteran Logistics]
[0.1.0]
[Machine: VVSPL1]
[Thread: 2]

User 'admin' with role 'Administrator' has 73 permissions.
[2026-08-05 11:23:49 WRN]
[Veteran Logistics]
[0.1.0]
[Machine: VVSPL1]
[Thread: 2]

User permissions: administration.users.view, administration.users.add, administration.users.edit, administration.users.activate, administration.users.delete, administration.roles.view, administration.roles.add, administration.roles.edit, administration.roles.activate, administration.roles.delete, administration.permissionmatrix.view, administration.permissionmatrix.manage, administration.financialyears.view, administration.financialyears.add, administration.financialyears.edit, administration.financialyears.activate, administration.financialyears.close, masters.companies.view, masters.companies.add, masters.companies.edit, masters.companies.delete, masters.customers.view, masters.customers.add, masters.customers.edit, masters.customers.delete, masters.vendors.view, masters.vendors.add, masters.vendors.edit, masters.vendors.delete, masters.sourcedestinations.view, masters.sourcedestinations.add, masters.sourcedestinations.edit, masters.sourcedestinations.delete, masters.materials.view, masters.materials.add, masters.materials.edit, masters.materials.delete, masters.fuelpumps.view, masters.fuelpumps.add, masters.fuelpumps.edit, masters.fuelpumps.delete, masters.hsdrates.view, masters.hsdrates.add, masters.hsdrates.edit, masters.hsdrates.delete, masters.paymentlocations.view, masters.paymentlocations.add, masters.paymentlocations.edit, masters.paymentlocations.delete, masters.vehicleowners.view, masters.vehicleowners.add, masters.vehicleowners.edit, masters.vehicleowners.delete, masters.vehicleassignments.view, masters.vehicleassignments.add, masters.vehicleassignments.edit, masters.vehicleassignments.delete, drivers.view, drivers.create, drivers.edit, drivers.delete, vehicles.view, vehicles.create, vehicles.edit, vehicles.delete, trips.view, trips.create, trips.edit, trips.delete, dispatches.view, dispatches.create, dispatches.edit, dispatches.delete
[2026-08-05 11:23:49 WRN]
[Veteran Logistics]
[0.1.0]
[Machine: VVSPL1]
[Thread: 2]

User 'admin' with role 'Administrator' is requesting permissions.
[2026-08-05 11:23:49 WRN]
[Veteran Logistics]
[0.1.0]
[Machine: VVSPL1]
[Thread: 2]

User 'admin' with role 'Administrator' has 73 permissions.
[2026-08-05 11:23:49 WRN]
[Veteran Logistics]
[0.1.0]
[Machine: VVSPL1]
[Thread: 2]

User permissions: administration.users.view, administration.users.add, administration.users.edit, administration.users.activate, administration.users.delete, administration.roles.view, administration.roles.add, administration.roles.edit, administration.roles.activate, administration.roles.delete, administration.permissionmatrix.view, administration.permissionmatrix.manage, administration.financialyears.view, administration.financialyears.add, administration.financialyears.edit, administration.financialyears.activate, administration.financialyears.close, masters.companies.view, masters.companies.add, masters.companies.edit, masters.companies.delete, masters.customers.view, masters.customers.add, masters.customers.edit, masters.customers.delete, masters.vendors.view, masters.vendors.add, masters.vendors.edit, masters.vendors.delete, masters.sourcedestinations.view, masters.sourcedestinations.add, masters.sourcedestinations.edit, masters.sourcedestinations.delete, masters.materials.view, masters.materials.add, masters.materials.edit, masters.materials.delete, masters.fuelpumps.view, masters.fuelpumps.add, masters.fuelpumps.edit, masters.fuelpumps.delete, masters.hsdrates.view, masters.hsdrates.add, masters.hsdrates.edit, masters.hsdrates.delete, masters.paymentlocations.view, masters.paymentlocations.add, masters.paymentlocations.edit, masters.paymentlocations.delete, masters.vehicleowners.view, masters.vehicleowners.add, masters.vehicleowners.edit, masters.vehicleowners.delete, masters.vehicleassignments.view, masters.vehicleassignments.add, masters.vehicleassignments.edit, masters.vehicleassignments.delete, drivers.view, drivers.create, drivers.edit, drivers.delete, vehicles.view, vehicles.create, vehicles.edit, vehicles.delete, trips.view, trips.create, trips.edit, trips.delete, dispatches.view, dispatches.create, dispatches.edit, dispatches.delete
[2026-08-05 11:23:49 WRN]
[Veteran Logistics]
[0.1.0]
[Machine: VVSPL1]
[Thread: 2]

User 'admin' with role 'Administrator' is requesting permissions.
[2026-08-05 11:23:49 WRN]
[Veteran Logistics]
[0.1.0]
[Machine: VVSPL1]
[Thread: 2]

User 'admin' with role 'Administrator' has 73 permissions.
[2026-08-05 11:23:49 WRN]
[Veteran Logistics]
[0.1.0]
[Machine: VVSPL1]
[Thread: 2]

User permissions: administration.users.view, administration.users.add, administration.users.edit, administration.users.activate, administration.users.delete, administration.roles.view, administration.roles.add, administration.roles.edit, administration.roles.activate, administration.roles.delete, administration.permissionmatrix.view, administration.permissionmatrix.manage, administration.financialyears.view, administration.financialyears.add, administration.financialyears.edit, administration.financialyears.activate, administration.financialyears.close, masters.companies.view, masters.companies.add, masters.companies.edit, masters.companies.delete, masters.customers.view, masters.customers.add, masters.customers.edit, masters.customers.delete, masters.vendors.view, masters.vendors.add, masters.vendors.edit, masters.vendors.delete, masters.sourcedestinations.view, masters.sourcedestinations.add, masters.sourcedestinations.edit, masters.sourcedestinations.delete, masters.materials.view, masters.materials.add, masters.materials.edit, masters.materials.delete, masters.fuelpumps.view, masters.fuelpumps.add, masters.fuelpumps.edit, masters.fuelpumps.delete, masters.hsdrates.view, masters.hsdrates.add, masters.hsdrates.edit, masters.hsdrates.delete, masters.paymentlocations.view, masters.paymentlocations.add, masters.paymentlocations.edit, masters.paymentlocations.delete, masters.vehicleowners.view, masters.vehicleowners.add, masters.vehicleowners.edit, masters.vehicleowners.delete, masters.vehicleassignments.view, masters.vehicleassignments.add, masters.vehicleassignments.edit, masters.vehicleassignments.delete, drivers.view, drivers.create, drivers.edit, drivers.delete, vehicles.view, vehicles.create, vehicles.edit, vehicles.delete, trips.view, trips.create, trips.edit, trips.delete, dispatches.view, dispatches.create, dispatches.edit, dispatches.delete
[2026-08-05 11:23:49 WRN]
[Veteran Logistics]
[0.1.0]
[Machine: VVSPL1]
[Thread: 2]

User 'admin' with role 'Administrator' is requesting permissions.
[2026-08-05 11:23:49 WRN]
[Veteran Logistics]
[0.1.0]
[Machine: VVSPL1]
[Thread: 2]

User 'admin' with role 'Administrator' has 73 permissions.
[2026-08-05 11:23:49 WRN]
[Veteran Logistics]
[0.1.0]
[Machine: VVSPL1]
[Thread: 2]

User permissions: administration.users.view, administration.users.add, administration.users.edit, administration.users.activate, administration.users.delete, administration.roles.view, administration.roles.add, administration.roles.edit, administration.roles.activate, administration.roles.delete, administration.permissionmatrix.view, administration.permissionmatrix.manage, administration.financialyears.view, administration.financialyears.add, administration.financialyears.edit, administration.financialyears.activate, administration.financialyears.close, masters.companies.view, masters.companies.add, masters.companies.edit, masters.companies.delete, masters.customers.view, masters.customers.add, masters.customers.edit, masters.customers.delete, masters.vendors.view, masters.vendors.add, masters.vendors.edit, masters.vendors.delete, masters.sourcedestinations.view, masters.sourcedestinations.add, masters.sourcedestinations.edit, masters.sourcedestinations.delete, masters.materials.view, masters.materials.add, masters.materials.edit, masters.materials.delete, masters.fuelpumps.view, masters.fuelpumps.add, masters.fuelpumps.edit, masters.fuelpumps.delete, masters.hsdrates.view, masters.hsdrates.add, masters.hsdrates.edit, masters.hsdrates.delete, masters.paymentlocations.view, masters.paymentlocations.add, masters.paymentlocations.edit, masters.paymentlocations.delete, masters.vehicleowners.view, masters.vehicleowners.add, masters.vehicleowners.edit, masters.vehicleowners.delete, masters.vehicleassignments.view, masters.vehicleassignments.add, masters.vehicleassignments.edit, masters.vehicleassignments.delete, drivers.view, drivers.create, drivers.edit, drivers.delete, vehicles.view, vehicles.create, vehicles.edit, vehicles.delete, trips.view, trips.create, trips.edit, trips.delete, dispatches.view, dispatches.create, dispatches.edit, dispatches.delete
[2026-08-05 11:23:49 WRN]
[Veteran Logistics]
[0.1.0]
[Machine: VVSPL1]
[Thread: 2]

User 'admin' with role 'Administrator' is requesting permissions.
[2026-08-05 11:23:49 WRN]
[Veteran Logistics]
[0.1.0]
[Machine: VVSPL1]
[Thread: 2]

User 'admin' with role 'Administrator' has 73 permissions.
[2026-08-05 11:23:49 WRN]
[Veteran Logistics]
[0.1.0]
[Machine: VVSPL1]
[Thread: 2]

User permissions: administration.users.view, administration.users.add, administration.users.edit, administration.users.activate, administration.users.delete, administration.roles.view, administration.roles.add, administration.roles.edit, administration.roles.activate, administration.roles.delete, administration.permissionmatrix.view, administration.permissionmatrix.manage, administration.financialyears.view, administration.financialyears.add, administration.financialyears.edit, administration.financialyears.activate, administration.financialyears.close, masters.companies.view, masters.companies.add, masters.companies.edit, masters.companies.delete, masters.customers.view, masters.customers.add, masters.customers.edit, masters.customers.delete, masters.vendors.view, masters.vendors.add, masters.vendors.edit, masters.vendors.delete, masters.sourcedestinations.view, masters.sourcedestinations.add, masters.sourcedestinations.edit, masters.sourcedestinations.delete, masters.materials.view, masters.materials.add, masters.materials.edit, masters.materials.delete, masters.fuelpumps.view, masters.fuelpumps.add, masters.fuelpumps.edit, masters.fuelpumps.delete, masters.hsdrates.view, masters.hsdrates.add, masters.hsdrates.edit, masters.hsdrates.delete, masters.paymentlocations.view, masters.paymentlocations.add, masters.paymentlocations.edit, masters.paymentlocations.delete, masters.vehicleowners.view, masters.vehicleowners.add, masters.vehicleowners.edit, masters.vehicleowners.delete, masters.vehicleassignments.view, masters.vehicleassignments.add, masters.vehicleassignments.edit, masters.vehicleassignments.delete, drivers.view, drivers.create, drivers.edit, drivers.delete, vehicles.view, vehicles.create, vehicles.edit, vehicles.delete, trips.view, trips.create, trips.edit, trips.delete, dispatches.view, dispatches.create, dispatches.edit, dispatches.delete
[2026-08-05 11:23:49 WRN]
[Veteran Logistics]
[0.1.0]
[Machine: VVSPL1]
[Thread: 2]

User 'admin' with role 'Administrator' is requesting permissions.
[2026-08-05 11:23:49 WRN]
[Veteran Logistics]
[0.1.0]
[Machine: VVSPL1]
[Thread: 2]

User 'admin' with role 'Administrator' has 73 permissions.
[2026-08-05 11:23:49 WRN]
[Veteran Logistics]
[0.1.0]
[Machine: VVSPL1]
[Thread: 2]

User permissions: administration.users.view, administration.users.add, administration.users.edit, administration.users.activate, administration.users.delete, administration.roles.view, administration.roles.add, administration.roles.edit, administration.roles.activate, administration.roles.delete, administration.permissionmatrix.view, administration.permissionmatrix.manage, administration.financialyears.view, administration.financialyears.add, administration.financialyears.edit, administration.financialyears.activate, administration.financialyears.close, masters.companies.view, masters.companies.add, masters.companies.edit, masters.companies.delete, masters.customers.view, masters.customers.add, masters.customers.edit, masters.customers.delete, masters.vendors.view, masters.vendors.add, masters.vendors.edit, masters.vendors.delete, masters.sourcedestinations.view, masters.sourcedestinations.add, masters.sourcedestinations.edit, masters.sourcedestinations.delete, masters.materials.view, masters.materials.add, masters.materials.edit, masters.materials.delete, masters.fuelpumps.view, masters.fuelpumps.add, masters.fuelpumps.edit, masters.fuelpumps.delete, masters.hsdrates.view, masters.hsdrates.add, masters.hsdrates.edit, masters.hsdrates.delete, masters.paymentlocations.view, masters.paymentlocations.add, masters.paymentlocations.edit, masters.paymentlocations.delete, masters.vehicleowners.view, masters.vehicleowners.add, masters.vehicleowners.edit, masters.vehicleowners.delete, masters.vehicleassignments.view, masters.vehicleassignments.add, masters.vehicleassignments.edit, masters.vehicleassignments.delete, drivers.view, drivers.create, drivers.edit, drivers.delete, vehicles.view, vehicles.create, vehicles.edit, vehicles.delete, trips.view, trips.create, trips.edit, trips.delete, dispatches.view, dispatches.create, dispatches.edit, dispatches.delete
[2026-08-05 11:43:29 INF]
[Veteran Logistics]
[0.1.0]
[Machine: VVSPL1]
[Thread: 2]

Getting all source/destinations
[2026-08-05 11:43:29 INF]
[Veteran Logistics]
[0.1.0]
[Machine: VVSPL1]
[Thread: 2]

Retrieved 3 source/destinations
[2026-08-05 11:43:29 INF]
[Veteran Logistics]
[0.1.0]
[Machine: VVSPL1]
[Thread: 2]

Retrieved 3 materials
[2026-08-05 11:43:29 INF]
[Veteran Logistics]
[0.1.0]
[Machine: VVSPL1]
[Thread: 2]

Retrieved 3 payment locations
[2026-08-05 11:43:39 INF]
[Veteran Logistics]
[0.1.0]
[Machine: VVSPL1]
[Thread: 2]

Getting all source/destinations
[2026-08-05 11:43:39 INF]
[Veteran Logistics]
[0.1.0]
[Machine: VVSPL1]
[Thread: 2]

Retrieved 3 source/destinations
[2026-08-05 11:43:39 INF]
[Veteran Logistics]
[0.1.0]
[Machine: VVSPL1]
[Thread: 2]

Retrieved 3 materials
[2026-08-05 11:43:39 INF]
[Veteran Logistics]
[0.1.0]
[Machine: VVSPL1]
[Thread: 2]

Retrieved 3 payment locations
[2026-08-05 11:44:13 WRN]
[Veteran Logistics]
[0.1.0]
[Machine: VVSPL1]
[Thread: 2]

User 'admin' with role 'Administrator' is requesting permissions.
[2026-08-05 11:44:13 WRN]
[Veteran Logistics]
[0.1.0]
[Machine: VVSPL1]
[Thread: 2]

User 'admin' with role 'Administrator' has 73 permissions.
[2026-08-05 11:44:13 WRN]
[Veteran Logistics]
[0.1.0]
[Machine: VVSPL1]
[Thread: 2]

User permissions: administration.users.view, administration.users.add, administration.users.edit, administration.users.activate, administration.users.delete, administration.roles.view, administration.roles.add, administration.roles.edit, administration.roles.activate, administration.roles.delete, administration.permissionmatrix.view, administration.permissionmatrix.manage, administration.financialyears.view, administration.financialyears.add, administration.financialyears.edit, administration.financialyears.activate, administration.financialyears.close, masters.companies.view, masters.companies.add, masters.companies.edit, masters.companies.delete, masters.customers.view, masters.customers.add, masters.customers.edit, masters.customers.delete, masters.vendors.view, masters.vendors.add, masters.vendors.edit, masters.vendors.delete, masters.sourcedestinations.view, masters.sourcedestinations.add, masters.sourcedestinations.edit, masters.sourcedestinations.delete, masters.materials.view, masters.materials.add, masters.materials.edit, masters.materials.delete, masters.fuelpumps.view, masters.fuelpumps.add, masters.fuelpumps.edit, masters.fuelpumps.delete, masters.hsdrates.view, masters.hsdrates.add, masters.hsdrates.edit, masters.hsdrates.delete, masters.paymentlocations.view, masters.paymentlocations.add, masters.paymentlocations.edit, masters.paymentlocations.delete, masters.vehicleowners.view, masters.vehicleowners.add, masters.vehicleowners.edit, masters.vehicleowners.delete, masters.vehicleassignments.view, masters.vehicleassignments.add, masters.vehicleassignments.edit, masters.vehicleassignments.delete, drivers.view, drivers.create, drivers.edit, drivers.delete, vehicles.view, vehicles.create, vehicles.edit, vehicles.delete, trips.view, trips.create, trips.edit, trips.delete, dispatches.view, dispatches.create, dispatches.edit, dispatches.delete
[2026-08-05 11:44:13 WRN]
[Veteran Logistics]
[0.1.0]
[Machine: VVSPL1]
[Thread: 2]

User 'admin' with role 'Administrator' is requesting permissions.
[2026-08-05 11:44:13 WRN]
[Veteran Logistics]
[0.1.0]
[Machine: VVSPL1]
[Thread: 2]

User 'admin' with role 'Administrator' has 73 permissions.
[2026-08-05 11:44:13 WRN]
[Veteran Logistics]
[0.1.0]
[Machine: VVSPL1]
[Thread: 2]

User permissions: administration.users.view, administration.users.add, administration.users.edit, administration.users.activate, administration.users.delete, administration.roles.view, administration.roles.add, administration.roles.edit, administration.roles.activate, administration.roles.delete, administration.permissionmatrix.view, administration.permissionmatrix.manage, administration.financialyears.view, administration.financialyears.add, administration.financialyears.edit, administration.financialyears.activate, administration.financialyears.close, masters.companies.view, masters.companies.add, masters.companies.edit, masters.companies.delete, masters.customers.view, masters.customers.add, masters.customers.edit, masters.customers.delete, masters.vendors.view, masters.vendors.add, masters.vendors.edit, masters.vendors.delete, masters.sourcedestinations.view, masters.sourcedestinations.add, masters.sourcedestinations.edit, masters.sourcedestinations.delete, masters.materials.view, masters.materials.add, masters.materials.edit, masters.materials.delete, masters.fuelpumps.view, masters.fuelpumps.add, masters.fuelpumps.edit, masters.fuelpumps.delete, masters.hsdrates.view, masters.hsdrates.add, masters.hsdrates.edit, masters.hsdrates.delete, masters.paymentlocations.view, masters.paymentlocations.add, masters.paymentlocations.edit, masters.paymentlocations.delete, masters.vehicleowners.view, masters.vehicleowners.add, masters.vehicleowners.edit, masters.vehicleowners.delete, masters.vehicleassignments.view, masters.vehicleassignments.add, masters.vehicleassignments.edit, masters.vehicleassignments.delete, drivers.view, drivers.create, drivers.edit, drivers.delete, vehicles.view, vehicles.create, vehicles.edit, vehicles.delete, trips.view, trips.create, trips.edit, trips.delete, dispatches.view, dispatches.create, dispatches.edit, dispatches.delete
[2026-08-05 11:44:13 WRN]
[Veteran Logistics]
[0.1.0]
[Machine: VVSPL1]
[Thread: 2]

User 'admin' with role 'Administrator' is requesting permissions.
[2026-08-05 11:44:13 WRN]
[Veteran Logistics]
[0.1.0]
[Machine: VVSPL1]
[Thread: 2]

User 'admin' with role 'Administrator' has 73 permissions.
[2026-08-05 11:44:13 WRN]
[Veteran Logistics]
[0.1.0]
[Machine: VVSPL1]
[Thread: 2]

User permissions: administration.users.view, administration.users.add, administration.users.edit, administration.users.activate, administration.users.delete, administration.roles.view, administration.roles.add, administration.roles.edit, administration.roles.activate, administration.roles.delete, administration.permissionmatrix.view, administration.permissionmatrix.manage, administration.financialyears.view, administration.financialyears.add, administration.financialyears.edit, administration.financialyears.activate, administration.financialyears.close, masters.companies.view, masters.companies.add, masters.companies.edit, masters.companies.delete, masters.customers.view, masters.customers.add, masters.customers.edit, masters.customers.delete, masters.vendors.view, masters.vendors.add, masters.vendors.edit, masters.vendors.delete, masters.sourcedestinations.view, masters.sourcedestinations.add, masters.sourcedestinations.edit, masters.sourcedestinations.delete, masters.materials.view, masters.materials.add, masters.materials.edit, masters.materials.delete, masters.fuelpumps.view, masters.fuelpumps.add, masters.fuelpumps.edit, masters.fuelpumps.delete, masters.hsdrates.view, masters.hsdrates.add, masters.hsdrates.edit, masters.hsdrates.delete, masters.paymentlocations.view, masters.paymentlocations.add, masters.paymentlocations.edit, masters.paymentlocations.delete, masters.vehicleowners.view, masters.vehicleowners.add, masters.vehicleowners.edit, masters.vehicleowners.delete, masters.vehicleassignments.view, masters.vehicleassignments.add, masters.vehicleassignments.edit, masters.vehicleassignments.delete, drivers.view, drivers.create, drivers.edit, drivers.delete, vehicles.view, vehicles.create, vehicles.edit, vehicles.delete, trips.view, trips.create, trips.edit, trips.delete, dispatches.view, dispatches.create, dispatches.edit, dispatches.delete
[2026-08-05 11:44:13 WRN]
[Veteran Logistics]
[0.1.0]
[Machine: VVSPL1]
[Thread: 2]

User 'admin' with role 'Administrator' is requesting permissions.
[2026-08-05 11:44:13 WRN]
[Veteran Logistics]
[0.1.0]
[Machine: VVSPL1]
[Thread: 2]

User 'admin' with role 'Administrator' has 73 permissions.
[2026-08-05 11:44:13 WRN]
[Veteran Logistics]
[0.1.0]
[Machine: VVSPL1]
[Thread: 2]

User permissions: administration.users.view, administration.users.add, administration.users.edit, administration.users.activate, administration.users.delete, administration.roles.view, administration.roles.add, administration.roles.edit, administration.roles.activate, administration.roles.delete, administration.permissionmatrix.view, administration.permissionmatrix.manage, administration.financialyears.view, administration.financialyears.add, administration.financialyears.edit, administration.financialyears.activate, administration.financialyears.close, masters.companies.view, masters.companies.add, masters.companies.edit, masters.companies.delete, masters.customers.view, masters.customers.add, masters.customers.edit, masters.customers.delete, masters.vendors.view, masters.vendors.add, masters.vendors.edit, masters.vendors.delete, masters.sourcedestinations.view, masters.sourcedestinations.add, masters.sourcedestinations.edit, masters.sourcedestinations.delete, masters.materials.view, masters.materials.add, masters.materials.edit, masters.materials.delete, masters.fuelpumps.view, masters.fuelpumps.add, masters.fuelpumps.edit, masters.fuelpumps.delete, masters.hsdrates.view, masters.hsdrates.add, masters.hsdrates.edit, masters.hsdrates.delete, masters.paymentlocations.view, masters.paymentlocations.add, masters.paymentlocations.edit, masters.paymentlocations.delete, masters.vehicleowners.view, masters.vehicleowners.add, masters.vehicleowners.edit, masters.vehicleowners.delete, masters.vehicleassignments.view, masters.vehicleassignments.add, masters.vehicleassignments.edit, masters.vehicleassignments.delete, drivers.view, drivers.create, drivers.edit, drivers.delete, vehicles.view, vehicles.create, vehicles.edit, vehicles.delete, trips.view, trips.create, trips.edit, trips.delete, dispatches.view, dispatches.create, dispatches.edit, dispatches.delete
