[2026-07-29 10:58:27 WRN]
[Veteran Logistics]
[0.1.0]
[Machine: VVSPL1]
[Thread: 2]

User 'admin' with role 'Administrator' is requesting permissions.
[2026-07-29 10:58:27 WRN]
[Veteran Logistics]
[0.1.0]
[Machine: VVSPL1]
[Thread: 2]

User 'admin' with role 'Administrator' has 73 permissions.
[2026-07-29 10:58:27 WRN]
[Veteran Logistics]
[0.1.0]
[Machine: VVSPL1]
[Thread: 2]

User permissions: administration.users.view, administration.users.add, administration.users.edit, administration.users.activate, administration.users.delete, administration.roles.view, administration.roles.add, administration.roles.edit, administration.roles.activate, administration.roles.delete, administration.permissionmatrix.view, administration.permissionmatrix.manage, administration.financialyears.view, administration.financialyears.add, administration.financialyears.edit, administration.financialyears.activate, administration.financialyears.close, masters.companies.view, masters.companies.add, masters.companies.edit, masters.companies.delete, masters.customers.view, masters.customers.add, masters.customers.edit, masters.customers.delete, masters.vendors.view, masters.vendors.add, masters.vendors.edit, masters.vendors.delete, masters.sourcedestinations.view, masters.sourcedestinations.add, masters.sourcedestinations.edit, masters.sourcedestinations.delete, masters.materials.view, masters.materials.add, masters.materials.edit, masters.materials.delete, masters.fuelpumps.view, masters.fuelpumps.add, masters.fuelpumps.edit, masters.fuelpumps.delete, masters.hsdrates.view, masters.hsdrates.add, masters.hsdrates.edit, masters.hsdrates.delete, masters.paymentlocations.view, masters.paymentlocations.add, masters.paymentlocations.edit, masters.paymentlocations.delete, masters.vehicleowners.view, masters.vehicleowners.add, masters.vehicleowners.edit, masters.vehicleowners.delete, masters.vehicleassignments.view, masters.vehicleassignments.add, masters.vehicleassignments.edit, masters.vehicleassignments.delete, drivers.view, drivers.create, drivers.edit, drivers.delete, vehicles.view, vehicles.create, vehicles.edit, vehicles.delete, trips.view, trips.create, trips.edit, trips.delete, dispatches.view, dispatches.create, dispatches.edit, dispatches.delete
[2026-07-29 10:58:27 WRN]
[Veteran Logistics]
[0.1.0]
[Machine: VVSPL1]
[Thread: 2]

User 'admin' with role 'Administrator' is requesting permissions.
[2026-07-29 10:58:27 WRN]
[Veteran Logistics]
[0.1.0]
[Machine: VVSPL1]
[Thread: 2]

User 'admin' with role 'Administrator' has 73 permissions.
[2026-07-29 10:58:27 WRN]
[Veteran Logistics]
[0.1.0]
[Machine: VVSPL1]
[Thread: 2]

User permissions: administration.users.view, administration.users.add, administration.users.edit, administration.users.activate, administration.users.delete, administration.roles.view, administration.roles.add, administration.roles.edit, administration.roles.activate, administration.roles.delete, administration.permissionmatrix.view, administration.permissionmatrix.manage, administration.financialyears.view, administration.financialyears.add, administration.financialyears.edit, administration.financialyears.activate, administration.financialyears.close, masters.companies.view, masters.companies.add, masters.companies.edit, masters.companies.delete, masters.customers.view, masters.customers.add, masters.customers.edit, masters.customers.delete, masters.vendors.view, masters.vendors.add, masters.vendors.edit, masters.vendors.delete, masters.sourcedestinations.view, masters.sourcedestinations.add, masters.sourcedestinations.edit, masters.sourcedestinations.delete, masters.materials.view, masters.materials.add, masters.materials.edit, masters.materials.delete, masters.fuelpumps.view, masters.fuelpumps.add, masters.fuelpumps.edit, masters.fuelpumps.delete, masters.hsdrates.view, masters.hsdrates.add, masters.hsdrates.edit, masters.hsdrates.delete, masters.paymentlocations.view, masters.paymentlocations.add, masters.paymentlocations.edit, masters.paymentlocations.delete, masters.vehicleowners.view, masters.vehicleowners.add, masters.vehicleowners.edit, masters.vehicleowners.delete, masters.vehicleassignments.view, masters.vehicleassignments.add, masters.vehicleassignments.edit, masters.vehicleassignments.delete, drivers.view, drivers.create, drivers.edit, drivers.delete, vehicles.view, vehicles.create, vehicles.edit, vehicles.delete, trips.view, trips.create, trips.edit, trips.delete, dispatches.view, dispatches.create, dispatches.edit, dispatches.delete
[2026-07-29 10:58:27 WRN]
[Veteran Logistics]
[0.1.0]
[Machine: VVSPL1]
[Thread: 2]

User 'admin' with role 'Administrator' is requesting permissions.
[2026-07-29 10:58:27 WRN]
[Veteran Logistics]
[0.1.0]
[Machine: VVSPL1]
[Thread: 2]

User 'admin' with role 'Administrator' has 73 permissions.
[2026-07-29 10:58:27 WRN]
[Veteran Logistics]
[0.1.0]
[Machine: VVSPL1]
[Thread: 2]

User permissions: administration.users.view, administration.users.add, administration.users.edit, administration.users.activate, administration.users.delete, administration.roles.view, administration.roles.add, administration.roles.edit, administration.roles.activate, administration.roles.delete, administration.permissionmatrix.view, administration.permissionmatrix.manage, administration.financialyears.view, administration.financialyears.add, administration.financialyears.edit, administration.financialyears.activate, administration.financialyears.close, masters.companies.view, masters.companies.add, masters.companies.edit, masters.companies.delete, masters.customers.view, masters.customers.add, masters.customers.edit, masters.customers.delete, masters.vendors.view, masters.vendors.add, masters.vendors.edit, masters.vendors.delete, masters.sourcedestinations.view, masters.sourcedestinations.add, masters.sourcedestinations.edit, masters.sourcedestinations.delete, masters.materials.view, masters.materials.add, masters.materials.edit, masters.materials.delete, masters.fuelpumps.view, masters.fuelpumps.add, masters.fuelpumps.edit, masters.fuelpumps.delete, masters.hsdrates.view, masters.hsdrates.add, masters.hsdrates.edit, masters.hsdrates.delete, masters.paymentlocations.view, masters.paymentlocations.add, masters.paymentlocations.edit, masters.paymentlocations.delete, masters.vehicleowners.view, masters.vehicleowners.add, masters.vehicleowners.edit, masters.vehicleowners.delete, masters.vehicleassignments.view, masters.vehicleassignments.add, masters.vehicleassignments.edit, masters.vehicleassignments.delete, drivers.view, drivers.create, drivers.edit, drivers.delete, vehicles.view, vehicles.create, vehicles.edit, vehicles.delete, trips.view, trips.create, trips.edit, trips.delete, dispatches.view, dispatches.create, dispatches.edit, dispatches.delete
[2026-07-29 10:58:27 WRN]
[Veteran Logistics]
[0.1.0]
[Machine: VVSPL1]
[Thread: 2]

User 'admin' with role 'Administrator' is requesting permissions.
[2026-07-29 10:58:27 WRN]
[Veteran Logistics]
[0.1.0]
[Machine: VVSPL1]
[Thread: 2]

User 'admin' with role 'Administrator' has 73 permissions.
[2026-07-29 10:58:27 WRN]
[Veteran Logistics]
[0.1.0]
[Machine: VVSPL1]
[Thread: 2]

User permissions: administration.users.view, administration.users.add, administration.users.edit, administration.users.activate, administration.users.delete, administration.roles.view, administration.roles.add, administration.roles.edit, administration.roles.activate, administration.roles.delete, administration.permissionmatrix.view, administration.permissionmatrix.manage, administration.financialyears.view, administration.financialyears.add, administration.financialyears.edit, administration.financialyears.activate, administration.financialyears.close, masters.companies.view, masters.companies.add, masters.companies.edit, masters.companies.delete, masters.customers.view, masters.customers.add, masters.customers.edit, masters.customers.delete, masters.vendors.view, masters.vendors.add, masters.vendors.edit, masters.vendors.delete, masters.sourcedestinations.view, masters.sourcedestinations.add, masters.sourcedestinations.edit, masters.sourcedestinations.delete, masters.materials.view, masters.materials.add, masters.materials.edit, masters.materials.delete, masters.fuelpumps.view, masters.fuelpumps.add, masters.fuelpumps.edit, masters.fuelpumps.delete, masters.hsdrates.view, masters.hsdrates.add, masters.hsdrates.edit, masters.hsdrates.delete, masters.paymentlocations.view, masters.paymentlocations.add, masters.paymentlocations.edit, masters.paymentlocations.delete, masters.vehicleowners.view, masters.vehicleowners.add, masters.vehicleowners.edit, masters.vehicleowners.delete, masters.vehicleassignments.view, masters.vehicleassignments.add, masters.vehicleassignments.edit, masters.vehicleassignments.delete, drivers.view, drivers.create, drivers.edit, drivers.delete, vehicles.view, vehicles.create, vehicles.edit, vehicles.delete, trips.view, trips.create, trips.edit, trips.delete, dispatches.view, dispatches.create, dispatches.edit, dispatches.delete
[2026-07-29 10:58:27 WRN]
[Veteran Logistics]
[0.1.0]
[Machine: VVSPL1]
[Thread: 2]

User 'admin' with role 'Administrator' is requesting permissions.
[2026-07-29 10:58:27 WRN]
[Veteran Logistics]
[0.1.0]
[Machine: VVSPL1]
[Thread: 2]

User 'admin' with role 'Administrator' has 73 permissions.
[2026-07-29 10:58:27 WRN]
[Veteran Logistics]
[0.1.0]
[Machine: VVSPL1]
[Thread: 2]

User permissions: administration.users.view, administration.users.add, administration.users.edit, administration.users.activate, administration.users.delete, administration.roles.view, administration.roles.add, administration.roles.edit, administration.roles.activate, administration.roles.delete, administration.permissionmatrix.view, administration.permissionmatrix.manage, administration.financialyears.view, administration.financialyears.add, administration.financialyears.edit, administration.financialyears.activate, administration.financialyears.close, masters.companies.view, masters.companies.add, masters.companies.edit, masters.companies.delete, masters.customers.view, masters.customers.add, masters.customers.edit, masters.customers.delete, masters.vendors.view, masters.vendors.add, masters.vendors.edit, masters.vendors.delete, masters.sourcedestinations.view, masters.sourcedestinations.add, masters.sourcedestinations.edit, masters.sourcedestinations.delete, masters.materials.view, masters.materials.add, masters.materials.edit, masters.materials.delete, masters.fuelpumps.view, masters.fuelpumps.add, masters.fuelpumps.edit, masters.fuelpumps.delete, masters.hsdrates.view, masters.hsdrates.add, masters.hsdrates.edit, masters.hsdrates.delete, masters.paymentlocations.view, masters.paymentlocations.add, masters.paymentlocations.edit, masters.paymentlocations.delete, masters.vehicleowners.view, masters.vehicleowners.add, masters.vehicleowners.edit, masters.vehicleowners.delete, masters.vehicleassignments.view, masters.vehicleassignments.add, masters.vehicleassignments.edit, masters.vehicleassignments.delete, drivers.view, drivers.create, drivers.edit, drivers.delete, vehicles.view, vehicles.create, vehicles.edit, vehicles.delete, trips.view, trips.create, trips.edit, trips.delete, dispatches.view, dispatches.create, dispatches.edit, dispatches.delete
[2026-07-29 10:58:27 WRN]
[Veteran Logistics]
[0.1.0]
[Machine: VVSPL1]
[Thread: 2]

User 'admin' with role 'Administrator' is requesting permissions.
[2026-07-29 10:58:27 WRN]
[Veteran Logistics]
[0.1.0]
[Machine: VVSPL1]
[Thread: 2]

User 'admin' with role 'Administrator' has 73 permissions.
[2026-07-29 10:58:27 WRN]
[Veteran Logistics]
[0.1.0]
[Machine: VVSPL1]
[Thread: 2]

User permissions: administration.users.view, administration.users.add, administration.users.edit, administration.users.activate, administration.users.delete, administration.roles.view, administration.roles.add, administration.roles.edit, administration.roles.activate, administration.roles.delete, administration.permissionmatrix.view, administration.permissionmatrix.manage, administration.financialyears.view, administration.financialyears.add, administration.financialyears.edit, administration.financialyears.activate, administration.financialyears.close, masters.companies.view, masters.companies.add, masters.companies.edit, masters.companies.delete, masters.customers.view, masters.customers.add, masters.customers.edit, masters.customers.delete, masters.vendors.view, masters.vendors.add, masters.vendors.edit, masters.vendors.delete, masters.sourcedestinations.view, masters.sourcedestinations.add, masters.sourcedestinations.edit, masters.sourcedestinations.delete, masters.materials.view, masters.materials.add, masters.materials.edit, masters.materials.delete, masters.fuelpumps.view, masters.fuelpumps.add, masters.fuelpumps.edit, masters.fuelpumps.delete, masters.hsdrates.view, masters.hsdrates.add, masters.hsdrates.edit, masters.hsdrates.delete, masters.paymentlocations.view, masters.paymentlocations.add, masters.paymentlocations.edit, masters.paymentlocations.delete, masters.vehicleowners.view, masters.vehicleowners.add, masters.vehicleowners.edit, masters.vehicleowners.delete, masters.vehicleassignments.view, masters.vehicleassignments.add, masters.vehicleassignments.edit, masters.vehicleassignments.delete, drivers.view, drivers.create, drivers.edit, drivers.delete, vehicles.view, vehicles.create, vehicles.edit, vehicles.delete, trips.view, trips.create, trips.edit, trips.delete, dispatches.view, dispatches.create, dispatches.edit, dispatches.delete
[2026-07-29 10:58:27 WRN]
[Veteran Logistics]
[0.1.0]
[Machine: VVSPL1]
[Thread: 2]

User 'admin' with role 'Administrator' is requesting permissions.
[2026-07-29 10:58:27 WRN]
[Veteran Logistics]
[0.1.0]
[Machine: VVSPL1]
[Thread: 2]

User 'admin' with role 'Administrator' has 73 permissions.
[2026-07-29 10:58:27 WRN]
[Veteran Logistics]
[0.1.0]
[Machine: VVSPL1]
[Thread: 2]

User permissions: administration.users.view, administration.users.add, administration.users.edit, administration.users.activate, administration.users.delete, administration.roles.view, administration.roles.add, administration.roles.edit, administration.roles.activate, administration.roles.delete, administration.permissionmatrix.view, administration.permissionmatrix.manage, administration.financialyears.view, administration.financialyears.add, administration.financialyears.edit, administration.financialyears.activate, administration.financialyears.close, masters.companies.view, masters.companies.add, masters.companies.edit, masters.companies.delete, masters.customers.view, masters.customers.add, masters.customers.edit, masters.customers.delete, masters.vendors.view, masters.vendors.add, masters.vendors.edit, masters.vendors.delete, masters.sourcedestinations.view, masters.sourcedestinations.add, masters.sourcedestinations.edit, masters.sourcedestinations.delete, masters.materials.view, masters.materials.add, masters.materials.edit, masters.materials.delete, masters.fuelpumps.view, masters.fuelpumps.add, masters.fuelpumps.edit, masters.fuelpumps.delete, masters.hsdrates.view, masters.hsdrates.add, masters.hsdrates.edit, masters.hsdrates.delete, masters.paymentlocations.view, masters.paymentlocations.add, masters.paymentlocations.edit, masters.paymentlocations.delete, masters.vehicleowners.view, masters.vehicleowners.add, masters.vehicleowners.edit, masters.vehicleowners.delete, masters.vehicleassignments.view, masters.vehicleassignments.add, masters.vehicleassignments.edit, masters.vehicleassignments.delete, drivers.view, drivers.create, drivers.edit, drivers.delete, vehicles.view, vehicles.create, vehicles.edit, vehicles.delete, trips.view, trips.create, trips.edit, trips.delete, dispatches.view, dispatches.create, dispatches.edit, dispatches.delete
[2026-07-29 10:58:27 WRN]
[Veteran Logistics]
[0.1.0]
[Machine: VVSPL1]
[Thread: 2]

User 'admin' with role 'Administrator' is requesting permissions.
[2026-07-29 10:58:27 WRN]
[Veteran Logistics]
[0.1.0]
[Machine: VVSPL1]
[Thread: 2]

User 'admin' with role 'Administrator' has 73 permissions.
[2026-07-29 10:58:27 WRN]
[Veteran Logistics]
[0.1.0]
[Machine: VVSPL1]
[Thread: 2]

User permissions: administration.users.view, administration.users.add, administration.users.edit, administration.users.activate, administration.users.delete, administration.roles.view, administration.roles.add, administration.roles.edit, administration.roles.activate, administration.roles.delete, administration.permissionmatrix.view, administration.permissionmatrix.manage, administration.financialyears.view, administration.financialyears.add, administration.financialyears.edit, administration.financialyears.activate, administration.financialyears.close, masters.companies.view, masters.companies.add, masters.companies.edit, masters.companies.delete, masters.customers.view, masters.customers.add, masters.customers.edit, masters.customers.delete, masters.vendors.view, masters.vendors.add, masters.vendors.edit, masters.vendors.delete, masters.sourcedestinations.view, masters.sourcedestinations.add, masters.sourcedestinations.edit, masters.sourcedestinations.delete, masters.materials.view, masters.materials.add, masters.materials.edit, masters.materials.delete, masters.fuelpumps.view, masters.fuelpumps.add, masters.fuelpumps.edit, masters.fuelpumps.delete, masters.hsdrates.view, masters.hsdrates.add, masters.hsdrates.edit, masters.hsdrates.delete, masters.paymentlocations.view, masters.paymentlocations.add, masters.paymentlocations.edit, masters.paymentlocations.delete, masters.vehicleowners.view, masters.vehicleowners.add, masters.vehicleowners.edit, masters.vehicleowners.delete, masters.vehicleassignments.view, masters.vehicleassignments.add, masters.vehicleassignments.edit, masters.vehicleassignments.delete, drivers.view, drivers.create, drivers.edit, drivers.delete, vehicles.view, vehicles.create, vehicles.edit, vehicles.delete, trips.view, trips.create, trips.edit, trips.delete, dispatches.view, dispatches.create, dispatches.edit, dispatches.delete
[2026-07-29 10:58:27 WRN]
[Veteran Logistics]
[0.1.0]
[Machine: VVSPL1]
[Thread: 2]

User 'admin' with role 'Administrator' is requesting permissions.
[2026-07-29 10:58:27 WRN]
[Veteran Logistics]
[0.1.0]
[Machine: VVSPL1]
[Thread: 2]

User 'admin' with role 'Administrator' has 73 permissions.
[2026-07-29 10:58:27 WRN]
[Veteran Logistics]
[0.1.0]
[Machine: VVSPL1]
[Thread: 2]

User permissions: administration.users.view, administration.users.add, administration.users.edit, administration.users.activate, administration.users.delete, administration.roles.view, administration.roles.add, administration.roles.edit, administration.roles.activate, administration.roles.delete, administration.permissionmatrix.view, administration.permissionmatrix.manage, administration.financialyears.view, administration.financialyears.add, administration.financialyears.edit, administration.financialyears.activate, administration.financialyears.close, masters.companies.view, masters.companies.add, masters.companies.edit, masters.companies.delete, masters.customers.view, masters.customers.add, masters.customers.edit, masters.customers.delete, masters.vendors.view, masters.vendors.add, masters.vendors.edit, masters.vendors.delete, masters.sourcedestinations.view, masters.sourcedestinations.add, masters.sourcedestinations.edit, masters.sourcedestinations.delete, masters.materials.view, masters.materials.add, masters.materials.edit, masters.materials.delete, masters.fuelpumps.view, masters.fuelpumps.add, masters.fuelpumps.edit, masters.fuelpumps.delete, masters.hsdrates.view, masters.hsdrates.add, masters.hsdrates.edit, masters.hsdrates.delete, masters.paymentlocations.view, masters.paymentlocations.add, masters.paymentlocations.edit, masters.paymentlocations.delete, masters.vehicleowners.view, masters.vehicleowners.add, masters.vehicleowners.edit, masters.vehicleowners.delete, masters.vehicleassignments.view, masters.vehicleassignments.add, masters.vehicleassignments.edit, masters.vehicleassignments.delete, drivers.view, drivers.create, drivers.edit, drivers.delete, vehicles.view, vehicles.create, vehicles.edit, vehicles.delete, trips.view, trips.create, trips.edit, trips.delete, dispatches.view, dispatches.create, dispatches.edit, dispatches.delete
[2026-07-29 10:58:27 WRN]
[Veteran Logistics]
[0.1.0]
[Machine: VVSPL1]
[Thread: 2]

User 'admin' with role 'Administrator' is requesting permissions.
[2026-07-29 10:58:27 WRN]
[Veteran Logistics]
[0.1.0]
[Machine: VVSPL1]
[Thread: 2]

User 'admin' with role 'Administrator' has 73 permissions.
[2026-07-29 10:58:27 WRN]
[Veteran Logistics]
[0.1.0]
[Machine: VVSPL1]
[Thread: 2]

User permissions: administration.users.view, administration.users.add, administration.users.edit, administration.users.activate, administration.users.delete, administration.roles.view, administration.roles.add, administration.roles.edit, administration.roles.activate, administration.roles.delete, administration.permissionmatrix.view, administration.permissionmatrix.manage, administration.financialyears.view, administration.financialyears.add, administration.financialyears.edit, administration.financialyears.activate, administration.financialyears.close, masters.companies.view, masters.companies.add, masters.companies.edit, masters.companies.delete, masters.customers.view, masters.customers.add, masters.customers.edit, masters.customers.delete, masters.vendors.view, masters.vendors.add, masters.vendors.edit, masters.vendors.delete, masters.sourcedestinations.view, masters.sourcedestinations.add, masters.sourcedestinations.edit, masters.sourcedestinations.delete, masters.materials.view, masters.materials.add, masters.materials.edit, masters.materials.delete, masters.fuelpumps.view, masters.fuelpumps.add, masters.fuelpumps.edit, masters.fuelpumps.delete, masters.hsdrates.view, masters.hsdrates.add, masters.hsdrates.edit, masters.hsdrates.delete, masters.paymentlocations.view, masters.paymentlocations.add, masters.paymentlocations.edit, masters.paymentlocations.delete, masters.vehicleowners.view, masters.vehicleowners.add, masters.vehicleowners.edit, masters.vehicleowners.delete, masters.vehicleassignments.view, masters.vehicleassignments.add, masters.vehicleassignments.edit, masters.vehicleassignments.delete, drivers.view, drivers.create, drivers.edit, drivers.delete, vehicles.view, vehicles.create, vehicles.edit, vehicles.delete, trips.view, trips.create, trips.edit, trips.delete, dispatches.view, dispatches.create, dispatches.edit, dispatches.delete
[2026-07-29 10:58:27 WRN]
[Veteran Logistics]
[0.1.0]
[Machine: VVSPL1]
[Thread: 2]

User 'admin' with role 'Administrator' is requesting permissions.
[2026-07-29 10:58:27 WRN]
[Veteran Logistics]
[0.1.0]
[Machine: VVSPL1]
[Thread: 2]

User 'admin' with role 'Administrator' has 73 permissions.
[2026-07-29 10:58:27 WRN]
[Veteran Logistics]
[0.1.0]
[Machine: VVSPL1]
[Thread: 2]

User permissions: administration.users.view, administration.users.add, administration.users.edit, administration.users.activate, administration.users.delete, administration.roles.view, administration.roles.add, administration.roles.edit, administration.roles.activate, administration.roles.delete, administration.permissionmatrix.view, administration.permissionmatrix.manage, administration.financialyears.view, administration.financialyears.add, administration.financialyears.edit, administration.financialyears.activate, administration.financialyears.close, masters.companies.view, masters.companies.add, masters.companies.edit, masters.companies.delete, masters.customers.view, masters.customers.add, masters.customers.edit, masters.customers.delete, masters.vendors.view, masters.vendors.add, masters.vendors.edit, masters.vendors.delete, masters.sourcedestinations.view, masters.sourcedestinations.add, masters.sourcedestinations.edit, masters.sourcedestinations.delete, masters.materials.view, masters.materials.add, masters.materials.edit, masters.materials.delete, masters.fuelpumps.view, masters.fuelpumps.add, masters.fuelpumps.edit, masters.fuelpumps.delete, masters.hsdrates.view, masters.hsdrates.add, masters.hsdrates.edit, masters.hsdrates.delete, masters.paymentlocations.view, masters.paymentlocations.add, masters.paymentlocations.edit, masters.paymentlocations.delete, masters.vehicleowners.view, masters.vehicleowners.add, masters.vehicleowners.edit, masters.vehicleowners.delete, masters.vehicleassignments.view, masters.vehicleassignments.add, masters.vehicleassignments.edit, masters.vehicleassignments.delete, drivers.view, drivers.create, drivers.edit, drivers.delete, vehicles.view, vehicles.create, vehicles.edit, vehicles.delete, trips.view, trips.create, trips.edit, trips.delete, dispatches.view, dispatches.create, dispatches.edit, dispatches.delete
[2026-07-29 10:58:27 WRN]
[Veteran Logistics]
[0.1.0]
[Machine: VVSPL1]
[Thread: 2]

User 'admin' with role 'Administrator' is requesting permissions.
[2026-07-29 10:58:27 WRN]
[Veteran Logistics]
[0.1.0]
[Machine: VVSPL1]
[Thread: 2]

User 'admin' with role 'Administrator' has 73 permissions.
[2026-07-29 10:58:27 WRN]
[Veteran Logistics]
[0.1.0]
[Machine: VVSPL1]
[Thread: 2]

User permissions: administration.users.view, administration.users.add, administration.users.edit, administration.users.activate, administration.users.delete, administration.roles.view, administration.roles.add, administration.roles.edit, administration.roles.activate, administration.roles.delete, administration.permissionmatrix.view, administration.permissionmatrix.manage, administration.financialyears.view, administration.financialyears.add, administration.financialyears.edit, administration.financialyears.activate, administration.financialyears.close, masters.companies.view, masters.companies.add, masters.companies.edit, masters.companies.delete, masters.customers.view, masters.customers.add, masters.customers.edit, masters.customers.delete, masters.vendors.view, masters.vendors.add, masters.vendors.edit, masters.vendors.delete, masters.sourcedestinations.view, masters.sourcedestinations.add, masters.sourcedestinations.edit, masters.sourcedestinations.delete, masters.materials.view, masters.materials.add, masters.materials.edit, masters.materials.delete, masters.fuelpumps.view, masters.fuelpumps.add, masters.fuelpumps.edit, masters.fuelpumps.delete, masters.hsdrates.view, masters.hsdrates.add, masters.hsdrates.edit, masters.hsdrates.delete, masters.paymentlocations.view, masters.paymentlocations.add, masters.paymentlocations.edit, masters.paymentlocations.delete, masters.vehicleowners.view, masters.vehicleowners.add, masters.vehicleowners.edit, masters.vehicleowners.delete, masters.vehicleassignments.view, masters.vehicleassignments.add, masters.vehicleassignments.edit, masters.vehicleassignments.delete, drivers.view, drivers.create, drivers.edit, drivers.delete, vehicles.view, vehicles.create, vehicles.edit, vehicles.delete, trips.view, trips.create, trips.edit, trips.delete, dispatches.view, dispatches.create, dispatches.edit, dispatches.delete
[2026-07-29 10:58:31 WRN]
[Veteran Logistics]
[0.1.0]
[Machine: VVSPL1]
[Thread: 2]

User 'admin' with role 'Administrator' is requesting permissions.
[2026-07-29 10:58:31 WRN]
[Veteran Logistics]
[0.1.0]
[Machine: VVSPL1]
[Thread: 2]

User 'admin' with role 'Administrator' has 73 permissions.
[2026-07-29 10:58:31 WRN]
[Veteran Logistics]
[0.1.0]
[Machine: VVSPL1]
[Thread: 2]

User permissions: administration.users.view, administration.users.add, administration.users.edit, administration.users.activate, administration.users.delete, administration.roles.view, administration.roles.add, administration.roles.edit, administration.roles.activate, administration.roles.delete, administration.permissionmatrix.view, administration.permissionmatrix.manage, administration.financialyears.view, administration.financialyears.add, administration.financialyears.edit, administration.financialyears.activate, administration.financialyears.close, masters.companies.view, masters.companies.add, masters.companies.edit, masters.companies.delete, masters.customers.view, masters.customers.add, masters.customers.edit, masters.customers.delete, masters.vendors.view, masters.vendors.add, masters.vendors.edit, masters.vendors.delete, masters.sourcedestinations.view, masters.sourcedestinations.add, masters.sourcedestinations.edit, masters.sourcedestinations.delete, masters.materials.view, masters.materials.add, masters.materials.edit, masters.materials.delete, masters.fuelpumps.view, masters.fuelpumps.add, masters.fuelpumps.edit, masters.fuelpumps.delete, masters.hsdrates.view, masters.hsdrates.add, masters.hsdrates.edit, masters.hsdrates.delete, masters.paymentlocations.view, masters.paymentlocations.add, masters.paymentlocations.edit, masters.paymentlocations.delete, masters.vehicleowners.view, masters.vehicleowners.add, masters.vehicleowners.edit, masters.vehicleowners.delete, masters.vehicleassignments.view, masters.vehicleassignments.add, masters.vehicleassignments.edit, masters.vehicleassignments.delete, drivers.view, drivers.create, drivers.edit, drivers.delete, vehicles.view, vehicles.create, vehicles.edit, vehicles.delete, trips.view, trips.create, trips.edit, trips.delete, dispatches.view, dispatches.create, dispatches.edit, dispatches.delete
[2026-07-29 10:58:31 WRN]
[Veteran Logistics]
[0.1.0]
[Machine: VVSPL1]
[Thread: 2]

User 'admin' with role 'Administrator' is requesting permissions.
[2026-07-29 10:58:31 WRN]
[Veteran Logistics]
[0.1.0]
[Machine: VVSPL1]
[Thread: 2]

User 'admin' with role 'Administrator' has 73 permissions.
[2026-07-29 10:58:31 WRN]
[Veteran Logistics]
[0.1.0]
[Machine: VVSPL1]
[Thread: 2]

User permissions: administration.users.view, administration.users.add, administration.users.edit, administration.users.activate, administration.users.delete, administration.roles.view, administration.roles.add, administration.roles.edit, administration.roles.activate, administration.roles.delete, administration.permissionmatrix.view, administration.permissionmatrix.manage, administration.financialyears.view, administration.financialyears.add, administration.financialyears.edit, administration.financialyears.activate, administration.financialyears.close, masters.companies.view, masters.companies.add, masters.companies.edit, masters.companies.delete, masters.customers.view, masters.customers.add, masters.customers.edit, masters.customers.delete, masters.vendors.view, masters.vendors.add, masters.vendors.edit, masters.vendors.delete, masters.sourcedestinations.view, masters.sourcedestinations.add, masters.sourcedestinations.edit, masters.sourcedestinations.delete, masters.materials.view, masters.materials.add, masters.materials.edit, masters.materials.delete, masters.fuelpumps.view, masters.fuelpumps.add, masters.fuelpumps.edit, masters.fuelpumps.delete, masters.hsdrates.view, masters.hsdrates.add, masters.hsdrates.edit, masters.hsdrates.delete, masters.paymentlocations.view, masters.paymentlocations.add, masters.paymentlocations.edit, masters.paymentlocations.delete, masters.vehicleowners.view, masters.vehicleowners.add, masters.vehicleowners.edit, masters.vehicleowners.delete, masters.vehicleassignments.view, masters.vehicleassignments.add, masters.vehicleassignments.edit, masters.vehicleassignments.delete, drivers.view, drivers.create, drivers.edit, drivers.delete, vehicles.view, vehicles.create, vehicles.edit, vehicles.delete, trips.view, trips.create, trips.edit, trips.delete, dispatches.view, dispatches.create, dispatches.edit, dispatches.delete
[2026-07-29 10:58:31 WRN]
[Veteran Logistics]
[0.1.0]
[Machine: VVSPL1]
[Thread: 2]

User 'admin' with role 'Administrator' is requesting permissions.
[2026-07-29 10:58:31 WRN]
[Veteran Logistics]
[0.1.0]
[Machine: VVSPL1]
[Thread: 2]

User 'admin' with role 'Administrator' has 73 permissions.
[2026-07-29 10:58:31 WRN]
[Veteran Logistics]
[0.1.0]
[Machine: VVSPL1]
[Thread: 2]

User permissions: administration.users.view, administration.users.add, administration.users.edit, administration.users.activate, administration.users.delete, administration.roles.view, administration.roles.add, administration.roles.edit, administration.roles.activate, administration.roles.delete, administration.permissionmatrix.view, administration.permissionmatrix.manage, administration.financialyears.view, administration.financialyears.add, administration.financialyears.edit, administration.financialyears.activate, administration.financialyears.close, masters.companies.view, masters.companies.add, masters.companies.edit, masters.companies.delete, masters.customers.view, masters.customers.add, masters.customers.edit, masters.customers.delete, masters.vendors.view, masters.vendors.add, masters.vendors.edit, masters.vendors.delete, masters.sourcedestinations.view, masters.sourcedestinations.add, masters.sourcedestinations.edit, masters.sourcedestinations.delete, masters.materials.view, masters.materials.add, masters.materials.edit, masters.materials.delete, masters.fuelpumps.view, masters.fuelpumps.add, masters.fuelpumps.edit, masters.fuelpumps.delete, masters.hsdrates.view, masters.hsdrates.add, masters.hsdrates.edit, masters.hsdrates.delete, masters.paymentlocations.view, masters.paymentlocations.add, masters.paymentlocations.edit, masters.paymentlocations.delete, masters.vehicleowners.view, masters.vehicleowners.add, masters.vehicleowners.edit, masters.vehicleowners.delete, masters.vehicleassignments.view, masters.vehicleassignments.add, masters.vehicleassignments.edit, masters.vehicleassignments.delete, drivers.view, drivers.create, drivers.edit, drivers.delete, vehicles.view, vehicles.create, vehicles.edit, vehicles.delete, trips.view, trips.create, trips.edit, trips.delete, dispatches.view, dispatches.create, dispatches.edit, dispatches.delete
[2026-07-29 10:58:31 WRN]
[Veteran Logistics]
[0.1.0]
[Machine: VVSPL1]
[Thread: 2]

User 'admin' with role 'Administrator' is requesting permissions.
[2026-07-29 10:58:31 WRN]
[Veteran Logistics]
[0.1.0]
[Machine: VVSPL1]
[Thread: 2]

User 'admin' with role 'Administrator' has 73 permissions.
[2026-07-29 10:58:31 WRN]
[Veteran Logistics]
[0.1.0]
[Machine: VVSPL1]
[Thread: 2]

User permissions: administration.users.view, administration.users.add, administration.users.edit, administration.users.activate, administration.users.delete, administration.roles.view, administration.roles.add, administration.roles.edit, administration.roles.activate, administration.roles.delete, administration.permissionmatrix.view, administration.permissionmatrix.manage, administration.financialyears.view, administration.financialyears.add, administration.financialyears.edit, administration.financialyears.activate, administration.financialyears.close, masters.companies.view, masters.companies.add, masters.companies.edit, masters.companies.delete, masters.customers.view, masters.customers.add, masters.customers.edit, masters.customers.delete, masters.vendors.view, masters.vendors.add, masters.vendors.edit, masters.vendors.delete, masters.sourcedestinations.view, masters.sourcedestinations.add, masters.sourcedestinations.edit, masters.sourcedestinations.delete, masters.materials.view, masters.materials.add, masters.materials.edit, masters.materials.delete, masters.fuelpumps.view, masters.fuelpumps.add, masters.fuelpumps.edit, masters.fuelpumps.delete, masters.hsdrates.view, masters.hsdrates.add, masters.hsdrates.edit, masters.hsdrates.delete, masters.paymentlocations.view, masters.paymentlocations.add, masters.paymentlocations.edit, masters.paymentlocations.delete, masters.vehicleowners.view, masters.vehicleowners.add, masters.vehicleowners.edit, masters.vehicleowners.delete, masters.vehicleassignments.view, masters.vehicleassignments.add, masters.vehicleassignments.edit, masters.vehicleassignments.delete, drivers.view, drivers.create, drivers.edit, drivers.delete, vehicles.view, vehicles.create, vehicles.edit, vehicles.delete, trips.view, trips.create, trips.edit, trips.delete, dispatches.view, dispatches.create, dispatches.edit, dispatches.delete
[2026-07-29 10:58:46 WRN]
[Veteran Logistics]
[0.1.0]
[Machine: VVSPL1]
[Thread: 2]

User 'admin' with role 'Administrator' is requesting permissions.
[2026-07-29 10:58:46 WRN]
[Veteran Logistics]
[0.1.0]
[Machine: VVSPL1]
[Thread: 2]

User 'admin' with role 'Administrator' has 73 permissions.
[2026-07-29 10:58:46 WRN]
[Veteran Logistics]
[0.1.0]
[Machine: VVSPL1]
[Thread: 2]

User permissions: administration.users.view, administration.users.add, administration.users.edit, administration.users.activate, administration.users.delete, administration.roles.view, administration.roles.add, administration.roles.edit, administration.roles.activate, administration.roles.delete, administration.permissionmatrix.view, administration.permissionmatrix.manage, administration.financialyears.view, administration.financialyears.add, administration.financialyears.edit, administration.financialyears.activate, administration.financialyears.close, masters.companies.view, masters.companies.add, masters.companies.edit, masters.companies.delete, masters.customers.view, masters.customers.add, masters.customers.edit, masters.customers.delete, masters.vendors.view, masters.vendors.add, masters.vendors.edit, masters.vendors.delete, masters.sourcedestinations.view, masters.sourcedestinations.add, masters.sourcedestinations.edit, masters.sourcedestinations.delete, masters.materials.view, masters.materials.add, masters.materials.edit, masters.materials.delete, masters.fuelpumps.view, masters.fuelpumps.add, masters.fuelpumps.edit, masters.fuelpumps.delete, masters.hsdrates.view, masters.hsdrates.add, masters.hsdrates.edit, masters.hsdrates.delete, masters.paymentlocations.view, masters.paymentlocations.add, masters.paymentlocations.edit, masters.paymentlocations.delete, masters.vehicleowners.view, masters.vehicleowners.add, masters.vehicleowners.edit, masters.vehicleowners.delete, masters.vehicleassignments.view, masters.vehicleassignments.add, masters.vehicleassignments.edit, masters.vehicleassignments.delete, drivers.view, drivers.create, drivers.edit, drivers.delete, vehicles.view, vehicles.create, vehicles.edit, vehicles.delete, trips.view, trips.create, trips.edit, trips.delete, dispatches.view, dispatches.create, dispatches.edit, dispatches.delete
[2026-07-29 10:58:46 WRN]
[Veteran Logistics]
[0.1.0]
[Machine: VVSPL1]
[Thread: 2]

User 'admin' with role 'Administrator' is requesting permissions.
[2026-07-29 10:58:46 WRN]
[Veteran Logistics]
[0.1.0]
[Machine: VVSPL1]
[Thread: 2]

User 'admin' with role 'Administrator' has 73 permissions.
[2026-07-29 10:58:46 WRN]
[Veteran Logistics]
[0.1.0]
[Machine: VVSPL1]
[Thread: 2]

User permissions: administration.users.view, administration.users.add, administration.users.edit, administration.users.activate, administration.users.delete, administration.roles.view, administration.roles.add, administration.roles.edit, administration.roles.activate, administration.roles.delete, administration.permissionmatrix.view, administration.permissionmatrix.manage, administration.financialyears.view, administration.financialyears.add, administration.financialyears.edit, administration.financialyears.activate, administration.financialyears.close, masters.companies.view, masters.companies.add, masters.companies.edit, masters.companies.delete, masters.customers.view, masters.customers.add, masters.customers.edit, masters.customers.delete, masters.vendors.view, masters.vendors.add, masters.vendors.edit, masters.vendors.delete, masters.sourcedestinations.view, masters.sourcedestinations.add, masters.sourcedestinations.edit, masters.sourcedestinations.delete, masters.materials.view, masters.materials.add, masters.materials.edit, masters.materials.delete, masters.fuelpumps.view, masters.fuelpumps.add, masters.fuelpumps.edit, masters.fuelpumps.delete, masters.hsdrates.view, masters.hsdrates.add, masters.hsdrates.edit, masters.hsdrates.delete, masters.paymentlocations.view, masters.paymentlocations.add, masters.paymentlocations.edit, masters.paymentlocations.delete, masters.vehicleowners.view, masters.vehicleowners.add, masters.vehicleowners.edit, masters.vehicleowners.delete, masters.vehicleassignments.view, masters.vehicleassignments.add, masters.vehicleassignments.edit, masters.vehicleassignments.delete, drivers.view, drivers.create, drivers.edit, drivers.delete, vehicles.view, vehicles.create, vehicles.edit, vehicles.delete, trips.view, trips.create, trips.edit, trips.delete, dispatches.view, dispatches.create, dispatches.edit, dispatches.delete
[2026-07-29 10:58:46 WRN]
[Veteran Logistics]
[0.1.0]
[Machine: VVSPL1]
[Thread: 2]

User 'admin' with role 'Administrator' is requesting permissions.
[2026-07-29 10:58:46 WRN]
[Veteran Logistics]
[0.1.0]
[Machine: VVSPL1]
[Thread: 2]

User 'admin' with role 'Administrator' has 73 permissions.
[2026-07-29 10:58:46 WRN]
[Veteran Logistics]
[0.1.0]
[Machine: VVSPL1]
[Thread: 2]

User permissions: administration.users.view, administration.users.add, administration.users.edit, administration.users.activate, administration.users.delete, administration.roles.view, administration.roles.add, administration.roles.edit, administration.roles.activate, administration.roles.delete, administration.permissionmatrix.view, administration.permissionmatrix.manage, administration.financialyears.view, administration.financialyears.add, administration.financialyears.edit, administration.financialyears.activate, administration.financialyears.close, masters.companies.view, masters.companies.add, masters.companies.edit, masters.companies.delete, masters.customers.view, masters.customers.add, masters.customers.edit, masters.customers.delete, masters.vendors.view, masters.vendors.add, masters.vendors.edit, masters.vendors.delete, masters.sourcedestinations.view, masters.sourcedestinations.add, masters.sourcedestinations.edit, masters.sourcedestinations.delete, masters.materials.view, masters.materials.add, masters.materials.edit, masters.materials.delete, masters.fuelpumps.view, masters.fuelpumps.add, masters.fuelpumps.edit, masters.fuelpumps.delete, masters.hsdrates.view, masters.hsdrates.add, masters.hsdrates.edit, masters.hsdrates.delete, masters.paymentlocations.view, masters.paymentlocations.add, masters.paymentlocations.edit, masters.paymentlocations.delete, masters.vehicleowners.view, masters.vehicleowners.add, masters.vehicleowners.edit, masters.vehicleowners.delete, masters.vehicleassignments.view, masters.vehicleassignments.add, masters.vehicleassignments.edit, masters.vehicleassignments.delete, drivers.view, drivers.create, drivers.edit, drivers.delete, vehicles.view, vehicles.create, vehicles.edit, vehicles.delete, trips.view, trips.create, trips.edit, trips.delete, dispatches.view, dispatches.create, dispatches.edit, dispatches.delete
[2026-07-29 10:58:49 WRN]
[Veteran Logistics]
[0.1.0]
[Machine: VVSPL1]
[Thread: 2]

User 'admin' with role 'Administrator' is requesting permissions.
[2026-07-29 10:58:49 WRN]
[Veteran Logistics]
[0.1.0]
[Machine: VVSPL1]
[Thread: 2]

User 'admin' with role 'Administrator' has 73 permissions.
[2026-07-29 10:58:49 WRN]
[Veteran Logistics]
[0.1.0]
[Machine: VVSPL1]
[Thread: 2]

User permissions: administration.users.view, administration.users.add, administration.users.edit, administration.users.activate, administration.users.delete, administration.roles.view, administration.roles.add, administration.roles.edit, administration.roles.activate, administration.roles.delete, administration.permissionmatrix.view, administration.permissionmatrix.manage, administration.financialyears.view, administration.financialyears.add, administration.financialyears.edit, administration.financialyears.activate, administration.financialyears.close, masters.companies.view, masters.companies.add, masters.companies.edit, masters.companies.delete, masters.customers.view, masters.customers.add, masters.customers.edit, masters.customers.delete, masters.vendors.view, masters.vendors.add, masters.vendors.edit, masters.vendors.delete, masters.sourcedestinations.view, masters.sourcedestinations.add, masters.sourcedestinations.edit, masters.sourcedestinations.delete, masters.materials.view, masters.materials.add, masters.materials.edit, masters.materials.delete, masters.fuelpumps.view, masters.fuelpumps.add, masters.fuelpumps.edit, masters.fuelpumps.delete, masters.hsdrates.view, masters.hsdrates.add, masters.hsdrates.edit, masters.hsdrates.delete, masters.paymentlocations.view, masters.paymentlocations.add, masters.paymentlocations.edit, masters.paymentlocations.delete, masters.vehicleowners.view, masters.vehicleowners.add, masters.vehicleowners.edit, masters.vehicleowners.delete, masters.vehicleassignments.view, masters.vehicleassignments.add, masters.vehicleassignments.edit, masters.vehicleassignments.delete, drivers.view, drivers.create, drivers.edit, drivers.delete, vehicles.view, vehicles.create, vehicles.edit, vehicles.delete, trips.view, trips.create, trips.edit, trips.delete, dispatches.view, dispatches.create, dispatches.edit, dispatches.delete
[2026-07-29 10:58:49 WRN]
[Veteran Logistics]
[0.1.0]
[Machine: VVSPL1]
[Thread: 2]

User 'admin' with role 'Administrator' is requesting permissions.
[2026-07-29 10:58:49 WRN]
[Veteran Logistics]
[0.1.0]
[Machine: VVSPL1]
[Thread: 2]

User 'admin' with role 'Administrator' has 73 permissions.
[2026-07-29 10:58:49 WRN]
[Veteran Logistics]
[0.1.0]
[Machine: VVSPL1]
[Thread: 2]

User permissions: administration.users.view, administration.users.add, administration.users.edit, administration.users.activate, administration.users.delete, administration.roles.view, administration.roles.add, administration.roles.edit, administration.roles.activate, administration.roles.delete, administration.permissionmatrix.view, administration.permissionmatrix.manage, administration.financialyears.view, administration.financialyears.add, administration.financialyears.edit, administration.financialyears.activate, administration.financialyears.close, masters.companies.view, masters.companies.add, masters.companies.edit, masters.companies.delete, masters.customers.view, masters.customers.add, masters.customers.edit, masters.customers.delete, masters.vendors.view, masters.vendors.add, masters.vendors.edit, masters.vendors.delete, masters.sourcedestinations.view, masters.sourcedestinations.add, masters.sourcedestinations.edit, masters.sourcedestinations.delete, masters.materials.view, masters.materials.add, masters.materials.edit, masters.materials.delete, masters.fuelpumps.view, masters.fuelpumps.add, masters.fuelpumps.edit, masters.fuelpumps.delete, masters.hsdrates.view, masters.hsdrates.add, masters.hsdrates.edit, masters.hsdrates.delete, masters.paymentlocations.view, masters.paymentlocations.add, masters.paymentlocations.edit, masters.paymentlocations.delete, masters.vehicleowners.view, masters.vehicleowners.add, masters.vehicleowners.edit, masters.vehicleowners.delete, masters.vehicleassignments.view, masters.vehicleassignments.add, masters.vehicleassignments.edit, masters.vehicleassignments.delete, drivers.view, drivers.create, drivers.edit, drivers.delete, vehicles.view, vehicles.create, vehicles.edit, vehicles.delete, trips.view, trips.create, trips.edit, trips.delete, dispatches.view, dispatches.create, dispatches.edit, dispatches.delete
[2026-07-29 10:58:49 WRN]
[Veteran Logistics]
[0.1.0]
[Machine: VVSPL1]
[Thread: 2]

User 'admin' with role 'Administrator' is requesting permissions.
[2026-07-29 10:58:49 WRN]
[Veteran Logistics]
[0.1.0]
[Machine: VVSPL1]
[Thread: 2]

User 'admin' with role 'Administrator' has 73 permissions.
[2026-07-29 10:58:49 WRN]
[Veteran Logistics]
[0.1.0]
[Machine: VVSPL1]
[Thread: 2]

User permissions: administration.users.view, administration.users.add, administration.users.edit, administration.users.activate, administration.users.delete, administration.roles.view, administration.roles.add, administration.roles.edit, administration.roles.activate, administration.roles.delete, administration.permissionmatrix.view, administration.permissionmatrix.manage, administration.financialyears.view, administration.financialyears.add, administration.financialyears.edit, administration.financialyears.activate, administration.financialyears.close, masters.companies.view, masters.companies.add, masters.companies.edit, masters.companies.delete, masters.customers.view, masters.customers.add, masters.customers.edit, masters.customers.delete, masters.vendors.view, masters.vendors.add, masters.vendors.edit, masters.vendors.delete, masters.sourcedestinations.view, masters.sourcedestinations.add, masters.sourcedestinations.edit, masters.sourcedestinations.delete, masters.materials.view, masters.materials.add, masters.materials.edit, masters.materials.delete, masters.fuelpumps.view, masters.fuelpumps.add, masters.fuelpumps.edit, masters.fuelpumps.delete, masters.hsdrates.view, masters.hsdrates.add, masters.hsdrates.edit, masters.hsdrates.delete, masters.paymentlocations.view, masters.paymentlocations.add, masters.paymentlocations.edit, masters.paymentlocations.delete, masters.vehicleowners.view, masters.vehicleowners.add, masters.vehicleowners.edit, masters.vehicleowners.delete, masters.vehicleassignments.view, masters.vehicleassignments.add, masters.vehicleassignments.edit, masters.vehicleassignments.delete, drivers.view, drivers.create, drivers.edit, drivers.delete, vehicles.view, vehicles.create, vehicles.edit, vehicles.delete, trips.view, trips.create, trips.edit, trips.delete, dispatches.view, dispatches.create, dispatches.edit, dispatches.delete
[2026-07-29 10:58:49 WRN]
[Veteran Logistics]
[0.1.0]
[Machine: VVSPL1]
[Thread: 2]

User 'admin' with role 'Administrator' is requesting permissions.
[2026-07-29 10:58:49 WRN]
[Veteran Logistics]
[0.1.0]
[Machine: VVSPL1]
[Thread: 2]

User 'admin' with role 'Administrator' has 73 permissions.
[2026-07-29 10:58:49 WRN]
[Veteran Logistics]
[0.1.0]
[Machine: VVSPL1]
[Thread: 2]

User permissions: administration.users.view, administration.users.add, administration.users.edit, administration.users.activate, administration.users.delete, administration.roles.view, administration.roles.add, administration.roles.edit, administration.roles.activate, administration.roles.delete, administration.permissionmatrix.view, administration.permissionmatrix.manage, administration.financialyears.view, administration.financialyears.add, administration.financialyears.edit, administration.financialyears.activate, administration.financialyears.close, masters.companies.view, masters.companies.add, masters.companies.edit, masters.companies.delete, masters.customers.view, masters.customers.add, masters.customers.edit, masters.customers.delete, masters.vendors.view, masters.vendors.add, masters.vendors.edit, masters.vendors.delete, masters.sourcedestinations.view, masters.sourcedestinations.add, masters.sourcedestinations.edit, masters.sourcedestinations.delete, masters.materials.view, masters.materials.add, masters.materials.edit, masters.materials.delete, masters.fuelpumps.view, masters.fuelpumps.add, masters.fuelpumps.edit, masters.fuelpumps.delete, masters.hsdrates.view, masters.hsdrates.add, masters.hsdrates.edit, masters.hsdrates.delete, masters.paymentlocations.view, masters.paymentlocations.add, masters.paymentlocations.edit, masters.paymentlocations.delete, masters.vehicleowners.view, masters.vehicleowners.add, masters.vehicleowners.edit, masters.vehicleowners.delete, masters.vehicleassignments.view, masters.vehicleassignments.add, masters.vehicleassignments.edit, masters.vehicleassignments.delete, drivers.view, drivers.create, drivers.edit, drivers.delete, vehicles.view, vehicles.create, vehicles.edit, vehicles.delete, trips.view, trips.create, trips.edit, trips.delete, dispatches.view, dispatches.create, dispatches.edit, dispatches.delete
[2026-07-29 10:58:49 WRN]
[Veteran Logistics]
[0.1.0]
[Machine: VVSPL1]
[Thread: 2]

User 'admin' with role 'Administrator' is requesting permissions.
[2026-07-29 10:58:49 WRN]
[Veteran Logistics]
[0.1.0]
[Machine: VVSPL1]
[Thread: 2]

User 'admin' with role 'Administrator' has 73 permissions.
[2026-07-29 10:58:49 WRN]
[Veteran Logistics]
[0.1.0]
[Machine: VVSPL1]
[Thread: 2]

User permissions: administration.users.view, administration.users.add, administration.users.edit, administration.users.activate, administration.users.delete, administration.roles.view, administration.roles.add, administration.roles.edit, administration.roles.activate, administration.roles.delete, administration.permissionmatrix.view, administration.permissionmatrix.manage, administration.financialyears.view, administration.financialyears.add, administration.financialyears.edit, administration.financialyears.activate, administration.financialyears.close, masters.companies.view, masters.companies.add, masters.companies.edit, masters.companies.delete, masters.customers.view, masters.customers.add, masters.customers.edit, masters.customers.delete, masters.vendors.view, masters.vendors.add, masters.vendors.edit, masters.vendors.delete, masters.sourcedestinations.view, masters.sourcedestinations.add, masters.sourcedestinations.edit, masters.sourcedestinations.delete, masters.materials.view, masters.materials.add, masters.materials.edit, masters.materials.delete, masters.fuelpumps.view, masters.fuelpumps.add, masters.fuelpumps.edit, masters.fuelpumps.delete, masters.hsdrates.view, masters.hsdrates.add, masters.hsdrates.edit, masters.hsdrates.delete, masters.paymentlocations.view, masters.paymentlocations.add, masters.paymentlocations.edit, masters.paymentlocations.delete, masters.vehicleowners.view, masters.vehicleowners.add, masters.vehicleowners.edit, masters.vehicleowners.delete, masters.vehicleassignments.view, masters.vehicleassignments.add, masters.vehicleassignments.edit, masters.vehicleassignments.delete, drivers.view, drivers.create, drivers.edit, drivers.delete, vehicles.view, vehicles.create, vehicles.edit, vehicles.delete, trips.view, trips.create, trips.edit, trips.delete, dispatches.view, dispatches.create, dispatches.edit, dispatches.delete
[2026-07-29 10:58:50 WRN]
[Veteran Logistics]
[0.1.0]
[Machine: VVSPL1]
[Thread: 2]

User 'admin' with role 'Administrator' is requesting permissions.
[2026-07-29 10:58:50 WRN]
[Veteran Logistics]
[0.1.0]
[Machine: VVSPL1]
[Thread: 2]

User 'admin' with role 'Administrator' has 73 permissions.
[2026-07-29 10:58:50 WRN]
[Veteran Logistics]
[0.1.0]
[Machine: VVSPL1]
[Thread: 2]

User permissions: administration.users.view, administration.users.add, administration.users.edit, administration.users.activate, administration.users.delete, administration.roles.view, administration.roles.add, administration.roles.edit, administration.roles.activate, administration.roles.delete, administration.permissionmatrix.view, administration.permissionmatrix.manage, administration.financialyears.view, administration.financialyears.add, administration.financialyears.edit, administration.financialyears.activate, administration.financialyears.close, masters.companies.view, masters.companies.add, masters.companies.edit, masters.companies.delete, masters.customers.view, masters.customers.add, masters.customers.edit, masters.customers.delete, masters.vendors.view, masters.vendors.add, masters.vendors.edit, masters.vendors.delete, masters.sourcedestinations.view, masters.sourcedestinations.add, masters.sourcedestinations.edit, masters.sourcedestinations.delete, masters.materials.view, masters.materials.add, masters.materials.edit, masters.materials.delete, masters.fuelpumps.view, masters.fuelpumps.add, masters.fuelpumps.edit, masters.fuelpumps.delete, masters.hsdrates.view, masters.hsdrates.add, masters.hsdrates.edit, masters.hsdrates.delete, masters.paymentlocations.view, masters.paymentlocations.add, masters.paymentlocations.edit, masters.paymentlocations.delete, masters.vehicleowners.view, masters.vehicleowners.add, masters.vehicleowners.edit, masters.vehicleowners.delete, masters.vehicleassignments.view, masters.vehicleassignments.add, masters.vehicleassignments.edit, masters.vehicleassignments.delete, drivers.view, drivers.create, drivers.edit, drivers.delete, vehicles.view, vehicles.create, vehicles.edit, vehicles.delete, trips.view, trips.create, trips.edit, trips.delete, dispatches.view, dispatches.create, dispatches.edit, dispatches.delete
[2026-07-29 10:58:50 WRN]
[Veteran Logistics]
[0.1.0]
[Machine: VVSPL1]
[Thread: 2]

User 'admin' with role 'Administrator' is requesting permissions.
[2026-07-29 10:58:50 WRN]
[Veteran Logistics]
[0.1.0]
[Machine: VVSPL1]
[Thread: 2]

User 'admin' with role 'Administrator' has 73 permissions.
[2026-07-29 10:58:50 WRN]
[Veteran Logistics]
[0.1.0]
[Machine: VVSPL1]
[Thread: 2]

User permissions: administration.users.view, administration.users.add, administration.users.edit, administration.users.activate, administration.users.delete, administration.roles.view, administration.roles.add, administration.roles.edit, administration.roles.activate, administration.roles.delete, administration.permissionmatrix.view, administration.permissionmatrix.manage, administration.financialyears.view, administration.financialyears.add, administration.financialyears.edit, administration.financialyears.activate, administration.financialyears.close, masters.companies.view, masters.companies.add, masters.companies.edit, masters.companies.delete, masters.customers.view, masters.customers.add, masters.customers.edit, masters.customers.delete, masters.vendors.view, masters.vendors.add, masters.vendors.edit, masters.vendors.delete, masters.sourcedestinations.view, masters.sourcedestinations.add, masters.sourcedestinations.edit, masters.sourcedestinations.delete, masters.materials.view, masters.materials.add, masters.materials.edit, masters.materials.delete, masters.fuelpumps.view, masters.fuelpumps.add, masters.fuelpumps.edit, masters.fuelpumps.delete, masters.hsdrates.view, masters.hsdrates.add, masters.hsdrates.edit, masters.hsdrates.delete, masters.paymentlocations.view, masters.paymentlocations.add, masters.paymentlocations.edit, masters.paymentlocations.delete, masters.vehicleowners.view, masters.vehicleowners.add, masters.vehicleowners.edit, masters.vehicleowners.delete, masters.vehicleassignments.view, masters.vehicleassignments.add, masters.vehicleassignments.edit, masters.vehicleassignments.delete, drivers.view, drivers.create, drivers.edit, drivers.delete, vehicles.view, vehicles.create, vehicles.edit, vehicles.delete, trips.view, trips.create, trips.edit, trips.delete, dispatches.view, dispatches.create, dispatches.edit, dispatches.delete
[2026-07-29 10:58:53 WRN]
[Veteran Logistics]
[0.1.0]
[Machine: VVSPL1]
[Thread: 2]

User 'admin' with role 'Administrator' is requesting permissions.
[2026-07-29 10:58:53 WRN]
[Veteran Logistics]
[0.1.0]
[Machine: VVSPL1]
[Thread: 2]

User 'admin' with role 'Administrator' has 73 permissions.
[2026-07-29 10:58:53 WRN]
[Veteran Logistics]
[0.1.0]
[Machine: VVSPL1]
[Thread: 2]

User permissions: administration.users.view, administration.users.add, administration.users.edit, administration.users.activate, administration.users.delete, administration.roles.view, administration.roles.add, administration.roles.edit, administration.roles.activate, administration.roles.delete, administration.permissionmatrix.view, administration.permissionmatrix.manage, administration.financialyears.view, administration.financialyears.add, administration.financialyears.edit, administration.financialyears.activate, administration.financialyears.close, masters.companies.view, masters.companies.add, masters.companies.edit, masters.companies.delete, masters.customers.view, masters.customers.add, masters.customers.edit, masters.customers.delete, masters.vendors.view, masters.vendors.add, masters.vendors.edit, masters.vendors.delete, masters.sourcedestinations.view, masters.sourcedestinations.add, masters.sourcedestinations.edit, masters.sourcedestinations.delete, masters.materials.view, masters.materials.add, masters.materials.edit, masters.materials.delete, masters.fuelpumps.view, masters.fuelpumps.add, masters.fuelpumps.edit, masters.fuelpumps.delete, masters.hsdrates.view, masters.hsdrates.add, masters.hsdrates.edit, masters.hsdrates.delete, masters.paymentlocations.view, masters.paymentlocations.add, masters.paymentlocations.edit, masters.paymentlocations.delete, masters.vehicleowners.view, masters.vehicleowners.add, masters.vehicleowners.edit, masters.vehicleowners.delete, masters.vehicleassignments.view, masters.vehicleassignments.add, masters.vehicleassignments.edit, masters.vehicleassignments.delete, drivers.view, drivers.create, drivers.edit, drivers.delete, vehicles.view, vehicles.create, vehicles.edit, vehicles.delete, trips.view, trips.create, trips.edit, trips.delete, dispatches.view, dispatches.create, dispatches.edit, dispatches.delete
[2026-07-29 10:58:53 WRN]
[Veteran Logistics]
[0.1.0]
[Machine: VVSPL1]
[Thread: 2]

User 'admin' with role 'Administrator' is requesting permissions.
[2026-07-29 10:58:53 WRN]
[Veteran Logistics]
[0.1.0]
[Machine: VVSPL1]
[Thread: 2]

User 'admin' with role 'Administrator' has 73 permissions.
[2026-07-29 10:58:53 WRN]
[Veteran Logistics]
[0.1.0]
[Machine: VVSPL1]
[Thread: 2]

User permissions: administration.users.view, administration.users.add, administration.users.edit, administration.users.activate, administration.users.delete, administration.roles.view, administration.roles.add, administration.roles.edit, administration.roles.activate, administration.roles.delete, administration.permissionmatrix.view, administration.permissionmatrix.manage, administration.financialyears.view, administration.financialyears.add, administration.financialyears.edit, administration.financialyears.activate, administration.financialyears.close, masters.companies.view, masters.companies.add, masters.companies.edit, masters.companies.delete, masters.customers.view, masters.customers.add, masters.customers.edit, masters.customers.delete, masters.vendors.view, masters.vendors.add, masters.vendors.edit, masters.vendors.delete, masters.sourcedestinations.view, masters.sourcedestinations.add, masters.sourcedestinations.edit, masters.sourcedestinations.delete, masters.materials.view, masters.materials.add, masters.materials.edit, masters.materials.delete, masters.fuelpumps.view, masters.fuelpumps.add, masters.fuelpumps.edit, masters.fuelpumps.delete, masters.hsdrates.view, masters.hsdrates.add, masters.hsdrates.edit, masters.hsdrates.delete, masters.paymentlocations.view, masters.paymentlocations.add, masters.paymentlocations.edit, masters.paymentlocations.delete, masters.vehicleowners.view, masters.vehicleowners.add, masters.vehicleowners.edit, masters.vehicleowners.delete, masters.vehicleassignments.view, masters.vehicleassignments.add, masters.vehicleassignments.edit, masters.vehicleassignments.delete, drivers.view, drivers.create, drivers.edit, drivers.delete, vehicles.view, vehicles.create, vehicles.edit, vehicles.delete, trips.view, trips.create, trips.edit, trips.delete, dispatches.view, dispatches.create, dispatches.edit, dispatches.delete
[2026-07-29 10:58:53 WRN]
[Veteran Logistics]
[0.1.0]
[Machine: VVSPL1]
[Thread: 2]

User 'admin' with role 'Administrator' is requesting permissions.
[2026-07-29 10:58:53 WRN]
[Veteran Logistics]
[0.1.0]
[Machine: VVSPL1]
[Thread: 2]

User 'admin' with role 'Administrator' has 73 permissions.
[2026-07-29 10:58:53 WRN]
[Veteran Logistics]
[0.1.0]
[Machine: VVSPL1]
[Thread: 2]

User permissions: administration.users.view, administration.users.add, administration.users.edit, administration.users.activate, administration.users.delete, administration.roles.view, administration.roles.add, administration.roles.edit, administration.roles.activate, administration.roles.delete, administration.permissionmatrix.view, administration.permissionmatrix.manage, administration.financialyears.view, administration.financialyears.add, administration.financialyears.edit, administration.financialyears.activate, administration.financialyears.close, masters.companies.view, masters.companies.add, masters.companies.edit, masters.companies.delete, masters.customers.view, masters.customers.add, masters.customers.edit, masters.customers.delete, masters.vendors.view, masters.vendors.add, masters.vendors.edit, masters.vendors.delete, masters.sourcedestinations.view, masters.sourcedestinations.add, masters.sourcedestinations.edit, masters.sourcedestinations.delete, masters.materials.view, masters.materials.add, masters.materials.edit, masters.materials.delete, masters.fuelpumps.view, masters.fuelpumps.add, masters.fuelpumps.edit, masters.fuelpumps.delete, masters.hsdrates.view, masters.hsdrates.add, masters.hsdrates.edit, masters.hsdrates.delete, masters.paymentlocations.view, masters.paymentlocations.add, masters.paymentlocations.edit, masters.paymentlocations.delete, masters.vehicleowners.view, masters.vehicleowners.add, masters.vehicleowners.edit, masters.vehicleowners.delete, masters.vehicleassignments.view, masters.vehicleassignments.add, masters.vehicleassignments.edit, masters.vehicleassignments.delete, drivers.view, drivers.create, drivers.edit, drivers.delete, vehicles.view, vehicles.create, vehicles.edit, vehicles.delete, trips.view, trips.create, trips.edit, trips.delete, dispatches.view, dispatches.create, dispatches.edit, dispatches.delete
[2026-07-29 10:58:53 WRN]
[Veteran Logistics]
[0.1.0]
[Machine: VVSPL1]
[Thread: 2]

User 'admin' with role 'Administrator' is requesting permissions.
[2026-07-29 10:58:53 WRN]
[Veteran Logistics]
[0.1.0]
[Machine: VVSPL1]
[Thread: 2]

User 'admin' with role 'Administrator' has 73 permissions.
[2026-07-29 10:58:53 WRN]
[Veteran Logistics]
[0.1.0]
[Machine: VVSPL1]
[Thread: 2]

User permissions: administration.users.view, administration.users.add, administration.users.edit, administration.users.activate, administration.users.delete, administration.roles.view, administration.roles.add, administration.roles.edit, administration.roles.activate, administration.roles.delete, administration.permissionmatrix.view, administration.permissionmatrix.manage, administration.financialyears.view, administration.financialyears.add, administration.financialyears.edit, administration.financialyears.activate, administration.financialyears.close, masters.companies.view, masters.companies.add, masters.companies.edit, masters.companies.delete, masters.customers.view, masters.customers.add, masters.customers.edit, masters.customers.delete, masters.vendors.view, masters.vendors.add, masters.vendors.edit, masters.vendors.delete, masters.sourcedestinations.view, masters.sourcedestinations.add, masters.sourcedestinations.edit, masters.sourcedestinations.delete, masters.materials.view, masters.materials.add, masters.materials.edit, masters.materials.delete, masters.fuelpumps.view, masters.fuelpumps.add, masters.fuelpumps.edit, masters.fuelpumps.delete, masters.hsdrates.view, masters.hsdrates.add, masters.hsdrates.edit, masters.hsdrates.delete, masters.paymentlocations.view, masters.paymentlocations.add, masters.paymentlocations.edit, masters.paymentlocations.delete, masters.vehicleowners.view, masters.vehicleowners.add, masters.vehicleowners.edit, masters.vehicleowners.delete, masters.vehicleassignments.view, masters.vehicleassignments.add, masters.vehicleassignments.edit, masters.vehicleassignments.delete, drivers.view, drivers.create, drivers.edit, drivers.delete, vehicles.view, vehicles.create, vehicles.edit, vehicles.delete, trips.view, trips.create, trips.edit, trips.delete, dispatches.view, dispatches.create, dispatches.edit, dispatches.delete
[2026-07-29 10:58:53 WRN]
[Veteran Logistics]
[0.1.0]
[Machine: VVSPL1]
[Thread: 2]

User 'admin' with role 'Administrator' is requesting permissions.
[2026-07-29 10:58:53 WRN]
[Veteran Logistics]
[0.1.0]
[Machine: VVSPL1]
[Thread: 2]

User 'admin' with role 'Administrator' has 73 permissions.
[2026-07-29 10:58:53 WRN]
[Veteran Logistics]
[0.1.0]
[Machine: VVSPL1]
[Thread: 2]

User permissions: administration.users.view, administration.users.add, administration.users.edit, administration.users.activate, administration.users.delete, administration.roles.view, administration.roles.add, administration.roles.edit, administration.roles.activate, administration.roles.delete, administration.permissionmatrix.view, administration.permissionmatrix.manage, administration.financialyears.view, administration.financialyears.add, administration.financialyears.edit, administration.financialyears.activate, administration.financialyears.close, masters.companies.view, masters.companies.add, masters.companies.edit, masters.companies.delete, masters.customers.view, masters.customers.add, masters.customers.edit, masters.customers.delete, masters.vendors.view, masters.vendors.add, masters.vendors.edit, masters.vendors.delete, masters.sourcedestinations.view, masters.sourcedestinations.add, masters.sourcedestinations.edit, masters.sourcedestinations.delete, masters.materials.view, masters.materials.add, masters.materials.edit, masters.materials.delete, masters.fuelpumps.view, masters.fuelpumps.add, masters.fuelpumps.edit, masters.fuelpumps.delete, masters.hsdrates.view, masters.hsdrates.add, masters.hsdrates.edit, masters.hsdrates.delete, masters.paymentlocations.view, masters.paymentlocations.add, masters.paymentlocations.edit, masters.paymentlocations.delete, masters.vehicleowners.view, masters.vehicleowners.add, masters.vehicleowners.edit, masters.vehicleowners.delete, masters.vehicleassignments.view, masters.vehicleassignments.add, masters.vehicleassignments.edit, masters.vehicleassignments.delete, drivers.view, drivers.create, drivers.edit, drivers.delete, vehicles.view, vehicles.create, vehicles.edit, vehicles.delete, trips.view, trips.create, trips.edit, trips.delete, dispatches.view, dispatches.create, dispatches.edit, dispatches.delete
[2026-07-29 10:58:53 WRN]
[Veteran Logistics]
[0.1.0]
[Machine: VVSPL1]
[Thread: 2]

User 'admin' with role 'Administrator' is requesting permissions.
[2026-07-29 10:58:53 WRN]
[Veteran Logistics]
[0.1.0]
[Machine: VVSPL1]
[Thread: 2]

User 'admin' with role 'Administrator' has 73 permissions.
[2026-07-29 10:58:53 WRN]
[Veteran Logistics]
[0.1.0]
[Machine: VVSPL1]
[Thread: 2]

User permissions: administration.users.view, administration.users.add, administration.users.edit, administration.users.activate, administration.users.delete, administration.roles.view, administration.roles.add, administration.roles.edit, administration.roles.activate, administration.roles.delete, administration.permissionmatrix.view, administration.permissionmatrix.manage, administration.financialyears.view, administration.financialyears.add, administration.financialyears.edit, administration.financialyears.activate, administration.financialyears.close, masters.companies.view, masters.companies.add, masters.companies.edit, masters.companies.delete, masters.customers.view, masters.customers.add, masters.customers.edit, masters.customers.delete, masters.vendors.view, masters.vendors.add, masters.vendors.edit, masters.vendors.delete, masters.sourcedestinations.view, masters.sourcedestinations.add, masters.sourcedestinations.edit, masters.sourcedestinations.delete, masters.materials.view, masters.materials.add, masters.materials.edit, masters.materials.delete, masters.fuelpumps.view, masters.fuelpumps.add, masters.fuelpumps.edit, masters.fuelpumps.delete, masters.hsdrates.view, masters.hsdrates.add, masters.hsdrates.edit, masters.hsdrates.delete, masters.paymentlocations.view, masters.paymentlocations.add, masters.paymentlocations.edit, masters.paymentlocations.delete, masters.vehicleowners.view, masters.vehicleowners.add, masters.vehicleowners.edit, masters.vehicleowners.delete, masters.vehicleassignments.view, masters.vehicleassignments.add, masters.vehicleassignments.edit, masters.vehicleassignments.delete, drivers.view, drivers.create, drivers.edit, drivers.delete, vehicles.view, vehicles.create, vehicles.edit, vehicles.delete, trips.view, trips.create, trips.edit, trips.delete, dispatches.view, dispatches.create, dispatches.edit, dispatches.delete
[2026-07-29 10:58:53 WRN]
[Veteran Logistics]
[0.1.0]
[Machine: VVSPL1]
[Thread: 2]

User 'admin' with role 'Administrator' is requesting permissions.
[2026-07-29 10:58:53 WRN]
[Veteran Logistics]
[0.1.0]
[Machine: VVSPL1]
[Thread: 2]

User 'admin' with role 'Administrator' has 73 permissions.
[2026-07-29 10:58:53 WRN]
[Veteran Logistics]
[0.1.0]
[Machine: VVSPL1]
[Thread: 2]

User permissions: administration.users.view, administration.users.add, administration.users.edit, administration.users.activate, administration.users.delete, administration.roles.view, administration.roles.add, administration.roles.edit, administration.roles.activate, administration.roles.delete, administration.permissionmatrix.view, administration.permissionmatrix.manage, administration.financialyears.view, administration.financialyears.add, administration.financialyears.edit, administration.financialyears.activate, administration.financialyears.close, masters.companies.view, masters.companies.add, masters.companies.edit, masters.companies.delete, masters.customers.view, masters.customers.add, masters.customers.edit, masters.customers.delete, masters.vendors.view, masters.vendors.add, masters.vendors.edit, masters.vendors.delete, masters.sourcedestinations.view, masters.sourcedestinations.add, masters.sourcedestinations.edit, masters.sourcedestinations.delete, masters.materials.view, masters.materials.add, masters.materials.edit, masters.materials.delete, masters.fuelpumps.view, masters.fuelpumps.add, masters.fuelpumps.edit, masters.fuelpumps.delete, masters.hsdrates.view, masters.hsdrates.add, masters.hsdrates.edit, masters.hsdrates.delete, masters.paymentlocations.view, masters.paymentlocations.add, masters.paymentlocations.edit, masters.paymentlocations.delete, masters.vehicleowners.view, masters.vehicleowners.add, masters.vehicleowners.edit, masters.vehicleowners.delete, masters.vehicleassignments.view, masters.vehicleassignments.add, masters.vehicleassignments.edit, masters.vehicleassignments.delete, drivers.view, drivers.create, drivers.edit, drivers.delete, vehicles.view, vehicles.create, vehicles.edit, vehicles.delete, trips.view, trips.create, trips.edit, trips.delete, dispatches.view, dispatches.create, dispatches.edit, dispatches.delete
[2026-07-29 10:58:57 WRN]
[Veteran Logistics]
[0.1.0]
[Machine: VVSPL1]
[Thread: 2]

User 'admin' with role 'Administrator' is requesting permissions.
[2026-07-29 10:58:57 WRN]
[Veteran Logistics]
[0.1.0]
[Machine: VVSPL1]
[Thread: 2]

User 'admin' with role 'Administrator' has 73 permissions.
[2026-07-29 10:58:57 WRN]
[Veteran Logistics]
[0.1.0]
[Machine: VVSPL1]
[Thread: 2]

User permissions: administration.users.view, administration.users.add, administration.users.edit, administration.users.activate, administration.users.delete, administration.roles.view, administration.roles.add, administration.roles.edit, administration.roles.activate, administration.roles.delete, administration.permissionmatrix.view, administration.permissionmatrix.manage, administration.financialyears.view, administration.financialyears.add, administration.financialyears.edit, administration.financialyears.activate, administration.financialyears.close, masters.companies.view, masters.companies.add, masters.companies.edit, masters.companies.delete, masters.customers.view, masters.customers.add, masters.customers.edit, masters.customers.delete, masters.vendors.view, masters.vendors.add, masters.vendors.edit, masters.vendors.delete, masters.sourcedestinations.view, masters.sourcedestinations.add, masters.sourcedestinations.edit, masters.sourcedestinations.delete, masters.materials.view, masters.materials.add, masters.materials.edit, masters.materials.delete, masters.fuelpumps.view, masters.fuelpumps.add, masters.fuelpumps.edit, masters.fuelpumps.delete, masters.hsdrates.view, masters.hsdrates.add, masters.hsdrates.edit, masters.hsdrates.delete, masters.paymentlocations.view, masters.paymentlocations.add, masters.paymentlocations.edit, masters.paymentlocations.delete, masters.vehicleowners.view, masters.vehicleowners.add, masters.vehicleowners.edit, masters.vehicleowners.delete, masters.vehicleassignments.view, masters.vehicleassignments.add, masters.vehicleassignments.edit, masters.vehicleassignments.delete, drivers.view, drivers.create, drivers.edit, drivers.delete, vehicles.view, vehicles.create, vehicles.edit, vehicles.delete, trips.view, trips.create, trips.edit, trips.delete, dispatches.view, dispatches.create, dispatches.edit, dispatches.delete
[2026-07-29 10:58:57 WRN]
[Veteran Logistics]
[0.1.0]
[Machine: VVSPL1]
[Thread: 2]

User 'admin' with role 'Administrator' is requesting permissions.
[2026-07-29 10:58:57 WRN]
[Veteran Logistics]
[0.1.0]
[Machine: VVSPL1]
[Thread: 2]

User 'admin' with role 'Administrator' has 73 permissions.
[2026-07-29 10:58:57 WRN]
[Veteran Logistics]
[0.1.0]
[Machine: VVSPL1]
[Thread: 2]

User permissions: administration.users.view, administration.users.add, administration.users.edit, administration.users.activate, administration.users.delete, administration.roles.view, administration.roles.add, administration.roles.edit, administration.roles.activate, administration.roles.delete, administration.permissionmatrix.view, administration.permissionmatrix.manage, administration.financialyears.view, administration.financialyears.add, administration.financialyears.edit, administration.financialyears.activate, administration.financialyears.close, masters.companies.view, masters.companies.add, masters.companies.edit, masters.companies.delete, masters.customers.view, masters.customers.add, masters.customers.edit, masters.customers.delete, masters.vendors.view, masters.vendors.add, masters.vendors.edit, masters.vendors.delete, masters.sourcedestinations.view, masters.sourcedestinations.add, masters.sourcedestinations.edit, masters.sourcedestinations.delete, masters.materials.view, masters.materials.add, masters.materials.edit, masters.materials.delete, masters.fuelpumps.view, masters.fuelpumps.add, masters.fuelpumps.edit, masters.fuelpumps.delete, masters.hsdrates.view, masters.hsdrates.add, masters.hsdrates.edit, masters.hsdrates.delete, masters.paymentlocations.view, masters.paymentlocations.add, masters.paymentlocations.edit, masters.paymentlocations.delete, masters.vehicleowners.view, masters.vehicleowners.add, masters.vehicleowners.edit, masters.vehicleowners.delete, masters.vehicleassignments.view, masters.vehicleassignments.add, masters.vehicleassignments.edit, masters.vehicleassignments.delete, drivers.view, drivers.create, drivers.edit, drivers.delete, vehicles.view, vehicles.create, vehicles.edit, vehicles.delete, trips.view, trips.create, trips.edit, trips.delete, dispatches.view, dispatches.create, dispatches.edit, dispatches.delete
[2026-07-29 10:58:58 WRN]
[Veteran Logistics]
[0.1.0]
[Machine: VVSPL1]
[Thread: 2]

User 'admin' with role 'Administrator' is requesting permissions.
[2026-07-29 10:58:58 WRN]
[Veteran Logistics]
[0.1.0]
[Machine: VVSPL1]
[Thread: 2]

User 'admin' with role 'Administrator' has 73 permissions.
[2026-07-29 10:58:58 WRN]
[Veteran Logistics]
[0.1.0]
[Machine: VVSPL1]
[Thread: 2]

User permissions: administration.users.view, administration.users.add, administration.users.edit, administration.users.activate, administration.users.delete, administration.roles.view, administration.roles.add, administration.roles.edit, administration.roles.activate, administration.roles.delete, administration.permissionmatrix.view, administration.permissionmatrix.manage, administration.financialyears.view, administration.financialyears.add, administration.financialyears.edit, administration.financialyears.activate, administration.financialyears.close, masters.companies.view, masters.companies.add, masters.companies.edit, masters.companies.delete, masters.customers.view, masters.customers.add, masters.customers.edit, masters.customers.delete, masters.vendors.view, masters.vendors.add, masters.vendors.edit, masters.vendors.delete, masters.sourcedestinations.view, masters.sourcedestinations.add, masters.sourcedestinations.edit, masters.sourcedestinations.delete, masters.materials.view, masters.materials.add, masters.materials.edit, masters.materials.delete, masters.fuelpumps.view, masters.fuelpumps.add, masters.fuelpumps.edit, masters.fuelpumps.delete, masters.hsdrates.view, masters.hsdrates.add, masters.hsdrates.edit, masters.hsdrates.delete, masters.paymentlocations.view, masters.paymentlocations.add, masters.paymentlocations.edit, masters.paymentlocations.delete, masters.vehicleowners.view, masters.vehicleowners.add, masters.vehicleowners.edit, masters.vehicleowners.delete, masters.vehicleassignments.view, masters.vehicleassignments.add, masters.vehicleassignments.edit, masters.vehicleassignments.delete, drivers.view, drivers.create, drivers.edit, drivers.delete, vehicles.view, vehicles.create, vehicles.edit, vehicles.delete, trips.view, trips.create, trips.edit, trips.delete, dispatches.view, dispatches.create, dispatches.edit, dispatches.delete
[2026-07-29 10:58:59 WRN]
[Veteran Logistics]
[0.1.0]
[Machine: VVSPL1]
[Thread: 2]

User 'admin' with role 'Administrator' is requesting permissions.
[2026-07-29 10:58:59 WRN]
[Veteran Logistics]
[0.1.0]
[Machine: VVSPL1]
[Thread: 2]

User 'admin' with role 'Administrator' has 73 permissions.
[2026-07-29 10:58:59 WRN]
[Veteran Logistics]
[0.1.0]
[Machine: VVSPL1]
[Thread: 2]

User permissions: administration.users.view, administration.users.add, administration.users.edit, administration.users.activate, administration.users.delete, administration.roles.view, administration.roles.add, administration.roles.edit, administration.roles.activate, administration.roles.delete, administration.permissionmatrix.view, administration.permissionmatrix.manage, administration.financialyears.view, administration.financialyears.add, administration.financialyears.edit, administration.financialyears.activate, administration.financialyears.close, masters.companies.view, masters.companies.add, masters.companies.edit, masters.companies.delete, masters.customers.view, masters.customers.add, masters.customers.edit, masters.customers.delete, masters.vendors.view, masters.vendors.add, masters.vendors.edit, masters.vendors.delete, masters.sourcedestinations.view, masters.sourcedestinations.add, masters.sourcedestinations.edit, masters.sourcedestinations.delete, masters.materials.view, masters.materials.add, masters.materials.edit, masters.materials.delete, masters.fuelpumps.view, masters.fuelpumps.add, masters.fuelpumps.edit, masters.fuelpumps.delete, masters.hsdrates.view, masters.hsdrates.add, masters.hsdrates.edit, masters.hsdrates.delete, masters.paymentlocations.view, masters.paymentlocations.add, masters.paymentlocations.edit, masters.paymentlocations.delete, masters.vehicleowners.view, masters.vehicleowners.add, masters.vehicleowners.edit, masters.vehicleowners.delete, masters.vehicleassignments.view, masters.vehicleassignments.add, masters.vehicleassignments.edit, masters.vehicleassignments.delete, drivers.view, drivers.create, drivers.edit, drivers.delete, vehicles.view, vehicles.create, vehicles.edit, vehicles.delete, trips.view, trips.create, trips.edit, trips.delete, dispatches.view, dispatches.create, dispatches.edit, dispatches.delete
[2026-07-29 10:59:00 WRN]
[Veteran Logistics]
[0.1.0]
[Machine: VVSPL1]
[Thread: 2]

User 'admin' with role 'Administrator' is requesting permissions.
[2026-07-29 10:59:00 WRN]
[Veteran Logistics]
[0.1.0]
[Machine: VVSPL1]
[Thread: 2]

User 'admin' with role 'Administrator' has 73 permissions.
[2026-07-29 10:59:00 WRN]
[Veteran Logistics]
[0.1.0]
[Machine: VVSPL1]
[Thread: 2]

User permissions: administration.users.view, administration.users.add, administration.users.edit, administration.users.activate, administration.users.delete, administration.roles.view, administration.roles.add, administration.roles.edit, administration.roles.activate, administration.roles.delete, administration.permissionmatrix.view, administration.permissionmatrix.manage, administration.financialyears.view, administration.financialyears.add, administration.financialyears.edit, administration.financialyears.activate, administration.financialyears.close, masters.companies.view, masters.companies.add, masters.companies.edit, masters.companies.delete, masters.customers.view, masters.customers.add, masters.customers.edit, masters.customers.delete, masters.vendors.view, masters.vendors.add, masters.vendors.edit, masters.vendors.delete, masters.sourcedestinations.view, masters.sourcedestinations.add, masters.sourcedestinations.edit, masters.sourcedestinations.delete, masters.materials.view, masters.materials.add, masters.materials.edit, masters.materials.delete, masters.fuelpumps.view, masters.fuelpumps.add, masters.fuelpumps.edit, masters.fuelpumps.delete, masters.hsdrates.view, masters.hsdrates.add, masters.hsdrates.edit, masters.hsdrates.delete, masters.paymentlocations.view, masters.paymentlocations.add, masters.paymentlocations.edit, masters.paymentlocations.delete, masters.vehicleowners.view, masters.vehicleowners.add, masters.vehicleowners.edit, masters.vehicleowners.delete, masters.vehicleassignments.view, masters.vehicleassignments.add, masters.vehicleassignments.edit, masters.vehicleassignments.delete, drivers.view, drivers.create, drivers.edit, drivers.delete, vehicles.view, vehicles.create, vehicles.edit, vehicles.delete, trips.view, trips.create, trips.edit, trips.delete, dispatches.view, dispatches.create, dispatches.edit, dispatches.delete
[2026-07-29 10:59:00 WRN]
[Veteran Logistics]
[0.1.0]
[Machine: VVSPL1]
[Thread: 2]

User 'admin' with role 'Administrator' is requesting permissions.
[2026-07-29 10:59:00 WRN]
[Veteran Logistics]
[0.1.0]
[Machine: VVSPL1]
[Thread: 2]

User 'admin' with role 'Administrator' has 73 permissions.
[2026-07-29 10:59:00 WRN]
[Veteran Logistics]
[0.1.0]
[Machine: VVSPL1]
[Thread: 2]

User permissions: administration.users.view, administration.users.add, administration.users.edit, administration.users.activate, administration.users.delete, administration.roles.view, administration.roles.add, administration.roles.edit, administration.roles.activate, administration.roles.delete, administration.permissionmatrix.view, administration.permissionmatrix.manage, administration.financialyears.view, administration.financialyears.add, administration.financialyears.edit, administration.financialyears.activate, administration.financialyears.close, masters.companies.view, masters.companies.add, masters.companies.edit, masters.companies.delete, masters.customers.view, masters.customers.add, masters.customers.edit, masters.customers.delete, masters.vendors.view, masters.vendors.add, masters.vendors.edit, masters.vendors.delete, masters.sourcedestinations.view, masters.sourcedestinations.add, masters.sourcedestinations.edit, masters.sourcedestinations.delete, masters.materials.view, masters.materials.add, masters.materials.edit, masters.materials.delete, masters.fuelpumps.view, masters.fuelpumps.add, masters.fuelpumps.edit, masters.fuelpumps.delete, masters.hsdrates.view, masters.hsdrates.add, masters.hsdrates.edit, masters.hsdrates.delete, masters.paymentlocations.view, masters.paymentlocations.add, masters.paymentlocations.edit, masters.paymentlocations.delete, masters.vehicleowners.view, masters.vehicleowners.add, masters.vehicleowners.edit, masters.vehicleowners.delete, masters.vehicleassignments.view, masters.vehicleassignments.add, masters.vehicleassignments.edit, masters.vehicleassignments.delete, drivers.view, drivers.create, drivers.edit, drivers.delete, vehicles.view, vehicles.create, vehicles.edit, vehicles.delete, trips.view, trips.create, trips.edit, trips.delete, dispatches.view, dispatches.create, dispatches.edit, dispatches.delete
[2026-07-29 10:59:00 WRN]
[Veteran Logistics]
[0.1.0]
[Machine: VVSPL1]
[Thread: 2]

User 'admin' with role 'Administrator' is requesting permissions.
[2026-07-29 10:59:00 WRN]
[Veteran Logistics]
[0.1.0]
[Machine: VVSPL1]
[Thread: 2]

User 'admin' with role 'Administrator' has 73 permissions.
[2026-07-29 10:59:00 WRN]
[Veteran Logistics]
[0.1.0]
[Machine: VVSPL1]
[Thread: 2]

User permissions: administration.users.view, administration.users.add, administration.users.edit, administration.users.activate, administration.users.delete, administration.roles.view, administration.roles.add, administration.roles.edit, administration.roles.activate, administration.roles.delete, administration.permissionmatrix.view, administration.permissionmatrix.manage, administration.financialyears.view, administration.financialyears.add, administration.financialyears.edit, administration.financialyears.activate, administration.financialyears.close, masters.companies.view, masters.companies.add, masters.companies.edit, masters.companies.delete, masters.customers.view, masters.customers.add, masters.customers.edit, masters.customers.delete, masters.vendors.view, masters.vendors.add, masters.vendors.edit, masters.vendors.delete, masters.sourcedestinations.view, masters.sourcedestinations.add, masters.sourcedestinations.edit, masters.sourcedestinations.delete, masters.materials.view, masters.materials.add, masters.materials.edit, masters.materials.delete, masters.fuelpumps.view, masters.fuelpumps.add, masters.fuelpumps.edit, masters.fuelpumps.delete, masters.hsdrates.view, masters.hsdrates.add, masters.hsdrates.edit, masters.hsdrates.delete, masters.paymentlocations.view, masters.paymentlocations.add, masters.paymentlocations.edit, masters.paymentlocations.delete, masters.vehicleowners.view, masters.vehicleowners.add, masters.vehicleowners.edit, masters.vehicleowners.delete, masters.vehicleassignments.view, masters.vehicleassignments.add, masters.vehicleassignments.edit, masters.vehicleassignments.delete, drivers.view, drivers.create, drivers.edit, drivers.delete, vehicles.view, vehicles.create, vehicles.edit, vehicles.delete, trips.view, trips.create, trips.edit, trips.delete, dispatches.view, dispatches.create, dispatches.edit, dispatches.delete
[2026-07-29 10:59:00 WRN]
[Veteran Logistics]
[0.1.0]
[Machine: VVSPL1]
[Thread: 2]

User 'admin' with role 'Administrator' is requesting permissions.
[2026-07-29 10:59:00 WRN]
[Veteran Logistics]
[0.1.0]
[Machine: VVSPL1]
[Thread: 2]

User 'admin' with role 'Administrator' has 73 permissions.
[2026-07-29 10:59:00 WRN]
[Veteran Logistics]
[0.1.0]
[Machine: VVSPL1]
[Thread: 2]

User permissions: administration.users.view, administration.users.add, administration.users.edit, administration.users.activate, administration.users.delete, administration.roles.view, administration.roles.add, administration.roles.edit, administration.roles.activate, administration.roles.delete, administration.permissionmatrix.view, administration.permissionmatrix.manage, administration.financialyears.view, administration.financialyears.add, administration.financialyears.edit, administration.financialyears.activate, administration.financialyears.close, masters.companies.view, masters.companies.add, masters.companies.edit, masters.companies.delete, masters.customers.view, masters.customers.add, masters.customers.edit, masters.customers.delete, masters.vendors.view, masters.vendors.add, masters.vendors.edit, masters.vendors.delete, masters.sourcedestinations.view, masters.sourcedestinations.add, masters.sourcedestinations.edit, masters.sourcedestinations.delete, masters.materials.view, masters.materials.add, masters.materials.edit, masters.materials.delete, masters.fuelpumps.view, masters.fuelpumps.add, masters.fuelpumps.edit, masters.fuelpumps.delete, masters.hsdrates.view, masters.hsdrates.add, masters.hsdrates.edit, masters.hsdrates.delete, masters.paymentlocations.view, masters.paymentlocations.add, masters.paymentlocations.edit, masters.paymentlocations.delete, masters.vehicleowners.view, masters.vehicleowners.add, masters.vehicleowners.edit, masters.vehicleowners.delete, masters.vehicleassignments.view, masters.vehicleassignments.add, masters.vehicleassignments.edit, masters.vehicleassignments.delete, drivers.view, drivers.create, drivers.edit, drivers.delete, vehicles.view, vehicles.create, vehicles.edit, vehicles.delete, trips.view, trips.create, trips.edit, trips.delete, dispatches.view, dispatches.create, dispatches.edit, dispatches.delete
[2026-07-29 10:59:00 WRN]
[Veteran Logistics]
[0.1.0]
[Machine: VVSPL1]
[Thread: 2]

User 'admin' with role 'Administrator' is requesting permissions.
[2026-07-29 10:59:00 WRN]
[Veteran Logistics]
[0.1.0]
[Machine: VVSPL1]
[Thread: 2]

User 'admin' with role 'Administrator' has 73 permissions.
[2026-07-29 10:59:00 WRN]
[Veteran Logistics]
[0.1.0]
[Machine: VVSPL1]
[Thread: 2]

User permissions: administration.users.view, administration.users.add, administration.users.edit, administration.users.activate, administration.users.delete, administration.roles.view, administration.roles.add, administration.roles.edit, administration.roles.activate, administration.roles.delete, administration.permissionmatrix.view, administration.permissionmatrix.manage, administration.financialyears.view, administration.financialyears.add, administration.financialyears.edit, administration.financialyears.activate, administration.financialyears.close, masters.companies.view, masters.companies.add, masters.companies.edit, masters.companies.delete, masters.customers.view, masters.customers.add, masters.customers.edit, masters.customers.delete, masters.vendors.view, masters.vendors.add, masters.vendors.edit, masters.vendors.delete, masters.sourcedestinations.view, masters.sourcedestinations.add, masters.sourcedestinations.edit, masters.sourcedestinations.delete, masters.materials.view, masters.materials.add, masters.materials.edit, masters.materials.delete, masters.fuelpumps.view, masters.fuelpumps.add, masters.fuelpumps.edit, masters.fuelpumps.delete, masters.hsdrates.view, masters.hsdrates.add, masters.hsdrates.edit, masters.hsdrates.delete, masters.paymentlocations.view, masters.paymentlocations.add, masters.paymentlocations.edit, masters.paymentlocations.delete, masters.vehicleowners.view, masters.vehicleowners.add, masters.vehicleowners.edit, masters.vehicleowners.delete, masters.vehicleassignments.view, masters.vehicleassignments.add, masters.vehicleassignments.edit, masters.vehicleassignments.delete, drivers.view, drivers.create, drivers.edit, drivers.delete, vehicles.view, vehicles.create, vehicles.edit, vehicles.delete, trips.view, trips.create, trips.edit, trips.delete, dispatches.view, dispatches.create, dispatches.edit, dispatches.delete
[2026-07-29 10:59:00 WRN]
[Veteran Logistics]
[0.1.0]
[Machine: VVSPL1]
[Thread: 2]

User 'admin' with role 'Administrator' is requesting permissions.
[2026-07-29 10:59:00 WRN]
[Veteran Logistics]
[0.1.0]
[Machine: VVSPL1]
[Thread: 2]

User 'admin' with role 'Administrator' has 73 permissions.
[2026-07-29 10:59:00 WRN]
[Veteran Logistics]
[0.1.0]
[Machine: VVSPL1]
[Thread: 2]

User permissions: administration.users.view, administration.users.add, administration.users.edit, administration.users.activate, administration.users.delete, administration.roles.view, administration.roles.add, administration.roles.edit, administration.roles.activate, administration.roles.delete, administration.permissionmatrix.view, administration.permissionmatrix.manage, administration.financialyears.view, administration.financialyears.add, administration.financialyears.edit, administration.financialyears.activate, administration.financialyears.close, masters.companies.view, masters.companies.add, masters.companies.edit, masters.companies.delete, masters.customers.view, masters.customers.add, masters.customers.edit, masters.customers.delete, masters.vendors.view, masters.vendors.add, masters.vendors.edit, masters.vendors.delete, masters.sourcedestinations.view, masters.sourcedestinations.add, masters.sourcedestinations.edit, masters.sourcedestinations.delete, masters.materials.view, masters.materials.add, masters.materials.edit, masters.materials.delete, masters.fuelpumps.view, masters.fuelpumps.add, masters.fuelpumps.edit, masters.fuelpumps.delete, masters.hsdrates.view, masters.hsdrates.add, masters.hsdrates.edit, masters.hsdrates.delete, masters.paymentlocations.view, masters.paymentlocations.add, masters.paymentlocations.edit, masters.paymentlocations.delete, masters.vehicleowners.view, masters.vehicleowners.add, masters.vehicleowners.edit, masters.vehicleowners.delete, masters.vehicleassignments.view, masters.vehicleassignments.add, masters.vehicleassignments.edit, masters.vehicleassignments.delete, drivers.view, drivers.create, drivers.edit, drivers.delete, vehicles.view, vehicles.create, vehicles.edit, vehicles.delete, trips.view, trips.create, trips.edit, trips.delete, dispatches.view, dispatches.create, dispatches.edit, dispatches.delete
[2026-07-29 10:59:00 WRN]
[Veteran Logistics]
[0.1.0]
[Machine: VVSPL1]
[Thread: 2]

User 'admin' with role 'Administrator' is requesting permissions.
[2026-07-29 10:59:00 WRN]
[Veteran Logistics]
[0.1.0]
[Machine: VVSPL1]
[Thread: 2]

User 'admin' with role 'Administrator' has 73 permissions.
[2026-07-29 10:59:00 WRN]
[Veteran Logistics]
[0.1.0]
[Machine: VVSPL1]
[Thread: 2]

User permissions: administration.users.view, administration.users.add, administration.users.edit, administration.users.activate, administration.users.delete, administration.roles.view, administration.roles.add, administration.roles.edit, administration.roles.activate, administration.roles.delete, administration.permissionmatrix.view, administration.permissionmatrix.manage, administration.financialyears.view, administration.financialyears.add, administration.financialyears.edit, administration.financialyears.activate, administration.financialyears.close, masters.companies.view, masters.companies.add, masters.companies.edit, masters.companies.delete, masters.customers.view, masters.customers.add, masters.customers.edit, masters.customers.delete, masters.vendors.view, masters.vendors.add, masters.vendors.edit, masters.vendors.delete, masters.sourcedestinations.view, masters.sourcedestinations.add, masters.sourcedestinations.edit, masters.sourcedestinations.delete, masters.materials.view, masters.materials.add, masters.materials.edit, masters.materials.delete, masters.fuelpumps.view, masters.fuelpumps.add, masters.fuelpumps.edit, masters.fuelpumps.delete, masters.hsdrates.view, masters.hsdrates.add, masters.hsdrates.edit, masters.hsdrates.delete, masters.paymentlocations.view, masters.paymentlocations.add, masters.paymentlocations.edit, masters.paymentlocations.delete, masters.vehicleowners.view, masters.vehicleowners.add, masters.vehicleowners.edit, masters.vehicleowners.delete, masters.vehicleassignments.view, masters.vehicleassignments.add, masters.vehicleassignments.edit, masters.vehicleassignments.delete, drivers.view, drivers.create, drivers.edit, drivers.delete, vehicles.view, vehicles.create, vehicles.edit, vehicles.delete, trips.view, trips.create, trips.edit, trips.delete, dispatches.view, dispatches.create, dispatches.edit, dispatches.delete
[2026-07-29 10:59:04 WRN]
[Veteran Logistics]
[0.1.0]
[Machine: VVSPL1]
[Thread: 2]

User 'admin' with role 'Administrator' is requesting permissions.
[2026-07-29 10:59:04 WRN]
[Veteran Logistics]
[0.1.0]
[Machine: VVSPL1]
[Thread: 2]

User 'admin' with role 'Administrator' has 73 permissions.
[2026-07-29 10:59:04 WRN]
[Veteran Logistics]
[0.1.0]
[Machine: VVSPL1]
[Thread: 2]

User permissions: administration.users.view, administration.users.add, administration.users.edit, administration.users.activate, administration.users.delete, administration.roles.view, administration.roles.add, administration.roles.edit, administration.roles.activate, administration.roles.delete, administration.permissionmatrix.view, administration.permissionmatrix.manage, administration.financialyears.view, administration.financialyears.add, administration.financialyears.edit, administration.financialyears.activate, administration.financialyears.close, masters.companies.view, masters.companies.add, masters.companies.edit, masters.companies.delete, masters.customers.view, masters.customers.add, masters.customers.edit, masters.customers.delete, masters.vendors.view, masters.vendors.add, masters.vendors.edit, masters.vendors.delete, masters.sourcedestinations.view, masters.sourcedestinations.add, masters.sourcedestinations.edit, masters.sourcedestinations.delete, masters.materials.view, masters.materials.add, masters.materials.edit, masters.materials.delete, masters.fuelpumps.view, masters.fuelpumps.add, masters.fuelpumps.edit, masters.fuelpumps.delete, masters.hsdrates.view, masters.hsdrates.add, masters.hsdrates.edit, masters.hsdrates.delete, masters.paymentlocations.view, masters.paymentlocations.add, masters.paymentlocations.edit, masters.paymentlocations.delete, masters.vehicleowners.view, masters.vehicleowners.add, masters.vehicleowners.edit, masters.vehicleowners.delete, masters.vehicleassignments.view, masters.vehicleassignments.add, masters.vehicleassignments.edit, masters.vehicleassignments.delete, drivers.view, drivers.create, drivers.edit, drivers.delete, vehicles.view, vehicles.create, vehicles.edit, vehicles.delete, trips.view, trips.create, trips.edit, trips.delete, dispatches.view, dispatches.create, dispatches.edit, dispatches.delete
[2026-07-29 10:59:04 WRN]
[Veteran Logistics]
[0.1.0]
[Machine: VVSPL1]
[Thread: 2]

User 'admin' with role 'Administrator' is requesting permissions.
[2026-07-29 10:59:04 WRN]
[Veteran Logistics]
[0.1.0]
[Machine: VVSPL1]
[Thread: 2]

User 'admin' with role 'Administrator' has 73 permissions.
[2026-07-29 10:59:04 WRN]
[Veteran Logistics]
[0.1.0]
[Machine: VVSPL1]
[Thread: 2]

User permissions: administration.users.view, administration.users.add, administration.users.edit, administration.users.activate, administration.users.delete, administration.roles.view, administration.roles.add, administration.roles.edit, administration.roles.activate, administration.roles.delete, administration.permissionmatrix.view, administration.permissionmatrix.manage, administration.financialyears.view, administration.financialyears.add, administration.financialyears.edit, administration.financialyears.activate, administration.financialyears.close, masters.companies.view, masters.companies.add, masters.companies.edit, masters.companies.delete, masters.customers.view, masters.customers.add, masters.customers.edit, masters.customers.delete, masters.vendors.view, masters.vendors.add, masters.vendors.edit, masters.vendors.delete, masters.sourcedestinations.view, masters.sourcedestinations.add, masters.sourcedestinations.edit, masters.sourcedestinations.delete, masters.materials.view, masters.materials.add, masters.materials.edit, masters.materials.delete, masters.fuelpumps.view, masters.fuelpumps.add, masters.fuelpumps.edit, masters.fuelpumps.delete, masters.hsdrates.view, masters.hsdrates.add, masters.hsdrates.edit, masters.hsdrates.delete, masters.paymentlocations.view, masters.paymentlocations.add, masters.paymentlocations.edit, masters.paymentlocations.delete, masters.vehicleowners.view, masters.vehicleowners.add, masters.vehicleowners.edit, masters.vehicleowners.delete, masters.vehicleassignments.view, masters.vehicleassignments.add, masters.vehicleassignments.edit, masters.vehicleassignments.delete, drivers.view, drivers.create, drivers.edit, drivers.delete, vehicles.view, vehicles.create, vehicles.edit, vehicles.delete, trips.view, trips.create, trips.edit, trips.delete, dispatches.view, dispatches.create, dispatches.edit, dispatches.delete
[2026-07-29 10:59:04 WRN]
[Veteran Logistics]
[0.1.0]
[Machine: VVSPL1]
[Thread: 2]

User 'admin' with role 'Administrator' is requesting permissions.
[2026-07-29 10:59:04 WRN]
[Veteran Logistics]
[0.1.0]
[Machine: VVSPL1]
[Thread: 2]

User 'admin' with role 'Administrator' has 73 permissions.
[2026-07-29 10:59:04 WRN]
[Veteran Logistics]
[0.1.0]
[Machine: VVSPL1]
[Thread: 2]

User permissions: administration.users.view, administration.users.add, administration.users.edit, administration.users.activate, administration.users.delete, administration.roles.view, administration.roles.add, administration.roles.edit, administration.roles.activate, administration.roles.delete, administration.permissionmatrix.view, administration.permissionmatrix.manage, administration.financialyears.view, administration.financialyears.add, administration.financialyears.edit, administration.financialyears.activate, administration.financialyears.close, masters.companies.view, masters.companies.add, masters.companies.edit, masters.companies.delete, masters.customers.view, masters.customers.add, masters.customers.edit, masters.customers.delete, masters.vendors.view, masters.vendors.add, masters.vendors.edit, masters.vendors.delete, masters.sourcedestinations.view, masters.sourcedestinations.add, masters.sourcedestinations.edit, masters.sourcedestinations.delete, masters.materials.view, masters.materials.add, masters.materials.edit, masters.materials.delete, masters.fuelpumps.view, masters.fuelpumps.add, masters.fuelpumps.edit, masters.fuelpumps.delete, masters.hsdrates.view, masters.hsdrates.add, masters.hsdrates.edit, masters.hsdrates.delete, masters.paymentlocations.view, masters.paymentlocations.add, masters.paymentlocations.edit, masters.paymentlocations.delete, masters.vehicleowners.view, masters.vehicleowners.add, masters.vehicleowners.edit, masters.vehicleowners.delete, masters.vehicleassignments.view, masters.vehicleassignments.add, masters.vehicleassignments.edit, masters.vehicleassignments.delete, drivers.view, drivers.create, drivers.edit, drivers.delete, vehicles.view, vehicles.create, vehicles.edit, vehicles.delete, trips.view, trips.create, trips.edit, trips.delete, dispatches.view, dispatches.create, dispatches.edit, dispatches.delete
[2026-07-29 10:59:04 WRN]
[Veteran Logistics]
[0.1.0]
[Machine: VVSPL1]
[Thread: 2]

User 'admin' with role 'Administrator' is requesting permissions.
[2026-07-29 10:59:04 WRN]
[Veteran Logistics]
[0.1.0]
[Machine: VVSPL1]
[Thread: 2]

User 'admin' with role 'Administrator' has 73 permissions.
[2026-07-29 10:59:04 WRN]
[Veteran Logistics]
[0.1.0]
[Machine: VVSPL1]
[Thread: 2]

User permissions: administration.users.view, administration.users.add, administration.users.edit, administration.users.activate, administration.users.delete, administration.roles.view, administration.roles.add, administration.roles.edit, administration.roles.activate, administration.roles.delete, administration.permissionmatrix.view, administration.permissionmatrix.manage, administration.financialyears.view, administration.financialyears.add, administration.financialyears.edit, administration.financialyears.activate, administration.financialyears.close, masters.companies.view, masters.companies.add, masters.companies.edit, masters.companies.delete, masters.customers.view, masters.customers.add, masters.customers.edit, masters.customers.delete, masters.vendors.view, masters.vendors.add, masters.vendors.edit, masters.vendors.delete, masters.sourcedestinations.view, masters.sourcedestinations.add, masters.sourcedestinations.edit, masters.sourcedestinations.delete, masters.materials.view, masters.materials.add, masters.materials.edit, masters.materials.delete, masters.fuelpumps.view, masters.fuelpumps.add, masters.fuelpumps.edit, masters.fuelpumps.delete, masters.hsdrates.view, masters.hsdrates.add, masters.hsdrates.edit, masters.hsdrates.delete, masters.paymentlocations.view, masters.paymentlocations.add, masters.paymentlocations.edit, masters.paymentlocations.delete, masters.vehicleowners.view, masters.vehicleowners.add, masters.vehicleowners.edit, masters.vehicleowners.delete, masters.vehicleassignments.view, masters.vehicleassignments.add, masters.vehicleassignments.edit, masters.vehicleassignments.delete, drivers.view, drivers.create, drivers.edit, drivers.delete, vehicles.view, vehicles.create, vehicles.edit, vehicles.delete, trips.view, trips.create, trips.edit, trips.delete, dispatches.view, dispatches.create, dispatches.edit, dispatches.delete
[2026-07-29 10:59:04 WRN]
[Veteran Logistics]
[0.1.0]
[Machine: VVSPL1]
[Thread: 2]

User 'admin' with role 'Administrator' is requesting permissions.
[2026-07-29 10:59:04 WRN]
[Veteran Logistics]
[0.1.0]
[Machine: VVSPL1]
[Thread: 2]

User 'admin' with role 'Administrator' has 73 permissions.
[2026-07-29 10:59:04 WRN]
[Veteran Logistics]
[0.1.0]
[Machine: VVSPL1]
[Thread: 2]

User permissions: administration.users.view, administration.users.add, administration.users.edit, administration.users.activate, administration.users.delete, administration.roles.view, administration.roles.add, administration.roles.edit, administration.roles.activate, administration.roles.delete, administration.permissionmatrix.view, administration.permissionmatrix.manage, administration.financialyears.view, administration.financialyears.add, administration.financialyears.edit, administration.financialyears.activate, administration.financialyears.close, masters.companies.view, masters.companies.add, masters.companies.edit, masters.companies.delete, masters.customers.view, masters.customers.add, masters.customers.edit, masters.customers.delete, masters.vendors.view, masters.vendors.add, masters.vendors.edit, masters.vendors.delete, masters.sourcedestinations.view, masters.sourcedestinations.add, masters.sourcedestinations.edit, masters.sourcedestinations.delete, masters.materials.view, masters.materials.add, masters.materials.edit, masters.materials.delete, masters.fuelpumps.view, masters.fuelpumps.add, masters.fuelpumps.edit, masters.fuelpumps.delete, masters.hsdrates.view, masters.hsdrates.add, masters.hsdrates.edit, masters.hsdrates.delete, masters.paymentlocations.view, masters.paymentlocations.add, masters.paymentlocations.edit, masters.paymentlocations.delete, masters.vehicleowners.view, masters.vehicleowners.add, masters.vehicleowners.edit, masters.vehicleowners.delete, masters.vehicleassignments.view, masters.vehicleassignments.add, masters.vehicleassignments.edit, masters.vehicleassignments.delete, drivers.view, drivers.create, drivers.edit, drivers.delete, vehicles.view, vehicles.create, vehicles.edit, vehicles.delete, trips.view, trips.create, trips.edit, trips.delete, dispatches.view, dispatches.create, dispatches.edit, dispatches.delete
[2026-07-29 10:59:04 WRN]
[Veteran Logistics]
[0.1.0]
[Machine: VVSPL1]
[Thread: 2]

User 'admin' with role 'Administrator' is requesting permissions.
[2026-07-29 10:59:04 WRN]
[Veteran Logistics]
[0.1.0]
[Machine: VVSPL1]
[Thread: 2]

User 'admin' with role 'Administrator' has 73 permissions.
[2026-07-29 10:59:04 WRN]
[Veteran Logistics]
[0.1.0]
[Machine: VVSPL1]
[Thread: 2]

User permissions: administration.users.view, administration.users.add, administration.users.edit, administration.users.activate, administration.users.delete, administration.roles.view, administration.roles.add, administration.roles.edit, administration.roles.activate, administration.roles.delete, administration.permissionmatrix.view, administration.permissionmatrix.manage, administration.financialyears.view, administration.financialyears.add, administration.financialyears.edit, administration.financialyears.activate, administration.financialyears.close, masters.companies.view, masters.companies.add, masters.companies.edit, masters.companies.delete, masters.customers.view, masters.customers.add, masters.customers.edit, masters.customers.delete, masters.vendors.view, masters.vendors.add, masters.vendors.edit, masters.vendors.delete, masters.sourcedestinations.view, masters.sourcedestinations.add, masters.sourcedestinations.edit, masters.sourcedestinations.delete, masters.materials.view, masters.materials.add, masters.materials.edit, masters.materials.delete, masters.fuelpumps.view, masters.fuelpumps.add, masters.fuelpumps.edit, masters.fuelpumps.delete, masters.hsdrates.view, masters.hsdrates.add, masters.hsdrates.edit, masters.hsdrates.delete, masters.paymentlocations.view, masters.paymentlocations.add, masters.paymentlocations.edit, masters.paymentlocations.delete, masters.vehicleowners.view, masters.vehicleowners.add, masters.vehicleowners.edit, masters.vehicleowners.delete, masters.vehicleassignments.view, masters.vehicleassignments.add, masters.vehicleassignments.edit, masters.vehicleassignments.delete, drivers.view, drivers.create, drivers.edit, drivers.delete, vehicles.view, vehicles.create, vehicles.edit, vehicles.delete, trips.view, trips.create, trips.edit, trips.delete, dispatches.view, dispatches.create, dispatches.edit, dispatches.delete
[2026-07-29 10:59:04 WRN]
[Veteran Logistics]
[0.1.0]
[Machine: VVSPL1]
[Thread: 2]

User 'admin' with role 'Administrator' is requesting permissions.
[2026-07-29 10:59:04 WRN]
[Veteran Logistics]
[0.1.0]
[Machine: VVSPL1]
[Thread: 2]

User 'admin' with role 'Administrator' has 73 permissions.
[2026-07-29 10:59:04 WRN]
[Veteran Logistics]
[0.1.0]
[Machine: VVSPL1]
[Thread: 2]

User permissions: administration.users.view, administration.users.add, administration.users.edit, administration.users.activate, administration.users.delete, administration.roles.view, administration.roles.add, administration.roles.edit, administration.roles.activate, administration.roles.delete, administration.permissionmatrix.view, administration.permissionmatrix.manage, administration.financialyears.view, administration.financialyears.add, administration.financialyears.edit, administration.financialyears.activate, administration.financialyears.close, masters.companies.view, masters.companies.add, masters.companies.edit, masters.companies.delete, masters.customers.view, masters.customers.add, masters.customers.edit, masters.customers.delete, masters.vendors.view, masters.vendors.add, masters.vendors.edit, masters.vendors.delete, masters.sourcedestinations.view, masters.sourcedestinations.add, masters.sourcedestinations.edit, masters.sourcedestinations.delete, masters.materials.view, masters.materials.add, masters.materials.edit, masters.materials.delete, masters.fuelpumps.view, masters.fuelpumps.add, masters.fuelpumps.edit, masters.fuelpumps.delete, masters.hsdrates.view, masters.hsdrates.add, masters.hsdrates.edit, masters.hsdrates.delete, masters.paymentlocations.view, masters.paymentlocations.add, masters.paymentlocations.edit, masters.paymentlocations.delete, masters.vehicleowners.view, masters.vehicleowners.add, masters.vehicleowners.edit, masters.vehicleowners.delete, masters.vehicleassignments.view, masters.vehicleassignments.add, masters.vehicleassignments.edit, masters.vehicleassignments.delete, drivers.view, drivers.create, drivers.edit, drivers.delete, vehicles.view, vehicles.create, vehicles.edit, vehicles.delete, trips.view, trips.create, trips.edit, trips.delete, dispatches.view, dispatches.create, dispatches.edit, dispatches.delete
[2026-07-29 11:09:10 WRN]
[Veteran Logistics]
[0.1.0]
[Machine: VVSPL1]
[Thread: 2]

Unloading register not found for challan number 'CH2026000002'
[2026-07-29 11:09:16 WRN]
[Veteran Logistics]
[0.1.0]
[Machine: VVSPL1]
[Thread: 2]

Payment register already exists for challan number 'CH2026000001'
[2026-07-29 11:09:20 WRN]
[Veteran Logistics]
[0.1.0]
[Machine: VVSPL1]
[Thread: 2]

Unloading register not found for challan number 'CH2026000002'
[2026-07-29 11:09:20 WRN]
[Veteran Logistics]
[0.1.0]
[Machine: VVSPL1]
[Thread: 2]

Unloading register not found for challan number 'CH2026000002'
[2026-07-29 11:09:20 WRN]
[Veteran Logistics]
[0.1.0]
[Machine: VVSPL1]
[Thread: 2]

Unloading register not found for challan number 'CH2026000002'
[2026-07-29 11:09:21 WRN]
[Veteran Logistics]
[0.1.0]
[Machine: VVSPL1]
[Thread: 2]

Unloading register not found for challan number 'CH2026000002'
[2026-07-29 11:09:21 WRN]
[Veteran Logistics]
[0.1.0]
[Machine: VVSPL1]
[Thread: 2]

Unloading register not found for challan number 'CH2026000002'
[2026-07-29 11:09:21 WRN]
[Veteran Logistics]
[0.1.0]
[Machine: VVSPL1]
[Thread: 2]

Unloading register not found for challan number 'CH2026000002'
[2026-07-29 11:20:25 INF]
[Veteran Logistics]
[0.1.0]
[Machine: VVSPL1]
[Thread: 2]

Payment register 'CH2026000001' created successfully with ID 2
[2026-07-29 11:29:08 INF]
[Veteran Logistics]
[0.1.0]
[Machine: VVSPL1]
[Thread: 2]

Retrieved 3 payment locations
[2026-07-29 11:43:39 INF]
[Veteran Logistics]
[0.1.0]
[Machine: VVSPL1]
[Thread: 2]

Retrieved 3 payment locations
[2026-07-29 11:44:17 INF]
[Veteran Logistics]
[0.1.0]
[Machine: VVSPL1]
[Thread: 2]

Payment register 'CH2026000001' created successfully with ID 3
[2026-07-29 11:44:21 FTL]
[Veteran Logistics]
[0.1.0]
[Machine: VVSPL1]
[Thread: 2]

An unhandled exception occurred on the UI thread.
System.InvalidOperationException: A TwoWay or OneWayToSource binding cannot work on the read-only property 'PaymentStatus' of type 'veteran_logistic.Transactions.PaymentRegisters.ViewModels.EditPaymentRegisterViewModel'.
   at MS.Internal.Data.PropertyPathWorker.CheckReadOnly(Object item, Object info)
   at MS.Internal.Data.PropertyPathWorker.ReplaceItem(Int32 k, Object newO, Object parent)
   at System.Windows.Data.BindingExpression.Activate(Object item)
   at System.Windows.Data.BindingExpression.AttachToContext(AttachAttempt attempt)
   at MS.Internal.Data.DataBindEngine.Task.Run(Boolean lastChance)
   at MS.Internal.Data.DataBindEngine.Run(Object arg)
   at MS.Internal.Data.DataBindEngine.OnLayoutUpdated(Object sender, EventArgs e)
   at System.Windows.ContextLayoutManager.fireLayoutUpdateEvent()
   at System.Windows.ContextLayoutManager.UpdateLayout()
   at System.Windows.ContextLayoutManager.UpdateLayoutCallback(Object arg)
   at System.Windows.Media.MediaContext.FireInvokeOnRenderCallbacks()
   at System.Windows.Media.MediaContext.RenderMessageHandlerCore(Object resizedCompositionTarget)
   at System.Windows.Media.MediaContext.RenderMessageHandler(Object resizedCompositionTarget)
   at System.Windows.Threading.ExceptionWrapper.InternalRealCall(Delegate callback, Object args, Int32 numArgs)
   at System.Windows.Threading.ExceptionWrapper.TryCatchWhen(Object source, Delegate callback, Object args, Int32 numArgs, Delegate catchHandler)
[2026-07-29 11:44:21 INF]
[Veteran Logistics]
[0.1.0]
[Machine: VVSPL1]
[Thread: 2]

Retrieved 3 payment locations
[2026-07-29 11:44:46 FTL]
[Veteran Logistics]
[0.1.0]
[Machine: VVSPL1]
[Thread: 2]

An unhandled exception occurred on the UI thread.
System.InvalidOperationException: A TwoWay or OneWayToSource binding cannot work on the read-only property 'PaymentStatus' of type 'veteran_logistic.Transactions.PaymentRegisters.ViewModels.EditPaymentRegisterViewModel'.
   at MS.Internal.Data.PropertyPathWorker.CheckReadOnly(Object item, Object info)
   at MS.Internal.Data.PropertyPathWorker.ReplaceItem(Int32 k, Object newO, Object parent)
   at System.Windows.Data.BindingExpression.Activate(Object item)
   at System.Windows.Data.BindingExpression.AttachToContext(AttachAttempt attempt)
   at MS.Internal.Data.DataBindEngine.Task.Run(Boolean lastChance)
   at MS.Internal.Data.DataBindEngine.Run(Object arg)
   at MS.Internal.Data.DataBindEngine.OnLayoutUpdated(Object sender, EventArgs e)
   at System.Windows.ContextLayoutManager.fireLayoutUpdateEvent()
   at System.Windows.ContextLayoutManager.UpdateLayout()
   at System.Windows.ContextLayoutManager.UpdateLayoutCallback(Object arg)
   at System.Windows.Media.MediaContext.FireInvokeOnRenderCallbacks()
   at System.Windows.Media.MediaContext.RenderMessageHandlerCore(Object resizedCompositionTarget)
   at System.Windows.Media.MediaContext.RenderMessageHandler(Object resizedCompositionTarget)
   at System.Windows.Threading.ExceptionWrapper.InternalRealCall(Delegate callback, Object args, Int32 numArgs)
   at System.Windows.Threading.ExceptionWrapper.TryCatchWhen(Object source, Delegate callback, Object args, Int32 numArgs, Delegate catchHandler)
[2026-07-29 11:44:46 INF]
[Veteran Logistics]
[0.1.0]
[Machine: VVSPL1]
[Thread: 2]

Retrieved 3 payment locations
[2026-07-29 12:07:30 INF]
[Veteran Logistics]
[0.1.0]
[Machine: VVSPL1]
[Thread: 2]

Retrieved 3 payment locations
[2026-07-29 12:08:18 INF]
[Veteran Logistics]
[0.1.0]
[Machine: VVSPL1]
[Thread: 2]

Payment register 'CH2026000001' created successfully with ID 4
[2026-07-29 12:08:35 FTL]
[Veteran Logistics]
[0.1.0]
[Machine: VVSPL1]
[Thread: 2]

An unhandled exception occurred on the UI thread.
System.InvalidOperationException: A TwoWay or OneWayToSource binding cannot work on the read-only property 'PaymentStatus' of type 'veteran_logistic.Transactions.PaymentRegisters.ViewModels.EditPaymentRegisterViewModel'.
   at MS.Internal.Data.PropertyPathWorker.CheckReadOnly(Object item, Object info)
   at MS.Internal.Data.PropertyPathWorker.ReplaceItem(Int32 k, Object newO, Object parent)
   at System.Windows.Data.BindingExpression.Activate(Object item)
   at System.Windows.Data.BindingExpression.AttachToContext(AttachAttempt attempt)
   at MS.Internal.Data.DataBindEngine.Task.Run(Boolean lastChance)
   at MS.Internal.Data.DataBindEngine.Run(Object arg)
   at MS.Internal.Data.DataBindEngine.OnLayoutUpdated(Object sender, EventArgs e)
   at System.Windows.ContextLayoutManager.fireLayoutUpdateEvent()
   at System.Windows.ContextLayoutManager.UpdateLayout()
   at System.Windows.ContextLayoutManager.UpdateLayoutCallback(Object arg)
   at System.Windows.Media.MediaContext.FireInvokeOnRenderCallbacks()
   at System.Windows.Media.MediaContext.RenderMessageHandlerCore(Object resizedCompositionTarget)
   at System.Windows.Media.MediaContext.RenderMessageHandler(Object resizedCompositionTarget)
   at System.Windows.Threading.ExceptionWrapper.InternalRealCall(Delegate callback, Object args, Int32 numArgs)
   at System.Windows.Threading.ExceptionWrapper.TryCatchWhen(Object source, Delegate callback, Object args, Int32 numArgs, Delegate catchHandler)
[2026-07-29 12:08:35 INF]
[Veteran Logistics]
[0.1.0]
[Machine: VVSPL1]
[Thread: 2]

Retrieved 3 payment locations
[2026-07-29 13:00:48 WRN]
[Veteran Logistics]
[0.1.0]
[Machine: VVSPL1]
[Thread: 2]

User 'admin' with role 'Administrator' is requesting permissions.
[2026-07-29 13:00:48 WRN]
[Veteran Logistics]
[0.1.0]
[Machine: VVSPL1]
[Thread: 2]

User 'admin' with role 'Administrator' has 73 permissions.
[2026-07-29 13:00:48 WRN]
[Veteran Logistics]
[0.1.0]
[Machine: VVSPL1]
[Thread: 2]

User permissions: administration.users.view, administration.users.add, administration.users.edit, administration.users.activate, administration.users.delete, administration.roles.view, administration.roles.add, administration.roles.edit, administration.roles.activate, administration.roles.delete, administration.permissionmatrix.view, administration.permissionmatrix.manage, administration.financialyears.view, administration.financialyears.add, administration.financialyears.edit, administration.financialyears.activate, administration.financialyears.close, masters.companies.view, masters.companies.add, masters.companies.edit, masters.companies.delete, masters.customers.view, masters.customers.add, masters.customers.edit, masters.customers.delete, masters.vendors.view, masters.vendors.add, masters.vendors.edit, masters.vendors.delete, masters.sourcedestinations.view, masters.sourcedestinations.add, masters.sourcedestinations.edit, masters.sourcedestinations.delete, masters.materials.view, masters.materials.add, masters.materials.edit, masters.materials.delete, masters.fuelpumps.view, masters.fuelpumps.add, masters.fuelpumps.edit, masters.fuelpumps.delete, masters.hsdrates.view, masters.hsdrates.add, masters.hsdrates.edit, masters.hsdrates.delete, masters.paymentlocations.view, masters.paymentlocations.add, masters.paymentlocations.edit, masters.paymentlocations.delete, masters.vehicleowners.view, masters.vehicleowners.add, masters.vehicleowners.edit, masters.vehicleowners.delete, masters.vehicleassignments.view, masters.vehicleassignments.add, masters.vehicleassignments.edit, masters.vehicleassignments.delete, drivers.view, drivers.create, drivers.edit, drivers.delete, vehicles.view, vehicles.create, vehicles.edit, vehicles.delete, trips.view, trips.create, trips.edit, trips.delete, dispatches.view, dispatches.create, dispatches.edit, dispatches.delete
[2026-07-29 13:00:48 WRN]
[Veteran Logistics]
[0.1.0]
[Machine: VVSPL1]
[Thread: 2]

User 'admin' with role 'Administrator' is requesting permissions.
[2026-07-29 13:00:48 WRN]
[Veteran Logistics]
[0.1.0]
[Machine: VVSPL1]
[Thread: 2]

User 'admin' with role 'Administrator' has 73 permissions.
[2026-07-29 13:00:48 WRN]
[Veteran Logistics]
[0.1.0]
[Machine: VVSPL1]
[Thread: 2]

User permissions: administration.users.view, administration.users.add, administration.users.edit, administration.users.activate, administration.users.delete, administration.roles.view, administration.roles.add, administration.roles.edit, administration.roles.activate, administration.roles.delete, administration.permissionmatrix.view, administration.permissionmatrix.manage, administration.financialyears.view, administration.financialyears.add, administration.financialyears.edit, administration.financialyears.activate, administration.financialyears.close, masters.companies.view, masters.companies.add, masters.companies.edit, masters.companies.delete, masters.customers.view, masters.customers.add, masters.customers.edit, masters.customers.delete, masters.vendors.view, masters.vendors.add, masters.vendors.edit, masters.vendors.delete, masters.sourcedestinations.view, masters.sourcedestinations.add, masters.sourcedestinations.edit, masters.sourcedestinations.delete, masters.materials.view, masters.materials.add, masters.materials.edit, masters.materials.delete, masters.fuelpumps.view, masters.fuelpumps.add, masters.fuelpumps.edit, masters.fuelpumps.delete, masters.hsdrates.view, masters.hsdrates.add, masters.hsdrates.edit, masters.hsdrates.delete, masters.paymentlocations.view, masters.paymentlocations.add, masters.paymentlocations.edit, masters.paymentlocations.delete, masters.vehicleowners.view, masters.vehicleowners.add, masters.vehicleowners.edit, masters.vehicleowners.delete, masters.vehicleassignments.view, masters.vehicleassignments.add, masters.vehicleassignments.edit, masters.vehicleassignments.delete, drivers.view, drivers.create, drivers.edit, drivers.delete, vehicles.view, vehicles.create, vehicles.edit, vehicles.delete, trips.view, trips.create, trips.edit, trips.delete, dispatches.view, dispatches.create, dispatches.edit, dispatches.delete
[2026-07-29 13:00:48 WRN]
[Veteran Logistics]
[0.1.0]
[Machine: VVSPL1]
[Thread: 2]

User 'admin' with role 'Administrator' is requesting permissions.
[2026-07-29 13:00:48 WRN]
[Veteran Logistics]
[0.1.0]
[Machine: VVSPL1]
[Thread: 2]

User 'admin' with role 'Administrator' has 73 permissions.
[2026-07-29 13:00:48 WRN]
[Veteran Logistics]
[0.1.0]
[Machine: VVSPL1]
[Thread: 2]

User permissions: administration.users.view, administration.users.add, administration.users.edit, administration.users.activate, administration.users.delete, administration.roles.view, administration.roles.add, administration.roles.edit, administration.roles.activate, administration.roles.delete, administration.permissionmatrix.view, administration.permissionmatrix.manage, administration.financialyears.view, administration.financialyears.add, administration.financialyears.edit, administration.financialyears.activate, administration.financialyears.close, masters.companies.view, masters.companies.add, masters.companies.edit, masters.companies.delete, masters.customers.view, masters.customers.add, masters.customers.edit, masters.customers.delete, masters.vendors.view, masters.vendors.add, masters.vendors.edit, masters.vendors.delete, masters.sourcedestinations.view, masters.sourcedestinations.add, masters.sourcedestinations.edit, masters.sourcedestinations.delete, masters.materials.view, masters.materials.add, masters.materials.edit, masters.materials.delete, masters.fuelpumps.view, masters.fuelpumps.add, masters.fuelpumps.edit, masters.fuelpumps.delete, masters.hsdrates.view, masters.hsdrates.add, masters.hsdrates.edit, masters.hsdrates.delete, masters.paymentlocations.view, masters.paymentlocations.add, masters.paymentlocations.edit, masters.paymentlocations.delete, masters.vehicleowners.view, masters.vehicleowners.add, masters.vehicleowners.edit, masters.vehicleowners.delete, masters.vehicleassignments.view, masters.vehicleassignments.add, masters.vehicleassignments.edit, masters.vehicleassignments.delete, drivers.view, drivers.create, drivers.edit, drivers.delete, vehicles.view, vehicles.create, vehicles.edit, vehicles.delete, trips.view, trips.create, trips.edit, trips.delete, dispatches.view, dispatches.create, dispatches.edit, dispatches.delete
[2026-07-29 13:00:48 WRN]
[Veteran Logistics]
[0.1.0]
[Machine: VVSPL1]
[Thread: 2]

User 'admin' with role 'Administrator' is requesting permissions.
[2026-07-29 13:00:48 WRN]
[Veteran Logistics]
[0.1.0]
[Machine: VVSPL1]
[Thread: 2]

User 'admin' with role 'Administrator' has 73 permissions.
[2026-07-29 13:00:48 WRN]
[Veteran Logistics]
[0.1.0]
[Machine: VVSPL1]
[Thread: 2]

User permissions: administration.users.view, administration.users.add, administration.users.edit, administration.users.activate, administration.users.delete, administration.roles.view, administration.roles.add, administration.roles.edit, administration.roles.activate, administration.roles.delete, administration.permissionmatrix.view, administration.permissionmatrix.manage, administration.financialyears.view, administration.financialyears.add, administration.financialyears.edit, administration.financialyears.activate, administration.financialyears.close, masters.companies.view, masters.companies.add, masters.companies.edit, masters.companies.delete, masters.customers.view, masters.customers.add, masters.customers.edit, masters.customers.delete, masters.vendors.view, masters.vendors.add, masters.vendors.edit, masters.vendors.delete, masters.sourcedestinations.view, masters.sourcedestinations.add, masters.sourcedestinations.edit, masters.sourcedestinations.delete, masters.materials.view, masters.materials.add, masters.materials.edit, masters.materials.delete, masters.fuelpumps.view, masters.fuelpumps.add, masters.fuelpumps.edit, masters.fuelpumps.delete, masters.hsdrates.view, masters.hsdrates.add, masters.hsdrates.edit, masters.hsdrates.delete, masters.paymentlocations.view, masters.paymentlocations.add, masters.paymentlocations.edit, masters.paymentlocations.delete, masters.vehicleowners.view, masters.vehicleowners.add, masters.vehicleowners.edit, masters.vehicleowners.delete, masters.vehicleassignments.view, masters.vehicleassignments.add, masters.vehicleassignments.edit, masters.vehicleassignments.delete, drivers.view, drivers.create, drivers.edit, drivers.delete, vehicles.view, vehicles.create, vehicles.edit, vehicles.delete, trips.view, trips.create, trips.edit, trips.delete, dispatches.view, dispatches.create, dispatches.edit, dispatches.delete
[2026-07-29 13:00:49 WRN]
[Veteran Logistics]
[0.1.0]
[Machine: VVSPL1]
[Thread: 2]

User 'admin' with role 'Administrator' is requesting permissions.
[2026-07-29 13:00:49 WRN]
[Veteran Logistics]
[0.1.0]
[Machine: VVSPL1]
[Thread: 2]

User 'admin' with role 'Administrator' has 73 permissions.
[2026-07-29 13:00:49 WRN]
[Veteran Logistics]
[0.1.0]
[Machine: VVSPL1]
[Thread: 2]

User permissions: administration.users.view, administration.users.add, administration.users.edit, administration.users.activate, administration.users.delete, administration.roles.view, administration.roles.add, administration.roles.edit, administration.roles.activate, administration.roles.delete, administration.permissionmatrix.view, administration.permissionmatrix.manage, administration.financialyears.view, administration.financialyears.add, administration.financialyears.edit, administration.financialyears.activate, administration.financialyears.close, masters.companies.view, masters.companies.add, masters.companies.edit, masters.companies.delete, masters.customers.view, masters.customers.add, masters.customers.edit, masters.customers.delete, masters.vendors.view, masters.vendors.add, masters.vendors.edit, masters.vendors.delete, masters.sourcedestinations.view, masters.sourcedestinations.add, masters.sourcedestinations.edit, masters.sourcedestinations.delete, masters.materials.view, masters.materials.add, masters.materials.edit, masters.materials.delete, masters.fuelpumps.view, masters.fuelpumps.add, masters.fuelpumps.edit, masters.fuelpumps.delete, masters.hsdrates.view, masters.hsdrates.add, masters.hsdrates.edit, masters.hsdrates.delete, masters.paymentlocations.view, masters.paymentlocations.add, masters.paymentlocations.edit, masters.paymentlocations.delete, masters.vehicleowners.view, masters.vehicleowners.add, masters.vehicleowners.edit, masters.vehicleowners.delete, masters.vehicleassignments.view, masters.vehicleassignments.add, masters.vehicleassignments.edit, masters.vehicleassignments.delete, drivers.view, drivers.create, drivers.edit, drivers.delete, vehicles.view, vehicles.create, vehicles.edit, vehicles.delete, trips.view, trips.create, trips.edit, trips.delete, dispatches.view, dispatches.create, dispatches.edit, dispatches.delete
[2026-07-29 16:47:00 INF]
[Veteran Logistics]
[0.1.0]
[Machine: VVSPL1]
[Thread: 2]

Retrieving all party bill registers
[2026-07-29 16:47:00 ERR]
[Veteran Logistics]
[0.1.0]
[Machine: VVSPL1]
[Thread: 2]

Failed executing DbCommand (8ms) [Parameters=[], CommandType='"Text"', CommandTimeout='30']
SELECT [p].[Id], [p].[BillNumber], [p].[BillDate], [t].[CustomerName] AS [PartyName], [p].[ThirdPartyName], [p].[PermitNumber], [p].[GrandTotal], [p].[IsActive]
FROM [PartyBillRegisters] AS [p]
INNER JOIN (
    SELECT [c].[Id], [c].[CustomerName]
    FROM [Customers] AS [c]
    WHERE [c].[IsDeleted] = CAST(0 AS bit)
) AS [t] ON [p].[PartyId] = [t].[Id]
WHERE [p].[IsDeleted] = CAST(0 AS bit)
ORDER BY [p].[BillDate] DESC, [p].[CreatedOn] DESC
[2026-07-29 16:47:00 ERR]
[Veteran Logistics]
[0.1.0]
[Machine: VVSPL1]
[Thread: 2]

An exception occurred while iterating over the results of a query for context type 'VeteranLogistics.Data.Context.VeteranLogisticsDbContext'.
Microsoft.Data.SqlClient.SqlException (0x80131904): Invalid object name 'PartyBillRegisters'.
   at Microsoft.Data.SqlClient.SqlCommand.<>c.<ExecuteDbDataReaderAsync>b__211_0(Task`1 result)
   at System.Threading.Tasks.ContinuationResultTaskFromResultTask`2.InnerInvoke()
   at System.Threading.ExecutionContext.RunInternal(ExecutionContext executionContext, ContextCallback callback, Object state)
--- End of stack trace from previous location ---
   at System.Threading.ExecutionContext.RunInternal(ExecutionContext executionContext, ContextCallback callback, Object state)
   at System.Threading.Tasks.Task.ExecuteWithThreadLocal(Task& currentTaskSlot, Thread threadPoolThread)
--- End of stack trace from previous location ---
   at Microsoft.EntityFrameworkCore.Storage.RelationalCommand.ExecuteReaderAsync(RelationalCommandParameterObject parameterObject, CancellationToken cancellationToken)
   at Microsoft.EntityFrameworkCore.Storage.RelationalCommand.ExecuteReaderAsync(RelationalCommandParameterObject parameterObject, CancellationToken cancellationToken)
   at Microsoft.EntityFrameworkCore.Query.Internal.SingleQueryingEnumerable`1.AsyncEnumerator.InitializeReaderAsync(AsyncEnumerator enumerator, CancellationToken cancellationToken)
   at Microsoft.EntityFrameworkCore.Storage.ExecutionStrategy.<>c__DisplayClass30_0`2.<<ExecuteAsync>b__0>d.MoveNext()
--- End of stack trace from previous location ---
   at Microsoft.EntityFrameworkCore.Storage.ExecutionStrategy.ExecuteImplementationAsync[TState,TResult](Func`4 operation, Func`4 verifySucceeded, TState state, CancellationToken cancellationToken)
   at Microsoft.EntityFrameworkCore.Storage.ExecutionStrategy.ExecuteImplementationAsync[TState,TResult](Func`4 operation, Func`4 verifySucceeded, TState state, CancellationToken cancellationToken)
   at Microsoft.EntityFrameworkCore.Storage.ExecutionStrategy.ExecuteAsync[TState,TResult](TState state, Func`4 operation, Func`4 verifySucceeded, CancellationToken cancellationToken)
   at Microsoft.EntityFrameworkCore.Query.Internal.SingleQueryingEnumerable`1.AsyncEnumerator.MoveNextAsync()
ClientConnectionId:3a5c3fa4-2776-49ba-83d7-d80f190194c9
Error Number:208,State:1,Class:16
Microsoft.Data.SqlClient.SqlException (0x80131904): Invalid object name 'PartyBillRegisters'.
   at Microsoft.Data.SqlClient.SqlCommand.<>c.<ExecuteDbDataReaderAsync>b__211_0(Task`1 result)
   at System.Threading.Tasks.ContinuationResultTaskFromResultTask`2.InnerInvoke()
   at System.Threading.ExecutionContext.RunInternal(ExecutionContext executionContext, ContextCallback callback, Object state)
--- End of stack trace from previous location ---
   at System.Threading.ExecutionContext.RunInternal(ExecutionContext executionContext, ContextCallback callback, Object state)
   at System.Threading.Tasks.Task.ExecuteWithThreadLocal(Task& currentTaskSlot, Thread threadPoolThread)
--- End of stack trace from previous location ---
   at Microsoft.EntityFrameworkCore.Storage.RelationalCommand.ExecuteReaderAsync(RelationalCommandParameterObject parameterObject, CancellationToken cancellationToken)
   at Microsoft.EntityFrameworkCore.Storage.RelationalCommand.ExecuteReaderAsync(RelationalCommandParameterObject parameterObject, CancellationToken cancellationToken)
   at Microsoft.EntityFrameworkCore.Query.Internal.SingleQueryingEnumerable`1.AsyncEnumerator.InitializeReaderAsync(AsyncEnumerator enumerator, CancellationToken cancellationToken)
   at Microsoft.EntityFrameworkCore.Storage.ExecutionStrategy.<>c__DisplayClass30_0`2.<<ExecuteAsync>b__0>d.MoveNext()
--- End of stack trace from previous location ---
   at Microsoft.EntityFrameworkCore.Storage.ExecutionStrategy.ExecuteImplementationAsync[TState,TResult](Func`4 operation, Func`4 verifySucceeded, TState state, CancellationToken cancellationToken)
   at Microsoft.EntityFrameworkCore.Storage.ExecutionStrategy.ExecuteImplementationAsync[TState,TResult](Func`4 operation, Func`4 verifySucceeded, TState state, CancellationToken cancellationToken)
   at Microsoft.EntityFrameworkCore.Storage.ExecutionStrategy.ExecuteAsync[TState,TResult](TState state, Func`4 operation, Func`4 verifySucceeded, CancellationToken cancellationToken)
   at Microsoft.EntityFrameworkCore.Query.Internal.SingleQueryingEnumerable`1.AsyncEnumerator.MoveNextAsync()
   at Microsoft.EntityFrameworkCore.EntityFrameworkQueryableExtensions.ToListAsync[TSource](IQueryable`1 source, CancellationToken cancellationToken)
ClientConnectionId:3a5c3fa4-2776-49ba-83d7-d80f190194c9
Error Number:208,State:1,Class:16
[2026-07-29 16:47:02 INF]
[Veteran Logistics]
[0.1.0]
[Machine: VVSPL1]
[Thread: 2]

Retrieving all party bill registers
[2026-07-29 16:47:02 ERR]
[Veteran Logistics]
[0.1.0]
[Machine: VVSPL1]
[Thread: 2]

Failed executing DbCommand (2ms) [Parameters=[], CommandType='"Text"', CommandTimeout='30']
SELECT [p].[Id], [p].[BillNumber], [p].[BillDate], [t].[CustomerName] AS [PartyName], [p].[ThirdPartyName], [p].[PermitNumber], [p].[GrandTotal], [p].[IsActive]
FROM [PartyBillRegisters] AS [p]
INNER JOIN (
    SELECT [c].[Id], [c].[CustomerName]
    FROM [Customers] AS [c]
    WHERE [c].[IsDeleted] = CAST(0 AS bit)
) AS [t] ON [p].[PartyId] = [t].[Id]
WHERE [p].[IsDeleted] = CAST(0 AS bit)
ORDER BY [p].[BillDate] DESC, [p].[CreatedOn] DESC
[2026-07-29 16:47:46 INF]
[Veteran Logistics]
[0.1.0]
[Machine: VVSPL1]
[Thread: 2]

Retrieving all party bill registers
[2026-07-29 16:47:46 ERR]
[Veteran Logistics]
[0.1.0]
[Machine: VVSPL1]
[Thread: 2]

Failed executing DbCommand (4ms) [Parameters=[], CommandType='"Text"', CommandTimeout='30']
SELECT [p].[Id], [p].[BillNumber], [p].[BillDate], [t].[CustomerName] AS [PartyName], [p].[ThirdPartyName], [p].[PermitNumber], [p].[GrandTotal], [p].[IsActive]
FROM [PartyBillRegisters] AS [p]
INNER JOIN (
    SELECT [c].[Id], [c].[CustomerName]
    FROM [Customers] AS [c]
    WHERE [c].[IsDeleted] = CAST(0 AS bit)
) AS [t] ON [p].[PartyId] = [t].[Id]
WHERE [p].[IsDeleted] = CAST(0 AS bit)
ORDER BY [p].[BillDate] DESC, [p].[CreatedOn] DESC
[2026-07-29 16:47:46 ERR]
[Veteran Logistics]
[0.1.0]
[Machine: VVSPL1]
[Thread: 2]

An exception occurred while iterating over the results of a query for context type 'VeteranLogistics.Data.Context.VeteranLogisticsDbContext'.
Microsoft.Data.SqlClient.SqlException (0x80131904): Invalid object name 'PartyBillRegisters'.
   at Microsoft.Data.SqlClient.SqlCommand.<>c.<ExecuteDbDataReaderAsync>b__211_0(Task`1 result)
   at System.Threading.Tasks.ContinuationResultTaskFromResultTask`2.InnerInvoke()
   at System.Threading.ExecutionContext.RunInternal(ExecutionContext executionContext, ContextCallback callback, Object state)
--- End of stack trace from previous location ---
   at System.Threading.ExecutionContext.RunInternal(ExecutionContext executionContext, ContextCallback callback, Object state)
   at System.Threading.Tasks.Task.ExecuteWithThreadLocal(Task& currentTaskSlot, Thread threadPoolThread)
--- End of stack trace from previous location ---
   at Microsoft.EntityFrameworkCore.Storage.RelationalCommand.ExecuteReaderAsync(RelationalCommandParameterObject parameterObject, CancellationToken cancellationToken)
   at Microsoft.EntityFrameworkCore.Storage.RelationalCommand.ExecuteReaderAsync(RelationalCommandParameterObject parameterObject, CancellationToken cancellationToken)
   at Microsoft.EntityFrameworkCore.Query.Internal.SingleQueryingEnumerable`1.AsyncEnumerator.InitializeReaderAsync(AsyncEnumerator enumerator, CancellationToken cancellationToken)
   at Microsoft.EntityFrameworkCore.Storage.ExecutionStrategy.<>c__DisplayClass30_0`2.<<ExecuteAsync>b__0>d.MoveNext()
--- End of stack trace from previous location ---
   at Microsoft.EntityFrameworkCore.Storage.ExecutionStrategy.ExecuteImplementationAsync[TState,TResult](Func`4 operation, Func`4 verifySucceeded, TState state, CancellationToken cancellationToken)
   at Microsoft.EntityFrameworkCore.Storage.ExecutionStrategy.ExecuteImplementationAsync[TState,TResult](Func`4 operation, Func`4 verifySucceeded, TState state, CancellationToken cancellationToken)
   at Microsoft.EntityFrameworkCore.Storage.ExecutionStrategy.ExecuteAsync[TState,TResult](TState state, Func`4 operation, Func`4 verifySucceeded, CancellationToken cancellationToken)
   at Microsoft.EntityFrameworkCore.Query.Internal.SingleQueryingEnumerable`1.AsyncEnumerator.MoveNextAsync()
ClientConnectionId:99ec2d0b-0bba-42c0-89be-224a2d8bc143
Error Number:208,State:1,Class:16
Microsoft.Data.SqlClient.SqlException (0x80131904): Invalid object name 'PartyBillRegisters'.
   at Microsoft.Data.SqlClient.SqlCommand.<>c.<ExecuteDbDataReaderAsync>b__211_0(Task`1 result)
   at System.Threading.Tasks.ContinuationResultTaskFromResultTask`2.InnerInvoke()
   at System.Threading.ExecutionContext.RunInternal(ExecutionContext executionContext, ContextCallback callback, Object state)
--- End of stack trace from previous location ---
   at System.Threading.ExecutionContext.RunInternal(ExecutionContext executionContext, ContextCallback callback, Object state)
   at System.Threading.Tasks.Task.ExecuteWithThreadLocal(Task& currentTaskSlot, Thread threadPoolThread)
--- End of stack trace from previous location ---
   at Microsoft.EntityFrameworkCore.Storage.RelationalCommand.ExecuteReaderAsync(RelationalCommandParameterObject parameterObject, CancellationToken cancellationToken)
   at Microsoft.EntityFrameworkCore.Storage.RelationalCommand.ExecuteReaderAsync(RelationalCommandParameterObject parameterObject, CancellationToken cancellationToken)
   at Microsoft.EntityFrameworkCore.Query.Internal.SingleQueryingEnumerable`1.AsyncEnumerator.InitializeReaderAsync(AsyncEnumerator enumerator, CancellationToken cancellationToken)
   at Microsoft.EntityFrameworkCore.Storage.ExecutionStrategy.<>c__DisplayClass30_0`2.<<ExecuteAsync>b__0>d.MoveNext()
--- End of stack trace from previous location ---
   at Microsoft.EntityFrameworkCore.Storage.ExecutionStrategy.ExecuteImplementationAsync[TState,TResult](Func`4 operation, Func`4 verifySucceeded, TState state, CancellationToken cancellationToken)
   at Microsoft.EntityFrameworkCore.Storage.ExecutionStrategy.ExecuteImplementationAsync[TState,TResult](Func`4 operation, Func`4 verifySucceeded, TState state, CancellationToken cancellationToken)
   at Microsoft.EntityFrameworkCore.Storage.ExecutionStrategy.ExecuteAsync[TState,TResult](TState state, Func`4 operation, Func`4 verifySucceeded, CancellationToken cancellationToken)
   at Microsoft.EntityFrameworkCore.Query.Internal.SingleQueryingEnumerable`1.AsyncEnumerator.MoveNextAsync()
ClientConnectionId:99ec2d0b-0bba-42c0-89be-224a2d8bc143
Error Number:208,State:1,Class:16
[2026-07-29 16:47:47 INF]
[Veteran Logistics]
[0.1.0]
[Machine: VVSPL1]
[Thread: 2]

Retrieving eligible loading registers for bill generation with filters - ConsignorId: null, DestinationId: null, FromDate: null, ToDate: null
[2026-07-29 16:47:47 ERR]
[Veteran Logistics]
[0.1.0]
[Machine: VVSPL1]
[Thread: 2]

Failed executing DbCommand (2ms) [Parameters=[], CommandType='"Text"', CommandTimeout='30']
SELECT DISTINCT [p].[LoadingRegisterId]
FROM [PartyBillRegisterDetails] AS [p]
INNER JOIN (
    SELECT [p0].[Id], [p0].[IsActive]
    FROM [PartyBillRegisters] AS [p0]
    WHERE [p0].[IsDeleted] = CAST(0 AS bit)
) AS [t] ON [p].[PartyBillRegisterId] = [t].[Id]
WHERE [p].[IsDeleted] = CAST(0 AS bit) AND [t].[IsActive] = CAST(1 AS bit)
[2026-07-29 16:47:47 ERR]
[Veteran Logistics]
[0.1.0]
[Machine: VVSPL1]
[Thread: 2]

An exception occurred while iterating over the results of a query for context type 'VeteranLogistics.Data.Context.VeteranLogisticsDbContext'.
Microsoft.Data.SqlClient.SqlException (0x80131904): Invalid object name 'PartyBillRegisterDetails'.
   at Microsoft.Data.SqlClient.SqlCommand.<>c.<ExecuteDbDataReaderAsync>b__211_0(Task`1 result)
   at System.Threading.Tasks.ContinuationResultTaskFromResultTask`2.InnerInvoke()
   at System.Threading.ExecutionContext.RunInternal(ExecutionContext executionContext, ContextCallback callback, Object state)
--- End of stack trace from previous location ---
   at System.Threading.ExecutionContext.RunInternal(ExecutionContext executionContext, ContextCallback callback, Object state)
   at System.Threading.Tasks.Task.ExecuteWithThreadLocal(Task& currentTaskSlot, Thread threadPoolThread)
--- End of stack trace from previous location ---
   at Microsoft.EntityFrameworkCore.Storage.RelationalCommand.ExecuteReaderAsync(RelationalCommandParameterObject parameterObject, CancellationToken cancellationToken)
   at Microsoft.EntityFrameworkCore.Storage.RelationalCommand.ExecuteReaderAsync(RelationalCommandParameterObject parameterObject, CancellationToken cancellationToken)
   at Microsoft.EntityFrameworkCore.Query.Internal.SingleQueryingEnumerable`1.AsyncEnumerator.InitializeReaderAsync(AsyncEnumerator enumerator, CancellationToken cancellationToken)
   at Microsoft.EntityFrameworkCore.Storage.ExecutionStrategy.<>c__DisplayClass30_0`2.<<ExecuteAsync>b__0>d.MoveNext()
--- End of stack trace from previous location ---
   at Microsoft.EntityFrameworkCore.Storage.ExecutionStrategy.ExecuteImplementationAsync[TState,TResult](Func`4 operation, Func`4 verifySucceeded, TState state, CancellationToken cancellationToken)
   at Microsoft.EntityFrameworkCore.Storage.ExecutionStrategy.ExecuteImplementationAsync[TState,TResult](Func`4 operation, Func`4 verifySucceeded, TState state, CancellationToken cancellationToken)
   at Microsoft.EntityFrameworkCore.Storage.ExecutionStrategy.ExecuteAsync[TState,TResult](TState state, Func`4 operation, Func`4 verifySucceeded, CancellationToken cancellationToken)
   at Microsoft.EntityFrameworkCore.Query.Internal.SingleQueryingEnumerable`1.AsyncEnumerator.MoveNextAsync()
ClientConnectionId:99ec2d0b-0bba-42c0-89be-224a2d8bc143
Error Number:208,State:1,Class:16
Microsoft.Data.SqlClient.SqlException (0x80131904): Invalid object name 'PartyBillRegisterDetails'.
   at Microsoft.Data.SqlClient.SqlCommand.<>c.<ExecuteDbDataReaderAsync>b__211_0(Task`1 result)
   at System.Threading.Tasks.ContinuationResultTaskFromResultTask`2.InnerInvoke()
   at System.Threading.ExecutionContext.RunInternal(ExecutionContext executionContext, ContextCallback callback, Object state)
--- End of stack trace from previous location ---
   at System.Threading.ExecutionContext.RunInternal(ExecutionContext executionContext, ContextCallback callback, Object state)
   at System.Threading.Tasks.Task.ExecuteWithThreadLocal(Task& currentTaskSlot, Thread threadPoolThread)
--- End of stack trace from previous location ---
   at Microsoft.EntityFrameworkCore.Storage.RelationalCommand.ExecuteReaderAsync(RelationalCommandParameterObject parameterObject, CancellationToken cancellationToken)
   at Microsoft.EntityFrameworkCore.Storage.RelationalCommand.ExecuteReaderAsync(RelationalCommandParameterObject parameterObject, CancellationToken cancellationToken)
   at Microsoft.EntityFrameworkCore.Query.Internal.SingleQueryingEnumerable`1.AsyncEnumerator.InitializeReaderAsync(AsyncEnumerator enumerator, CancellationToken cancellationToken)
   at Microsoft.EntityFrameworkCore.Storage.ExecutionStrategy.<>c__DisplayClass30_0`2.<<ExecuteAsync>b__0>d.MoveNext()
--- End of stack trace from previous location ---
   at Microsoft.EntityFrameworkCore.Storage.ExecutionStrategy.ExecuteImplementationAsync[TState,TResult](Func`4 operation, Func`4 verifySucceeded, TState state, CancellationToken cancellationToken)
   at Microsoft.EntityFrameworkCore.Storage.ExecutionStrategy.ExecuteImplementationAsync[TState,TResult](Func`4 operation, Func`4 verifySucceeded, TState state, CancellationToken cancellationToken)
   at Microsoft.EntityFrameworkCore.Storage.ExecutionStrategy.ExecuteAsync[TState,TResult](TState state, Func`4 operation, Func`4 verifySucceeded, CancellationToken cancellationToken)
   at Microsoft.EntityFrameworkCore.Query.Internal.SingleQueryingEnumerable`1.AsyncEnumerator.MoveNextAsync()
ClientConnectionId:99ec2d0b-0bba-42c0-89be-224a2d8bc143
Error Number:208,State:1,Class:16
[2026-07-29 16:48:14 INF]
[Veteran Logistics]
[0.1.0]
[Machine: VVSPL1]
[Thread: 2]

Retrieving eligible loading registers for bill generation with filters - ConsignorId: null, DestinationId: null, FromDate: null, ToDate: null
[2026-07-29 16:48:14 ERR]
[Veteran Logistics]
[0.1.0]
[Machine: VVSPL1]
[Thread: 2]

Failed executing DbCommand (2ms) [Parameters=[], CommandType='"Text"', CommandTimeout='30']
SELECT DISTINCT [p].[LoadingRegisterId]
FROM [PartyBillRegisterDetails] AS [p]
INNER JOIN (
    SELECT [p0].[Id], [p0].[IsActive]
    FROM [PartyBillRegisters] AS [p0]
    WHERE [p0].[IsDeleted] = CAST(0 AS bit)
) AS [t] ON [p].[PartyBillRegisterId] = [t].[Id]
WHERE [p].[IsDeleted] = CAST(0 AS bit) AND [t].[IsActive] = CAST(1 AS bit)
[2026-07-29 16:48:14 ERR]
[Veteran Logistics]
[0.1.0]
[Machine: VVSPL1]
[Thread: 2]

An exception occurred while iterating over the results of a query for context type 'VeteranLogistics.Data.Context.VeteranLogisticsDbContext'.
Microsoft.Data.SqlClient.SqlException (0x80131904): Invalid object name 'PartyBillRegisterDetails'.
   at Microsoft.Data.SqlClient.SqlCommand.<>c.<ExecuteDbDataReaderAsync>b__211_0(Task`1 result)
   at System.Threading.Tasks.ContinuationResultTaskFromResultTask`2.InnerInvoke()
   at System.Threading.ExecutionContext.RunInternal(ExecutionContext executionContext, ContextCallback callback, Object state)
--- End of stack trace from previous location ---
   at System.Threading.ExecutionContext.RunInternal(ExecutionContext executionContext, ContextCallback callback, Object state)
   at System.Threading.Tasks.Task.ExecuteWithThreadLocal(Task& currentTaskSlot, Thread threadPoolThread)
--- End of stack trace from previous location ---
   at Microsoft.EntityFrameworkCore.Storage.RelationalCommand.ExecuteReaderAsync(RelationalCommandParameterObject parameterObject, CancellationToken cancellationToken)
   at Microsoft.EntityFrameworkCore.Storage.RelationalCommand.ExecuteReaderAsync(RelationalCommandParameterObject parameterObject, CancellationToken cancellationToken)
   at Microsoft.EntityFrameworkCore.Query.Internal.SingleQueryingEnumerable`1.AsyncEnumerator.InitializeReaderAsync(AsyncEnumerator enumerator, CancellationToken cancellationToken)
   at Microsoft.EntityFrameworkCore.Storage.ExecutionStrategy.<>c__DisplayClass30_0`2.<<ExecuteAsync>b__0>d.MoveNext()
--- End of stack trace from previous location ---
   at Microsoft.EntityFrameworkCore.Storage.ExecutionStrategy.ExecuteImplementationAsync[TState,TResult](Func`4 operation, Func`4 verifySucceeded, TState state, CancellationToken cancellationToken)
   at Microsoft.EntityFrameworkCore.Storage.ExecutionStrategy.ExecuteImplementationAsync[TState,TResult](Func`4 operation, Func`4 verifySucceeded, TState state, CancellationToken cancellationToken)
   at Microsoft.EntityFrameworkCore.Storage.ExecutionStrategy.ExecuteAsync[TState,TResult](TState state, Func`4 operation, Func`4 verifySucceeded, CancellationToken cancellationToken)
   at Microsoft.EntityFrameworkCore.Query.Internal.SingleQueryingEnumerable`1.AsyncEnumerator.MoveNextAsync()
ClientConnectionId:99ec2d0b-0bba-42c0-89be-224a2d8bc143
Error Number:208,State:1,Class:16
Microsoft.Data.SqlClient.SqlException (0x80131904): Invalid object name 'PartyBillRegisterDetails'.
   at Microsoft.Data.SqlClient.SqlCommand.<>c.<ExecuteDbDataReaderAsync>b__211_0(Task`1 result)
   at System.Threading.Tasks.ContinuationResultTaskFromResultTask`2.InnerInvoke()
   at System.Threading.ExecutionContext.RunInternal(ExecutionContext executionContext, ContextCallback callback, Object state)
--- End of stack trace from previous location ---
   at System.Threading.ExecutionContext.RunInternal(ExecutionContext executionContext, ContextCallback callback, Object state)
   at System.Threading.Tasks.Task.ExecuteWithThreadLocal(Task& currentTaskSlot, Thread threadPoolThread)
--- End of stack trace from previous location ---
   at Microsoft.EntityFrameworkCore.Storage.RelationalCommand.ExecuteReaderAsync(RelationalCommandParameterObject parameterObject, CancellationToken cancellationToken)
   at Microsoft.EntityFrameworkCore.Storage.RelationalCommand.ExecuteReaderAsync(RelationalCommandParameterObject parameterObject, CancellationToken cancellationToken)
   at Microsoft.EntityFrameworkCore.Query.Internal.SingleQueryingEnumerable`1.AsyncEnumerator.InitializeReaderAsync(AsyncEnumerator enumerator, CancellationToken cancellationToken)
   at Microsoft.EntityFrameworkCore.Storage.ExecutionStrategy.<>c__DisplayClass30_0`2.<<ExecuteAsync>b__0>d.MoveNext()
--- End of stack trace from previous location ---
   at Microsoft.EntityFrameworkCore.Storage.ExecutionStrategy.ExecuteImplementationAsync[TState,TResult](Func`4 operation, Func`4 verifySucceeded, TState state, CancellationToken cancellationToken)
   at Microsoft.EntityFrameworkCore.Storage.ExecutionStrategy.ExecuteImplementationAsync[TState,TResult](Func`4 operation, Func`4 verifySucceeded, TState state, CancellationToken cancellationToken)
   at Microsoft.EntityFrameworkCore.Storage.ExecutionStrategy.ExecuteAsync[TState,TResult](TState state, Func`4 operation, Func`4 verifySucceeded, CancellationToken cancellationToken)
   at Microsoft.EntityFrameworkCore.Query.Internal.SingleQueryingEnumerable`1.AsyncEnumerator.MoveNextAsync()
   at Microsoft.EntityFrameworkCore.EntityFrameworkQueryableExtensions.ToListAsync[TSource](IQueryable`1 source, CancellationToken cancellationToken)
ClientConnectionId:99ec2d0b-0bba-42c0-89be-224a2d8bc143
Error Number:208,State:1,Class:16
[2026-07-29 17:06:28 INF]
[Veteran Logistics]
[0.1.0]
[Machine: VVSPL1]
[Thread: 2]

Retrieving all party bill registers
[2026-07-29 17:06:28 INF]
[Veteran Logistics]
[0.1.0]
[Machine: VVSPL1]
[Thread: 2]

Retrieved 0 party bill registers
[2026-07-29 17:06:28 INF]
[Veteran Logistics]
[0.1.0]
[Machine: VVSPL1]
[Thread: 2]

Retrieving all party bill registers
[2026-07-29 17:06:28 INF]
[Veteran Logistics]
[0.1.0]
[Machine: VVSPL1]
[Thread: 2]

Retrieved 0 party bill registers
[2026-07-29 17:06:30 INF]
[Veteran Logistics]
[0.1.0]
[Machine: VVSPL1]
[Thread: 2]

Retrieving all party bill registers
[2026-07-29 17:06:30 INF]
[Veteran Logistics]
[0.1.0]
[Machine: VVSPL1]
[Thread: 2]

Retrieved 0 party bill registers
[2026-07-29 17:06:30 INF]
[Veteran Logistics]
[0.1.0]
[Machine: VVSPL1]
[Thread: 2]

Retrieving all party bill registers
[2026-07-29 17:06:30 INF]
[Veteran Logistics]
[0.1.0]
[Machine: VVSPL1]
[Thread: 2]

Retrieved 0 party bill registers
[2026-07-29 17:06:30 INF]
[Veteran Logistics]
[0.1.0]
[Machine: VVSPL1]
[Thread: 2]

Retrieving all party bill registers
[2026-07-29 17:06:30 INF]
[Veteran Logistics]
[0.1.0]
[Machine: VVSPL1]
[Thread: 2]

Retrieved 0 party bill registers
[2026-07-29 17:06:31 INF]
[Veteran Logistics]
[0.1.0]
[Machine: VVSPL1]
[Thread: 2]

Retrieving all party bill registers
[2026-07-29 17:06:31 INF]
[Veteran Logistics]
[0.1.0]
[Machine: VVSPL1]
[Thread: 2]

Retrieved 0 party bill registers
[2026-07-29 17:06:31 INF]
[Veteran Logistics]
[0.1.0]
[Machine: VVSPL1]
[Thread: 2]

Retrieving all party bill registers
[2026-07-29 17:06:31 INF]
[Veteran Logistics]
[0.1.0]
[Machine: VVSPL1]
[Thread: 2]

Retrieved 0 party bill registers
[2026-07-29 17:06:31 INF]
[Veteran Logistics]
[0.1.0]
[Machine: VVSPL1]
[Thread: 2]

Retrieving all party bill registers
[2026-07-29 17:06:31 INF]
[Veteran Logistics]
[0.1.0]
[Machine: VVSPL1]
[Thread: 2]

Retrieved 0 party bill registers
[2026-07-29 17:06:33 INF]
[Veteran Logistics]
[0.1.0]
[Machine: VVSPL1]
[Thread: 2]

Getting all source/destinations
[2026-07-29 17:06:33 INF]
[Veteran Logistics]
[0.1.0]
[Machine: VVSPL1]
[Thread: 2]

Retrieved 3 source/destinations
[2026-07-29 17:07:03 INF]
[Veteran Logistics]
[0.1.0]
[Machine: VVSPL1]
[Thread: 2]

Retrieving eligible loading registers for bill generation with filters - ConsignorId: 1, DestinationId: 2, FromDate: "2026-07-01T00:00:00.0000000", ToDate: "2026-07-29T00:00:00.0000000"
[2026-07-29 17:07:03 INF]
[Veteran Logistics]
[0.1.0]
[Machine: VVSPL1]
[Thread: 2]

Retrieved 0 eligible loading registers for bill generation
[2026-07-29 17:07:09 INF]
[Veteran Logistics]
[0.1.0]
[Machine: VVSPL1]
[Thread: 2]

Retrieving eligible loading registers for bill generation with filters - ConsignorId: 1, DestinationId: 2, FromDate: "2026-07-01T00:00:00.0000000", ToDate: "2026-07-29T00:00:00.0000000"
[2026-07-29 17:07:09 INF]
[Veteran Logistics]
[0.1.0]
[Machine: VVSPL1]
[Thread: 2]

Retrieved 0 eligible loading registers for bill generation
[2026-07-29 17:07:09 INF]
[Veteran Logistics]
[0.1.0]
[Machine: VVSPL1]
[Thread: 2]

Retrieving eligible loading registers for bill generation with filters - ConsignorId: 1, DestinationId: 2, FromDate: "2026-07-01T00:00:00.0000000", ToDate: "2026-07-29T00:00:00.0000000"
[2026-07-29 17:07:09 INF]
[Veteran Logistics]
[0.1.0]
[Machine: VVSPL1]
[Thread: 2]

Retrieved 0 eligible loading registers for bill generation
[2026-07-29 17:07:10 INF]
[Veteran Logistics]
[0.1.0]
[Machine: VVSPL1]
[Thread: 2]

Retrieving eligible loading registers for bill generation with filters - ConsignorId: 1, DestinationId: 2, FromDate: "2026-07-01T00:00:00.0000000", ToDate: "2026-07-29T00:00:00.0000000"
[2026-07-29 17:07:10 INF]
[Veteran Logistics]
[0.1.0]
[Machine: VVSPL1]
[Thread: 2]

Retrieved 0 eligible loading registers for bill generation
[2026-07-29 17:07:24 INF]
[Veteran Logistics]
[0.1.0]
[Machine: VVSPL1]
[Thread: 2]

Retrieving eligible loading registers for bill generation with filters - ConsignorId: 1, DestinationId: 2, FromDate: "2026-07-01T00:00:00.0000000", ToDate: "2026-07-29T00:00:00.0000000"
[2026-07-29 17:07:24 INF]
[Veteran Logistics]
[0.1.0]
[Machine: VVSPL1]
[Thread: 2]

Retrieved 0 eligible loading registers for bill generation
[2026-07-29 17:07:24 INF]
[Veteran Logistics]
[0.1.0]
[Machine: VVSPL1]
[Thread: 2]

Retrieving eligible loading registers for bill generation with filters - ConsignorId: 1, DestinationId: 2, FromDate: "2026-07-01T00:00:00.0000000", ToDate: "2026-07-29T00:00:00.0000000"
[2026-07-29 17:07:24 INF]
[Veteran Logistics]
[0.1.0]
[Machine: VVSPL1]
[Thread: 2]

Retrieved 0 eligible loading registers for bill generation
[2026-07-29 17:07:24 INF]
[Veteran Logistics]
[0.1.0]
[Machine: VVSPL1]
[Thread: 2]

Retrieving eligible loading registers for bill generation with filters - ConsignorId: 1, DestinationId: 2, FromDate: "2026-07-01T00:00:00.0000000", ToDate: "2026-07-29T00:00:00.0000000"
[2026-07-29 17:07:24 INF]
[Veteran Logistics]
[0.1.0]
[Machine: VVSPL1]
[Thread: 2]

Retrieved 0 eligible loading registers for bill generation
[2026-07-29 17:07:25 INF]
[Veteran Logistics]
[0.1.0]
[Machine: VVSPL1]
[Thread: 2]

Retrieving eligible loading registers for bill generation with filters - ConsignorId: 1, DestinationId: 2, FromDate: "2026-07-01T00:00:00.0000000", ToDate: "2026-07-29T00:00:00.0000000"
[2026-07-29 17:07:25 INF]
[Veteran Logistics]
[0.1.0]
[Machine: VVSPL1]
[Thread: 2]

Retrieved 0 eligible loading registers for bill generation
[2026-07-29 17:07:25 INF]
[Veteran Logistics]
[0.1.0]
[Machine: VVSPL1]
[Thread: 2]

Retrieving eligible loading registers for bill generation with filters - ConsignorId: 1, DestinationId: 2, FromDate: "2026-07-01T00:00:00.0000000", ToDate: "2026-07-29T00:00:00.0000000"
[2026-07-29 17:07:25 INF]
[Veteran Logistics]
[0.1.0]
[Machine: VVSPL1]
[Thread: 2]

Retrieved 0 eligible loading registers for bill generation
[2026-07-29 17:07:25 INF]
[Veteran Logistics]
[0.1.0]
[Machine: VVSPL1]
[Thread: 2]

Retrieving eligible loading registers for bill generation with filters - ConsignorId: 1, DestinationId: 2, FromDate: "2026-07-01T00:00:00.0000000", ToDate: "2026-07-29T00:00:00.0000000"
[2026-07-29 17:07:25 INF]
[Veteran Logistics]
[0.1.0]
[Machine: VVSPL1]
[Thread: 2]

Retrieved 0 eligible loading registers for bill generation
[2026-07-29 17:07:25 INF]
[Veteran Logistics]
[0.1.0]
[Machine: VVSPL1]
[Thread: 2]

Retrieving eligible loading registers for bill generation with filters - ConsignorId: 1, DestinationId: 2, FromDate: "2026-07-01T00:00:00.0000000", ToDate: "2026-07-29T00:00:00.0000000"
[2026-07-29 17:07:25 INF]
[Veteran Logistics]
[0.1.0]
[Machine: VVSPL1]
[Thread: 2]

Retrieved 0 eligible loading registers for bill generation
[2026-07-29 17:07:25 INF]
[Veteran Logistics]
[0.1.0]
[Machine: VVSPL1]
[Thread: 2]

Retrieving eligible loading registers for bill generation with filters - ConsignorId: 1, DestinationId: 2, FromDate: "2026-07-01T00:00:00.0000000", ToDate: "2026-07-29T00:00:00.0000000"
[2026-07-29 17:07:25 INF]
[Veteran Logistics]
[0.1.0]
[Machine: VVSPL1]
[Thread: 2]

Retrieved 0 eligible loading registers for bill generation
[2026-07-29 17:07:26 INF]
[Veteran Logistics]
[0.1.0]
[Machine: VVSPL1]
[Thread: 2]

Retrieving eligible loading registers for bill generation with filters - ConsignorId: 1, DestinationId: 2, FromDate: "2026-07-01T00:00:00.0000000", ToDate: "2026-07-29T00:00:00.0000000"
[2026-07-29 17:07:26 INF]
[Veteran Logistics]
[0.1.0]
[Machine: VVSPL1]
[Thread: 2]

Retrieved 0 eligible loading registers for bill generation
[2026-07-29 17:07:26 INF]
[Veteran Logistics]
[0.1.0]
[Machine: VVSPL1]
[Thread: 2]

Retrieving eligible loading registers for bill generation with filters - ConsignorId: 1, DestinationId: 2, FromDate: "2026-07-01T00:00:00.0000000", ToDate: "2026-07-29T00:00:00.0000000"
[2026-07-29 17:07:26 INF]
[Veteran Logistics]
[0.1.0]
[Machine: VVSPL1]
[Thread: 2]

Retrieved 0 eligible loading registers for bill generation
[2026-07-29 17:07:26 INF]
[Veteran Logistics]
[0.1.0]
[Machine: VVSPL1]
[Thread: 2]

Retrieving eligible loading registers for bill generation with filters - ConsignorId: 1, DestinationId: 2, FromDate: "2026-07-01T00:00:00.0000000", ToDate: "2026-07-29T00:00:00.0000000"
[2026-07-29 17:07:26 INF]
[Veteran Logistics]
[0.1.0]
[Machine: VVSPL1]
[Thread: 2]

Retrieved 0 eligible loading registers for bill generation
[2026-07-29 17:07:26 INF]
[Veteran Logistics]
[0.1.0]
[Machine: VVSPL1]
[Thread: 2]

Retrieving eligible loading registers for bill generation with filters - ConsignorId: 1, DestinationId: 2, FromDate: "2026-07-01T00:00:00.0000000", ToDate: "2026-07-29T00:00:00.0000000"
[2026-07-29 17:07:26 INF]
[Veteran Logistics]
[0.1.0]
[Machine: VVSPL1]
[Thread: 2]

Retrieved 0 eligible loading registers for bill generation
[2026-07-29 17:07:26 INF]
[Veteran Logistics]
[0.1.0]
[Machine: VVSPL1]
[Thread: 2]

Retrieving eligible loading registers for bill generation with filters - ConsignorId: 1, DestinationId: 2, FromDate: "2026-07-01T00:00:00.0000000", ToDate: "2026-07-29T00:00:00.0000000"
[2026-07-29 17:07:26 INF]
[Veteran Logistics]
[0.1.0]
[Machine: VVSPL1]
[Thread: 2]

Retrieved 0 eligible loading registers for bill generation
[2026-07-29 17:07:27 INF]
[Veteran Logistics]
[0.1.0]
[Machine: VVSPL1]
[Thread: 2]

Retrieving eligible loading registers for bill generation with filters - ConsignorId: 1, DestinationId: 2, FromDate: "2026-07-01T00:00:00.0000000", ToDate: "2026-07-29T00:00:00.0000000"
[2026-07-29 17:07:27 INF]
[Veteran Logistics]
[0.1.0]
[Machine: VVSPL1]
[Thread: 2]

Retrieved 0 eligible loading registers for bill generation
[2026-07-29 17:07:27 INF]
[Veteran Logistics]
[0.1.0]
[Machine: VVSPL1]
[Thread: 2]

Retrieving eligible loading registers for bill generation with filters - ConsignorId: 1, DestinationId: 2, FromDate: "2026-07-01T00:00:00.0000000", ToDate: "2026-07-29T00:00:00.0000000"
[2026-07-29 17:07:27 INF]
[Veteran Logistics]
[0.1.0]
[Machine: VVSPL1]
[Thread: 2]

Retrieved 0 eligible loading registers for bill generation
[2026-07-29 17:07:27 INF]
[Veteran Logistics]
[0.1.0]
[Machine: VVSPL1]
[Thread: 2]

Retrieving eligible loading registers for bill generation with filters - ConsignorId: 1, DestinationId: 2, FromDate: "2026-07-01T00:00:00.0000000", ToDate: "2026-07-29T00:00:00.0000000"
[2026-07-29 17:07:27 INF]
[Veteran Logistics]
[0.1.0]
[Machine: VVSPL1]
[Thread: 2]

Retrieved 0 eligible loading registers for bill generation
[2026-07-29 17:07:27 INF]
[Veteran Logistics]
[0.1.0]
[Machine: VVSPL1]
[Thread: 2]

Retrieving eligible loading registers for bill generation with filters - ConsignorId: 1, DestinationId: 2, FromDate: "2026-07-01T00:00:00.0000000", ToDate: "2026-07-29T00:00:00.0000000"
[2026-07-29 17:07:27 INF]
[Veteran Logistics]
[0.1.0]
[Machine: VVSPL1]
[Thread: 2]

Retrieved 0 eligible loading registers for bill generation
[2026-07-29 17:07:27 INF]
[Veteran Logistics]
[0.1.0]
[Machine: VVSPL1]
[Thread: 2]

Retrieving eligible loading registers for bill generation with filters - ConsignorId: 1, DestinationId: 2, FromDate: "2026-07-01T00:00:00.0000000", ToDate: "2026-07-29T00:00:00.0000000"
[2026-07-29 17:07:27 INF]
[Veteran Logistics]
[0.1.0]
[Machine: VVSPL1]
[Thread: 2]

Retrieved 0 eligible loading registers for bill generation
[2026-07-29 17:07:27 INF]
[Veteran Logistics]
[0.1.0]
[Machine: VVSPL1]
[Thread: 2]

Retrieving eligible loading registers for bill generation with filters - ConsignorId: 1, DestinationId: 2, FromDate: "2026-07-01T00:00:00.0000000", ToDate: "2026-07-29T00:00:00.0000000"
[2026-07-29 17:07:27 INF]
[Veteran Logistics]
[0.1.0]
[Machine: VVSPL1]
[Thread: 2]

Retrieved 0 eligible loading registers for bill generation
[2026-07-29 17:07:28 INF]
[Veteran Logistics]
[0.1.0]
[Machine: VVSPL1]
[Thread: 2]

Retrieving eligible loading registers for bill generation with filters - ConsignorId: 1, DestinationId: 2, FromDate: "2026-07-01T00:00:00.0000000", ToDate: "2026-07-29T00:00:00.0000000"
[2026-07-29 17:07:28 INF]
[Veteran Logistics]
[0.1.0]
[Machine: VVSPL1]
[Thread: 2]

Retrieved 0 eligible loading registers for bill generation
[2026-07-29 17:07:29 INF]
[Veteran Logistics]
[0.1.0]
[Machine: VVSPL1]
[Thread: 2]

Retrieving eligible loading registers for bill generation with filters - ConsignorId: 1, DestinationId: 2, FromDate: "2026-07-01T00:00:00.0000000", ToDate: "2026-07-29T00:00:00.0000000"
[2026-07-29 17:07:29 INF]
[Veteran Logistics]
[0.1.0]
[Machine: VVSPL1]
[Thread: 2]

Retrieved 0 eligible loading registers for bill generation
[2026-07-29 17:07:34 INF]
[Veteran Logistics]
[0.1.0]
[Machine: VVSPL1]
[Thread: 2]

Retrieving eligible loading registers for bill generation with filters - ConsignorId: 1, DestinationId: 2, FromDate: "2026-07-01T00:00:00.0000000", ToDate: "2026-07-29T00:00:00.0000000"
[2026-07-29 17:07:34 INF]
[Veteran Logistics]
[0.1.0]
[Machine: VVSPL1]
[Thread: 2]

Retrieved 0 eligible loading registers for bill generation
[2026-07-29 17:07:34 INF]
[Veteran Logistics]
[0.1.0]
[Machine: VVSPL1]
[Thread: 2]

Retrieving eligible loading registers for bill generation with filters - ConsignorId: 1, DestinationId: 2, FromDate: "2026-07-01T00:00:00.0000000", ToDate: "2026-07-29T00:00:00.0000000"
[2026-07-29 17:07:34 INF]
[Veteran Logistics]
[0.1.0]
[Machine: VVSPL1]
[Thread: 2]

Retrieved 0 eligible loading registers for bill generation
[2026-07-29 17:07:35 INF]
[Veteran Logistics]
[0.1.0]
[Machine: VVSPL1]
[Thread: 2]

Retrieving eligible loading registers for bill generation with filters - ConsignorId: 1, DestinationId: 2, FromDate: "2026-07-01T00:00:00.0000000", ToDate: "2026-07-29T00:00:00.0000000"
[2026-07-29 17:07:35 INF]
[Veteran Logistics]
[0.1.0]
[Machine: VVSPL1]
[Thread: 2]

Retrieved 0 eligible loading registers for bill generation
[2026-07-29 17:07:35 INF]
[Veteran Logistics]
[0.1.0]
[Machine: VVSPL1]
[Thread: 2]

Retrieving eligible loading registers for bill generation with filters - ConsignorId: 1, DestinationId: 2, FromDate: "2026-07-01T00:00:00.0000000", ToDate: "2026-07-29T00:00:00.0000000"
[2026-07-29 17:07:35 INF]
[Veteran Logistics]
[0.1.0]
[Machine: VVSPL1]
[Thread: 2]

Retrieved 0 eligible loading registers for bill generation
[2026-07-29 17:07:36 INF]
[Veteran Logistics]
[0.1.0]
[Machine: VVSPL1]
[Thread: 2]

Retrieving eligible loading registers for bill generation with filters - ConsignorId: 1, DestinationId: 2, FromDate: "2026-07-01T00:00:00.0000000", ToDate: "2026-07-29T00:00:00.0000000"
[2026-07-29 17:07:36 INF]
[Veteran Logistics]
[0.1.0]
[Machine: VVSPL1]
[Thread: 2]

Retrieved 0 eligible loading registers for bill generation
[2026-07-29 17:07:36 INF]
[Veteran Logistics]
[0.1.0]
[Machine: VVSPL1]
[Thread: 2]

Retrieving eligible loading registers for bill generation with filters - ConsignorId: 1, DestinationId: 2, FromDate: "2026-07-01T00:00:00.0000000", ToDate: "2026-07-29T00:00:00.0000000"
[2026-07-29 17:07:36 INF]
[Veteran Logistics]
[0.1.0]
[Machine: VVSPL1]
[Thread: 2]

Retrieved 0 eligible loading registers for bill generation
[2026-07-29 17:07:36 INF]
[Veteran Logistics]
[0.1.0]
[Machine: VVSPL1]
[Thread: 2]

Retrieving eligible loading registers for bill generation with filters - ConsignorId: 1, DestinationId: 2, FromDate: "2026-07-01T00:00:00.0000000", ToDate: "2026-07-29T00:00:00.0000000"
[2026-07-29 17:07:36 INF]
[Veteran Logistics]
[0.1.0]
[Machine: VVSPL1]
[Thread: 2]

Retrieved 0 eligible loading registers for bill generation
[2026-07-29 17:07:36 INF]
[Veteran Logistics]
[0.1.0]
[Machine: VVSPL1]
[Thread: 2]

Retrieving eligible loading registers for bill generation with filters - ConsignorId: 1, DestinationId: 2, FromDate: "2026-07-01T00:00:00.0000000", ToDate: "2026-07-29T00:00:00.0000000"
[2026-07-29 17:07:36 INF]
[Veteran Logistics]
[0.1.0]
[Machine: VVSPL1]
[Thread: 2]

Retrieved 0 eligible loading registers for bill generation
[2026-07-29 17:07:53 INF]
[Veteran Logistics]
[0.1.0]
[Machine: VVSPL1]
[Thread: 2]

Retrieving eligible loading registers for bill generation with filters - ConsignorId: 1, DestinationId: 2, FromDate: "2026-07-01T00:00:00.0000000", ToDate: "2026-07-29T00:00:00.0000000"
[2026-07-29 17:07:53 INF]
[Veteran Logistics]
[0.1.0]
[Machine: VVSPL1]
[Thread: 2]

Retrieved 0 eligible loading registers for bill generation
[2026-07-29 17:08:02 INF]
[Veteran Logistics]
[0.1.0]
[Machine: VVSPL1]
[Thread: 2]

Retrieving eligible loading registers for bill generation with filters - ConsignorId: 1, DestinationId: 2, FromDate: "2026-07-01T00:00:00.0000000", ToDate: "2026-07-29T00:00:00.0000000"
[2026-07-29 17:08:02 INF]
[Veteran Logistics]
[0.1.0]
[Machine: VVSPL1]
[Thread: 2]

Retrieved 0 eligible loading registers for bill generation
[2026-07-29 17:08:05 INF]
[Veteran Logistics]
[0.1.0]
[Machine: VVSPL1]
[Thread: 2]

Retrieving all party bill registers
[2026-07-29 17:08:05 INF]
[Veteran Logistics]
[0.1.0]
[Machine: VVSPL1]
[Thread: 2]

Retrieved 0 party bill registers
[2026-07-29 17:09:14 INF]
[Veteran Logistics]
[0.1.0]
[Machine: VVSPL1]
[Thread: 2]

Getting all source/destinations
[2026-07-29 17:09:14 INF]
[Veteran Logistics]
[0.1.0]
[Machine: VVSPL1]
[Thread: 2]

Retrieved 3 source/destinations
[2026-07-29 17:09:14 INF]
[Veteran Logistics]
[0.1.0]
[Machine: VVSPL1]
[Thread: 2]

Retrieved 3 materials
[2026-07-29 17:09:14 INF]
[Veteran Logistics]
[0.1.0]
[Machine: VVSPL1]
[Thread: 2]

Retrieved 3 payment locations
[2026-07-29 17:09:24 INF]
[Veteran Logistics]
[0.1.0]
[Machine: VVSPL1]
[Thread: 2]

Retrieving all party bill registers
[2026-07-29 17:09:24 INF]
[Veteran Logistics]
[0.1.0]
[Machine: VVSPL1]
[Thread: 2]

Retrieved 0 party bill registers
[2026-07-29 17:09:24 INF]
[Veteran Logistics]
[0.1.0]
[Machine: VVSPL1]
[Thread: 2]

Retrieving all party bill registers
[2026-07-29 17:09:24 INF]
[Veteran Logistics]
[0.1.0]
[Machine: VVSPL1]
[Thread: 2]

Retrieved 0 party bill registers
[2026-07-29 17:09:26 INF]
[Veteran Logistics]
[0.1.0]
[Machine: VVSPL1]
[Thread: 2]

Getting all source/destinations
[2026-07-29 17:09:26 INF]
[Veteran Logistics]
[0.1.0]
[Machine: VVSPL1]
[Thread: 2]

Retrieved 3 source/destinations
[2026-07-29 17:09:42 INF]
[Veteran Logistics]
[0.1.0]
[Machine: VVSPL1]
[Thread: 2]

Retrieving eligible loading registers for bill generation with filters - ConsignorId: 1, DestinationId: 3, FromDate: "2026-07-01T00:00:00.0000000", ToDate: "2026-07-29T00:00:00.0000000"
[2026-07-29 17:09:42 INF]
[Veteran Logistics]
[0.1.0]
[Machine: VVSPL1]
[Thread: 2]

Retrieved 0 eligible loading registers for bill generation
[2026-07-29 17:09:44 INF]
[Veteran Logistics]
[0.1.0]
[Machine: VVSPL1]
[Thread: 2]

Retrieving eligible loading registers for bill generation with filters - ConsignorId: 1, DestinationId: 3, FromDate: "2026-07-01T00:00:00.0000000", ToDate: "2026-07-29T00:00:00.0000000"
[2026-07-29 17:09:44 INF]
[Veteran Logistics]
[0.1.0]
[Machine: VVSPL1]
[Thread: 2]

Retrieved 0 eligible loading registers for bill generation
[2026-07-29 17:09:45 INF]
[Veteran Logistics]
[0.1.0]
[Machine: VVSPL1]
[Thread: 2]

Retrieving eligible loading registers for bill generation with filters - ConsignorId: 1, DestinationId: 3, FromDate: "2026-07-01T00:00:00.0000000", ToDate: "2026-07-29T00:00:00.0000000"
[2026-07-29 17:09:45 INF]
[Veteran Logistics]
[0.1.0]
[Machine: VVSPL1]
[Thread: 2]

Retrieved 0 eligible loading registers for bill generation
[2026-07-29 17:09:45 INF]
[Veteran Logistics]
[0.1.0]
[Machine: VVSPL1]
[Thread: 2]

Retrieving eligible loading registers for bill generation with filters - ConsignorId: 1, DestinationId: 3, FromDate: "2026-07-01T00:00:00.0000000", ToDate: "2026-07-29T00:00:00.0000000"
[2026-07-29 17:09:45 INF]
[Veteran Logistics]
[0.1.0]
[Machine: VVSPL1]
[Thread: 2]

Retrieved 0 eligible loading registers for bill generation
[2026-07-29 17:09:45 INF]
[Veteran Logistics]
[0.1.0]
[Machine: VVSPL1]
[Thread: 2]

Retrieving eligible loading registers for bill generation with filters - ConsignorId: 1, DestinationId: 3, FromDate: "2026-07-01T00:00:00.0000000", ToDate: "2026-07-29T00:00:00.0000000"
[2026-07-29 17:09:45 INF]
[Veteran Logistics]
[0.1.0]
[Machine: VVSPL1]
[Thread: 2]

Retrieved 0 eligible loading registers for bill generation
[2026-07-29 17:09:47 INF]
[Veteran Logistics]
[0.1.0]
[Machine: VVSPL1]
[Thread: 2]

Retrieving eligible loading registers for bill generation with filters - ConsignorId: 1, DestinationId: 1, FromDate: "2026-07-01T00:00:00.0000000", ToDate: "2026-07-29T00:00:00.0000000"
[2026-07-29 17:09:47 INF]
[Veteran Logistics]
[0.1.0]
[Machine: VVSPL1]
[Thread: 2]

Retrieved 1 eligible loading registers for bill generation
[2026-07-29 17:10:07 INF]
[Veteran Logistics]
[0.1.0]
[Machine: VVSPL1]
[Thread: 2]

Retrieving eligible loading registers for bill generation with filters - ConsignorId: 1, DestinationId: 3, FromDate: "2026-07-01T00:00:00.0000000", ToDate: "2026-07-29T00:00:00.0000000"
[2026-07-29 17:10:07 INF]
[Veteran Logistics]
[0.1.0]
[Machine: VVSPL1]
[Thread: 2]

Retrieved 0 eligible loading registers for bill generation
[2026-07-29 17:10:09 INF]
[Veteran Logistics]
[0.1.0]
[Machine: VVSPL1]
[Thread: 2]

Retrieving eligible loading registers for bill generation with filters - ConsignorId: 1, DestinationId: 2, FromDate: "2026-07-01T00:00:00.0000000", ToDate: "2026-07-29T00:00:00.0000000"
[2026-07-29 17:10:09 INF]
[Veteran Logistics]
[0.1.0]
[Machine: VVSPL1]
[Thread: 2]

Retrieved 0 eligible loading registers for bill generation
[2026-07-29 17:10:16 INF]
[Veteran Logistics]
[0.1.0]
[Machine: VVSPL1]
[Thread: 2]

Retrieving eligible loading registers for bill generation with filters - ConsignorId: 2, DestinationId: 1, FromDate: "2026-07-01T00:00:00.0000000", ToDate: "2026-07-29T00:00:00.0000000"
[2026-07-29 17:10:16 INF]
[Veteran Logistics]
[0.1.0]
[Machine: VVSPL1]
[Thread: 2]

Retrieved 0 eligible loading registers for bill generation
[2026-07-29 17:10:18 INF]
[Veteran Logistics]
[0.1.0]
[Machine: VVSPL1]
[Thread: 2]

Retrieving eligible loading registers for bill generation with filters - ConsignorId: 2, DestinationId: 3, FromDate: "2026-07-01T00:00:00.0000000", ToDate: "2026-07-29T00:00:00.0000000"
[2026-07-29 17:10:18 INF]
[Veteran Logistics]
[0.1.0]
[Machine: VVSPL1]
[Thread: 2]

Retrieved 1 eligible loading registers for bill generation
[2026-07-29 17:47:13 INF]
[Veteran Logistics]
[0.1.0]
[Machine: VVSPL1]
[Thread: 2]

Retrieving all party bill registers
[2026-07-29 17:47:13 INF]
[Veteran Logistics]
[0.1.0]
[Machine: VVSPL1]
[Thread: 2]

Retrieved 0 party bill registers
[2026-07-29 17:47:13 INF]
[Veteran Logistics]
[0.1.0]
[Machine: VVSPL1]
[Thread: 2]

Retrieving all party bill registers
[2026-07-29 17:47:13 INF]
[Veteran Logistics]
[0.1.0]
[Machine: VVSPL1]
[Thread: 2]

Retrieved 0 party bill registers
[2026-07-29 17:47:15 INF]
[Veteran Logistics]
[0.1.0]
[Machine: VVSPL1]
[Thread: 2]

Getting all source/destinations
[2026-07-29 17:47:15 INF]
[Veteran Logistics]
[0.1.0]
[Machine: VVSPL1]
[Thread: 2]

Retrieved 3 source/destinations
[2026-07-29 17:48:44 INF]
[Veteran Logistics]
[0.1.0]
[Machine: VVSPL1]
[Thread: 2]

Retrieving eligible loading registers for bill generation with filters - ConsignorId: 2, DestinationId: 1, FromDate: null, ToDate: null
[2026-07-29 17:48:44 INF]
[Veteran Logistics]
[0.1.0]
[Machine: VVSPL1]
[Thread: 2]

Retrieved 0 eligible loading registers for bill generation
[2026-07-29 17:48:46 INF]
[Veteran Logistics]
[0.1.0]
[Machine: VVSPL1]
[Thread: 2]

Retrieving eligible loading registers for bill generation with filters - ConsignorId: 2, DestinationId: 1, FromDate: null, ToDate: null
[2026-07-29 17:48:46 INF]
[Veteran Logistics]
[0.1.0]
[Machine: VVSPL1]
[Thread: 2]

Retrieved 0 eligible loading registers for bill generation
[2026-07-29 17:48:46 INF]
[Veteran Logistics]
[0.1.0]
[Machine: VVSPL1]
[Thread: 2]

Retrieving eligible loading registers for bill generation with filters - ConsignorId: 2, DestinationId: 1, FromDate: null, ToDate: null
[2026-07-29 17:48:46 INF]
[Veteran Logistics]
[0.1.0]
[Machine: VVSPL1]
[Thread: 2]

Retrieved 0 eligible loading registers for bill generation
[2026-07-29 17:49:01 INF]
[Veteran Logistics]
[0.1.0]
[Machine: VVSPL1]
[Thread: 2]

Retrieving all party bill registers
[2026-07-29 17:49:01 INF]
[Veteran Logistics]
[0.1.0]
[Machine: VVSPL1]
[Thread: 2]

Retrieved 0 party bill registers
[2026-07-29 17:55:20 INF]
[Veteran Logistics]
[0.1.0]
[Machine: VVSPL1]
[Thread: 2]

Retrieving all party bill registers
[2026-07-29 17:55:20 INF]
[Veteran Logistics]
[0.1.0]
[Machine: VVSPL1]
[Thread: 2]

Retrieved 0 party bill registers
[2026-07-29 17:55:20 INF]
[Veteran Logistics]
[0.1.0]
[Machine: VVSPL1]
[Thread: 2]

Retrieving all party bill registers
[2026-07-29 17:55:20 INF]
[Veteran Logistics]
[0.1.0]
[Machine: VVSPL1]
[Thread: 2]

Retrieved 0 party bill registers
[2026-07-29 17:55:22 INF]
[Veteran Logistics]
[0.1.0]
[Machine: VVSPL1]
[Thread: 2]

Getting all source/destinations
[2026-07-29 17:55:22 INF]
[Veteran Logistics]
[0.1.0]
[Machine: VVSPL1]
[Thread: 2]

Retrieved 3 source/destinations
[2026-07-29 17:55:48 INF]
[Veteran Logistics]
[0.1.0]
[Machine: VVSPL1]
[Thread: 2]

Retrieving eligible loading registers for bill generation with filters - ConsignorId: 2, DestinationId: 1, FromDate: null, ToDate: null
[2026-07-29 17:55:48 INF]
[Veteran Logistics]
[0.1.0]
[Machine: VVSPL1]
[Thread: 2]

Retrieved 0 eligible loading registers for bill generation
[2026-07-29 17:55:50 INF]
[Veteran Logistics]
[0.1.0]
[Machine: VVSPL1]
[Thread: 2]

Retrieving eligible loading registers for bill generation with filters - ConsignorId: 2, DestinationId: 3, FromDate: null, ToDate: null
[2026-07-29 17:55:50 INF]
[Veteran Logistics]
[0.1.0]
[Machine: VVSPL1]
[Thread: 2]

Retrieved 1 eligible loading registers for bill generation
[2026-07-29 17:56:25 INF]
[Veteran Logistics]
[0.1.0]
[Machine: VVSPL1]
[Thread: 2]

Creating party bill register for party ID: 1
[2026-07-29 17:56:25 INF]
[Veteran Logistics]
[0.1.0]
[Machine: VVSPL1]
[Thread: 2]

Successfully created party bill register with ID: 1 and Bill Number: b123
[2026-07-29 17:56:25 INF]
[Veteran Logistics]
[0.1.0]
[Machine: VVSPL1]
[Thread: 2]

Retrieving all party bill registers
[2026-07-29 17:56:25 INF]
[Veteran Logistics]
[0.1.0]
[Machine: VVSPL1]
[Thread: 2]

Retrieved 1 party bill registers
